bodyDV,footDV
"أَصْلُ السُّنَّةِ وَاعْتِقَادُ الدِِّيْنِ
وَهُوَ الْمَعْرُوْفُ بـِ
«عَقِيْدَةِ الرَّازِيَّيْنِ»
ސުންނަތުގެ އަޞްލު އަދި ދީނުގެ އިޢުތިޤާދު
އަދި މަޝްހޫރުވެފައިވަނީ «ދެރާޒީގެ ޢަޤީދާ» މިނަމުން

الْإِمَامُ أَبُو مُحَمَّدٍ عَبْدُ الرَّحْمَنِ بْنُ أَبِي حَاتِمٍ الرَّازِيّ
އަލް-އިމާމު އަބޫ މުޙައްމަދު
ޢަބްދުއް-ރަޙްމާނު ބްނު އަބީ ޙާތިމް އައް-ރާޒީ
رَحِمَهُ اللهُ (އަވަހާރަވީ: 327ހ)

ތަރުޖަމާކުރީ:
أَبُو مُحَمَّدٍ عَبْدُ اللَّهِ شَادُ الْمَالْدِيْفِيْ
އަބޫ މުޙައްމަދު ޢަބްދު ﷲ ޝާދު އަލް-މާލްދީފީ",
"# މުއައްލިފުގެ ކުރު ތަޢާރަފެއް
އެބޭފުޅާއަކީ އަލް-އިމާމު އަލް-ޙާފިޡު އަބޫ މުޙައްމަދު ޢަބްދުއް-ރަޙްމާނު ބްނު މުޙައްމަދު ބްނު އިދްރީސު ބްނު އަލް-މުންޛިރު ބްނު ދާވޫދު އަލް-ޙަންޡަލީ އައް-ރާޒީއެވެ. މަޝްހޫރުވެފައިވަނީ އިބްނު އަބީ ޙާތިމްގެ ނަމުންނެވެ. އުފަންވެވަޑައިގަތީ 240ހ ވަނަ އަހަރުއެވެ. އެބޭފުޅާގެ ބައްޕާފުޅާއެކު ޢިލްމު ހޯއްދެވުމަށް ދަތުރުކުރެއްވިއެވެ. އަދި ޢިލްމުހޯއްދެވުމަށް އިސްކަންދެއްވިލެއް ބޮޑުކަމުގެ ސަބަބުން، އެބޭފުޅާގެ ބައްޕާފުޅު އަބޫ ޙާތިމް އާ 3000 ސުވާލުކުރެއްވިކަމަށް ވެއެވެ. އެބޭފުޅާ ޢިލްމު ހޯއްދެވި ޝެއިޚުން ގިނަކަމުން ގުނާ ޢަދަދު ނުކުރެވެއެވެ. އަދި އެތަކެއް ފޮތްތަކެއް ފިޤުހުގައާއި ތަފްސީރުގައާއި ޙަދީޘް ޢިލްމުގައާއި ޖަރްޙު ވައް-ތަޢްދީލުގެ ޢިލްމުގައި ލިޔުއްވިއެވެ. އަވަހާރަވީ މުޙައްރަމު މަހުގެ 327ހ ވަނަ އަހަރުއެވެ. އޭރު ޢުމުރުފުޅުން 87 އަހަރެވެ.
",
"# ދެރާޒީ އަކީ ކޮން ދެބޭކަލުންނެއް؟
މިޢަޤީދާ ނިސްބަތްވަނީ، ޚުރާސާނުގެ ދެއިމާމުން ކަމުގައިވާ އަބޫ ޙާތިމް އައް-ރާޒީ އާއި އަބޫ ޒުރްޢާ އައް-ރާޒީއަށެވެ. ރާޒީ ކިޔުނީ އެދެބޭފުޅުން ނިސްބަތްވާ ރަށްކަމުގައިވާ އައް-ރައްޔުއަށް ނިސްބަތްކޮށެވެ. އަބޫ ޙާތިމްގެ ފުރިހަމަ ނަންފުޅަކީ: މުޙައްމަދު ބްނު އިދްރީސް އަލް-ޙަންޡަލީ އައް-ރާޒީއެވެ. އެބޭފުޅާ އަވަހާރަވީ 277ހ ގައެވެ. އަދި އަބޫ ޒުރްޢާގެ ފުރިހަމަ ނަންފުޅަކީ: ޢުބައިދު ﷲ ބްނު ޢަބްދުލް-ކަރީމް އައް-ރާޒީއެވެ. އެބޭފުޅާ އަވަހާރަވީ 264ހ ގައެވެ. އަދި އަބޫ ޒުރްޢާ އަކީ، އަބޫ ޙާތިމްގެ ބޮޑުދައިތާފުޅުގެ ދަރިކަލެކެވެ. އެބަހީ އެދެބޭކަލުންނަކީ ދެބެންގެ ދެދަރިބޭކަލުންނެވެ. މިފޮތް ލިޔުއްވީ އަބޫ ޙާތިމްގެ ދަރިކަލުން އިބްނު އަބީ ޙާތިމްއެވެ. މިޢަޤީދާއަކީ، ސަލަފުންނާއި އަހްލު-އްސުންނާ ވަލް-ޖަމާޢަތުގެ ޢަޤީދާކަމުންނާއި، މިޢަޤީދާ ރިވާވެގެން އައިސްފައިވަނީ އެދެބޭކަލުންގެ އަރިހުންކަމުން، މިފޮތް މަޝްހޫރުވެފައިވަނީ ދެރާޒީންގެ ޢަޤީދާގެ ނަމުންނެވެ.
",
"بِسمِ الله الرَّحمَنِ الرَّحِيم

قَالَ الإمَامُ أَبُو مُحَمَّدٍ عَبْدُ الرَّحْمَنِ بْنُ أَبِي حَاتِمٍ:
«سَأَلْتُ أَبِي وَأَبَا زُرْعَةَ رَحِمَهُمَا اللَّهُ عَنْ مَذَاهِبِ أَهْلِ السُّنَّةِ فِي أُصُولِ الدِّينِ؟ وَمَا أَدْرَكَا عَلَيْهِ الْعُلَمَاءَ فِي جَمِيعِ الْأَمْصَارِ؟ وَمَا يَعْتَقِدَانِ مِنْ ذَلِكَ؟
فَقَالَا: «أَدْرَكْنَا الْعُلَمَاءَ فِي جَمِيعِ الْأَمْصَارِ حِجَازًا وَعِرَاقًا وَشَامًا وَيَمَنًا فَكَانَ مِنْ مَذْهَبِهِم: 
އަލް-އިމާމް އަބޫ މުޙައްމަދު ޢަބްދުއް-ރަޙްމާނު ބްނު އަބީ ޙާތިމް ވިދާޅުވިއެވެ: އަހުރެން، އަހުރެންގެ ބައްޕާފުޅާއި އަދި އަބޫ ޒުރްޢާ رَحِمَهُمَا اللَّهُ އަރިހުން ދީނުގެ އުޞޫލުތަކުގައި އަހުލުއް-ސުންނާގެ ބޭކަލުންގެ މަޛްހަބުތަކާ ބެހޭގޮތުންނާއި އަދި އެދެބޭފުޅުން އެކަމެއްގެ މަތީ ތިއްބެވި އެންމެހާ ރަށްތަކުގެ ޢިލްމުވެރިން ތިއްބެވިކަމަކީ ކޮބައިތޯއާއި އަދި އެކަމުގައި އެދެބޭފުޅުން ޢަޤީދާއެއްގޮތުގައި ބައްލަވާކަމަކީ ކޮބައިތޯއާ މެދުގައި ސުވާލުކުރީމެވެ.
ދެންފަހެ އެދެބޭފުޅުން ވިދާޅުވިއެވެ: އަހުރެމެންނާ އެންމެހާ ރަށްތަކެއްގެ ޢިލްމުވެރިންނާ ބައްދަލުވިއެވެ. އެއީ ޙިޖާޒުކަރައިންނާއި ޢިރާޤުންނާއި މިޞްރުންނާއި ޝާމްކަރައިންނާއި ޔަމަނުކަރައިންނެވެ. ފަހެ އެއެންމެ ބޭކަލުންގެ މަޛްހަބުތަކުގެ ތެރެއިންވީ: ",
"
1-	أَنَّ الْإِيمَانَ: قَوْلٌ وَعَمَلٌ، يَزِيدُ وَيَنْقُصُ.
އީމާންކަމަކީ: ދުލުން ބުނާ ބަހާއި އަދި ޢަމަލެވެ. އެއިތުރުވެ އެދަށްވެއެވެ.",
"
2-	وَالْقُرْآنُ: كَلَامُ اللَّهِ غَيْرُ مَخْلُوقٍ بِجَمِيعِ جِهَاتِهِ.
އަދި ޤުރްއާނަކީ: ﷲ ބާވާލެއްވި އެކަލާނގެ ކަލާމްފުޅެވެ. އެއީ އޭގެ އެއްވެސް ގޮތަކުން މަޚުލޫޤެއް ނޫނެވެ. 
",
"
3-	وَالْقَدَرُ خَيْرُهُ وَشَرُّهُ: مِنَ اللَّهِ عَزَّ وَجَلَّ.
އަދި ހެޔޮމިންވަރާއި ނުބައިމިންވަރަކީ: ﷲ عَزَّ وَجَلَّ ގެ ޙަޟްރަތުންވާ ކަންތައްތަކެކެވެ.
",
"
4-	وَخَيْرُ هَذِهِ الْأُمَّةِ بَعْدَ نَبِيِّهَا عَلَيْهِ الصَّلَاةُ وَالسَّلَامُ: أَبُو بَكْرٍ الصِّدِّيقُ، ثُمَّ عُمَرُ بْنُ الْخَطَّابِ الفَارُوق، ثُمَّ عُثْمَانُ بْنُ عَفَّانَ، ثُمَّ عَلِيُّ بْنُ أَبِي طَالِبٍ رَضِيَ اللَّهُ عَنْهُم، وَهُمُ الْخُلَفَاءُ الرَّاشِدُونَ الْمَهْدِيُّونَ رَضِيَ اللَّهُ عَنْهُم.
އަދި މިއުންމަތުގެ ސަލާމާއި ޞަލަވާތްލެއްވި ނަބިއްޔާ އަށްފަހުގައި އެންމެ ހެޔޮވެގެންވާ މީހަކީ އަބޫބަކުރުއް-ޞިއްދީޤެވެ. ދެން އެއަށްފަހު ޢުމަރު ބްނު އަލް-ޚައްޠާބް އަލް-ފާރޫޤުއެވެ. ދެން އެއަށްފަހު ޢުޘްމާނު ބްނު ޢައްފާންއެވެ. ދެން އެއަށްފަހު ޢަލީ ބްނު އަބީ ޠާލިބްއެވެ. ﷲ އެއެންމެހާ ބޭކަލުންނަށް ރުއްސުންލައްވާށިއެވެ. އަދި އެއެންމެހާ ބޭކަލުންނަކީ ތެދުމަގު ލިބިގެންވާ (ތެދުމަގު ދައްކަނިވި) ޚުލަފާއުއް-ރާޝިދޫންގެ ބޭކަލުންނެވެ. رَضِيَ اللَّهُ عَنْهُم.
",
"
5-	وَأَنَّ الْعَشَرَةَ الَّذِينَ سَمَّاهُمْ رَسُولُ اللَّهِ صَلَّى اللهُ عَلَيْهِ وَسَلَّمَ وَشَهِدَ لَهُمْ بِالْجَنَّةِ: عَلَى مَا شَهِدَ بِهِ رَسُولُ اللَّهِ صَلَّى اللهُ عَلَيْهِ وَسَلَّمَ، وَقَوْلُهُ الْحَقُّ.
އަދި ﷲ ގެ ރަސޫލާ ނަންގެންނެވި 10 ބޭކަލުންނާއި އެބޭކަލުންނަށް ޖަންނަތު ހެކިކުރެއްވިކަން: އެފަދައިން ﷲ ގެ ރަސޫލާ ހެކިވެވަޑައިގެންނެވިކަމަށް ހެކިވުމެވެ. އަދި އެކަލޭގެފާނުގެ ބަސްފުޅަކީ ޙައްޤުބަހެވެ.
",
"
6-	وَالتَّرَحُّمُ عَلَى جَمِيعِ أَصْحَابِ مُحَمَّدٍ صَلَّى اللهُ عَلَيْهِ وَسَلَّمَ وَالْكَفُّ عَمَّا شَجَرَ بَيْنَهُمْ.
އަދި މުޙައްމަދުގެފާނު صَلَّى اللهُ عَلَيْهِ وَسَلَّمَ ގެ އެންމެހާ އަޞްޙާބު ބޭކަލުންނަށް ރަޙުމަތްލެއްވުން އެދި ދުޢާކުރުމެވެ. އަދި އެބޭކަލުން ދެމެދު ހިނގައިދިޔަ ކަންތައްތަކާ މެދު ހަނުހުރުމެވެ.
",
"
7-	وَأَنَّ اللَّهَ عَزَّ وَجَلَّ عَلَى عَرْشِهِ بَائِنٌ مِنْ خَلْقِهِ؛ كَمَا وَصَفَ نَفْسَهُ فِي كِتَابِهِ، وَعَلَى لِسَانِ رَسُولِهِ صَلَّى اللهُ عَلَيْهِ وَسَلَّمَ؛ بِلَا كَيْفٍ.
އަދި ﷲ عَزَّ وَجَلَّ ވޮޑިގެންވަނީ ޢަރުޝި މަތީގައި ކަމަށާއި، އެކަލާނގެ ވަނީ ޚަލްޤުތަކުންނާ ވަކިވެގެންކަމަށެވެ. އެއީ އެފަދައިން އެކަލާނގެ ފޮތުގައި ޞިފަކުރެއްވި ފަދައިންނެވެ. އަދި އެކަލާނގެ ރަސޫލާ صَلَّى اللهُ عَلَيْهِ وَسَلَّمَ ގެ ދޫފުޅު މަތިން ޙަދީޘްކުރެއްވި ފަދައިންނެވެ. އެއީ އެއްވެސް ކައިފިއްޔަތަކާ (ޙާލަތާއި ޞިފަ ނުވަތަ ގޮތް ކިޔުމަކާ) ނުލައެވެ.
أَحَاطَ بِكُلِّ شَيْءٍ عِلْمًا؛ ﵟلَيۡسَ كَمِثۡلِهِۦ شَيۡءٞۖ وَهُوَ ٱلسَّمِيعُ ٱلۡبَصِيرُ ١١ﵞ ﵝالشُّورَى : ﵑﵑﵜ
އެކަލާނގެ ޢިލްމުފުޅު، ހުރިހާ އެއްޗެއްގެ ވަށައިގެންވާކަމެވެ. ﵟلَيۡسَ كَمِثۡلِهِۦ شَيۡءٞۖ وَهُوَ ٱلسَّمِيعُ ٱلۡبَصِيرُ ١١ﵞ
މާނައީ: އެކަލާނގެއާ އެއްފަދަ އެއްވެސް އެއްޗެއް ނުވެތެވެ. އަދި އެކަލާނގެއީ، މޮޅަށް އައްސަވާވޮޑިގެންވާ، މޮޅަށް ބައްލަވާވޮޑިގެންވާ ރަސްކަލާނގެއެވެ.
",
"
8-	وَاللهُ تَبَارَكَ وَتَعَالَى يُرَى فِي الْآخِرَةِ، يَرَاهُ أَهْلُ الْجَنَّةِ بِأَبْصَارِهِمْ وَيَسْمَعُونَ كَلَامَهُ كَيْفَ شَاءَ وَكَمَا شَاءَ.
އަދި ﷲ تَبَارَكَ وَتَعَالَى އާޚިރަތް ދުވަހުގައި ހަމަލޮލަށް ފެންނާނެތެވެ. އަދި ޖަންނަތުގެ އަހުލުވެރިން އެބައިމީހުންގެ ލޯތަކުން އެކަލާނގެ ދެކޭނެތެވެ. އަދި އެކަލާނގެ ވަޙީ ބަސްފުޅު އަޑު އިވޭނެތެވެ. އެއީ އެކަލާނގެ އިރާދަކުރެއްވި ކޮންމެ ގޮތަކަށް އަދި އެއިލާހު އިރާދަކުރެއްވި ފަދައަކުންނެވެ.
",
"
9-	وَالْجَنَّةُ حَقٌّ، وَالنَّارُ حَقٌّ؛ وَهُمَا مَخْلُوقَانِ، لَا يَفْنَيَانِ أَبَدًا، فَالْجَنَّةُ ثَوَابٌ لِأَوْلِيَائِهِ، وَالنَّارُ عِقَابٌ لِأَهْلِ مَعْصِيَتِهِ؛ إِلَّا مَنْ رَحِمَ اللَّهُ عَزَّ وَجَلَّ.
އަދި ޖަންނަތަކީ ޙައްޤު ތެދުކަމެވެ. އަދި ނަރަކައަކީ ޙައްޤު ތެދުކަމެވެ. އަދި އެދޭއްޗަކީ ޚަލްޤުކުރެވި އުފެއްދެވިގެންވާ ދެއެއްޗެކެވެ. އެދޭތި ދުވަހަކުވެސް ފަނާވެގެންނުދާނެތެވެ. އަދި ޖަންނަތަކީ ﷲ ގެ އައުލިޔާއިންނަށް ދެއްވޭ ދަރުމައެކެވެ. އަދި ނަރަކައަކީ ﷲ ގެ އުރެދުންތެރިންނަށް ދެއްވޭ ޢުޤޫބާތެކެވެ. އެއީ ﷲ  عَزَّ وَجَلَّ ރަޙުމުކުރެއްވި މީހަކު ފިޔަވައެވެ.
",
"
10-	وَالصِّرَاطُ حَقٌّ.
އަދި ޞިރާތު މަގަކީ ޙައްޤު ތެދުކަމެވެ.
",
"
11-	وَالْمِيزَانُ حَقٌّ، لَهُ كِفَّتَانِ، تُوزَنُ فِيهِ أَعْمَالُ الْعِبَادِ حَسَنُهَا وَسَيِّئُهَا حَقٌّ.
އަދި މީޒާނަކީ ޙައްޤު ތެދުކަމެވެ. އެޔަށް ދެތިލަފަތް ވެއެވެ. އެތިލަފަތުގައި އަޅުތަކުންގެ ހެޔޮޢަމަލާއި ނުބައި ޢަމަލު މިނެކިރެއެވެ. (އެއީ) ޙައްޤެވެ. 
",
"
12-	وَالْحَوْضُ الْمُكْرَمُ بِهِ نَبِيُّنَا صَلَّى اللهُ عَلَيْهِ وَسَلَّمَ حَقٌّ.
އަދި އަހުރެމެންގެ ނަބިއްޔާ صَلَّى اللهُ عَلَيْهِ وَسَلَّمَ އަށް ދެއްވުނު ޙަޥްޟު އާރަކީ ޙައްޤުކަމެވެ.
",
"
13-	وَالشَّفَاعَةُ حَقٌّ.
އަދި ޝަފާޢަތަކީ ޙައްޤު ތެދުކަމެވެ.
",
"
14-	وأّنَّ نَاسًا مِنْ أَهْلِ التَّوحِيدِ يَخْرُجُونَ مِنَ النَّارِ بِالشَّفاعَةِ حَقٌّ.
އަދި ﷲ އެއްކައުވަންތަ ކުރުމުގެ އަހުލުވެރިންގެ ތެރެއިން ބަޔަކު ޝަފާޢަތުގެ ސަބަބުން ނަރަކައިން ނިކުންނާނެކަމަކީ ޙައްޤު ތެދުކަމެވެ.
",
"
15-	وعَذَابُ القَبْرِ حَقٌّ.
އަދި ޤަބުރުގެ ޢަޛާބަކީ ޙައްޤު ތެދުކަމެވެ.
",
"
16-	وَمُنْكَرٌ وَنَكِيرٌ حَقٌّ.
އަދި މުންކަރާއި ނަކީރު ކިޔުނު މަލާއިކަތުންނަކީ ޙައްޤު ތެދުކަމެވެ.
",
"
17-	والكِرَامُ الكَاتِبُونَ حَقٌ.
އަދި މާތްވެގެންވާ، (ކަނާތް ފަރާތާއި އަދި ވާތްފަރާތުގައިވާ) ލިޔުއްވާ މަލާއިކަތުންނަކީ ޙައްޤު ތެދުކަމެވެ.
",
"
18-	والبَعْثُ مِن بَعْدِ المَوْتِ حَقٌ.
އަދި މަރުވުމަށްފަހު އަލުން ދިރުއްވުން (މަޙްޝަރުކުރެއްވުން) އެއީ ޙައްޤު ތެދުކަމެވެ.
",
"
19-	وَأَهْلُ الْكَبَائِرِ فِي مَشِيئَةِ اللَّهِ عَزَّ وَجَلَّ.
އަދި ބޮޑެތި ފާފައިގެ އަހުލުވެރިންގެ ކަންތައްވަނީ ﷲ اللَّهِ عَزَّ وَجَلَّ ގެ އިރާދަފުޅުގައެވެ.",
"
20-	وَلَا نُكَفِّرُ أَهْلَ الْقِبْلَةِ بِذُنُوبِهِمْ، وَنَكِلُ سَرَائِرَهُمْ إِلَى اللَّهِ عَزَّ وَجَلَّ.
އަދި ޤިބުލައިގެ އަހުލުވެރިން އެބައިމީހުންގެ ފާފައިގެ ސަބަބުން އަހުރެމެން އެބައިމީހުން ކާފަރެއް ނުކުރަމުއެވެ. އަދި އެބައިމީހުންގެ ސިއްރުތަށް ދޫކޮށްލަނީ ﷲ اللَّهِ عَزَّ وَجَلَّ އަށެވެ.
",
"
21-	وَنُقِيمُ فَرْضَ الْجِهَادِ وَالْحَجِّ مَعَ أَئِمَّةِ الْمُسْلِمِينَ، فِي كُلِّ دَهْرٍ وَزَمَانٍ.
އަދި ޖިހާދާއި ޙައްޖުގެ ފަރުޟު މުސްލިމުންގެ ވެރިންނާއެކު އަހުރެމެން ޤާއިމުކުރަމެވެ. އެއީ ކޮންމެ އިރެއްގައި އަދި ކޮންމެ ޒަމާނެއްގައިއެވެ.
",
"
22-	وَلَا نَرَى الْخُرُوجَ عَلَى الْأَئِمَّةِ وَلَا الْقِتَالَ فِي الْفِتْنَةِ، وَنَسْمَعُ وَنُطِيعُ لِمَنْ وَلَّاهُ اللَّهُ عَزَّ وَجَلَّ أَمْرَنَا، وَلَا نَنْزِعُ يَدًا مِنْ طَاعَةٍ.
އަދި ވެރިންނާދެކޮޅަށް ނިކުތުން އަހުރެމެން ނުދެކެމެވެ. އަދި ފިތުނައިގެ ވަގުތު ހަނގުރާމަކުރުން އަހުރެމެން ނުދެކެމެވެ. އަދި އަހުރެމެންގެ މައްޗަށް ﷲ عَزَّ وَجَلَّ އިސްކުރައްވާފައިވާ ވެރިންނަށް އަޑުއަހާ ކިޔަމަންވަމެވެ. އަދި އެމީހުންނަށް ކިޔަމަންތެރިވުމުގައި އަހުރެމެންގެ އަތް ދަމައިނުގަންނަމެވެ.
",
"
23-	وَنَتَّبِعُ السُّنَّةَ وَالْجَمَاعَةَ، وَنَجْتَنِبُ الشُّذُوذَ وَالْخِلَافَ وَالْفُرْقَةَ.
އަދި ސުންނަތާއި ޖަމާޢަތަށް އަހުރެމެން ތަބަޢަވަމެވެ. އަދި ފާސިދު ޢަޤީދާތަކާއި ޚިލާފުވުންތަކާއި ބައިބައިވުންތަކުން އަހުރެމެން އެއްކިބާވެ އެދޫކޮށްލަމެވެ.
",
"
24-	وَأَنَّ الْجِهَادَ مَاضٍ مُنْذُ بَعَثَ اللَّهُ عَزَّ وَجَلَّ نَبِيَّهُ صَلَّى اللهُ عَلَيْهِ وَسَلَّمَ إِلَى قِيَامِ السَّاعَةِ، مَعَ أُولِي الْأَمْرِ مِنْ أَئِمَّةِ الْمُسْلِمِينَ؛ لَا يُبْطِلُهُ شَيْءٌ.
އަދި ﷲ عَزَّ وَجَلَّ، އެކަލާނގެ ނަބިއްޔާ صَلَّى اللهُ عَلَيْهِ وَسَلَّمَ ފޮނުއްވީންސުރެ ފެށިގެން ޤިޔާމަތަށް ދާންދެން، މުސްލިމުންގެ ވެރިންނާއެކު ޖިހާދުކުރުން ދެމިއޮންނާނެކަމެވެ. އަދި އެއްވެސް ކަމެއް އެކަން ބާޠިލުނުކުރާނެއެވެ.
",
"
25-	وَالْحَجُّ كَذَلِكَ.
އަދި ޙައްޖުވެސް ހަމައެފަދައިންނެވެ.
",
"
26-	وَدَفْعُ الصَّدَقَاتِ مِنَ السَّوَائِمِ إِلَى أُولِي الْأَمْرِ مِنْ أَئِمَّةِ الْمُسْلِمِينَ.
އަދި ނަޢަމްސޫފިގެ ތެރެއިން ޞަދަޤާތްތަށް މުސްލިމުންގެ ވެރީންގެ ކިބައިންވާ އެކަމުގެ އަހުލުވެރިންނަށް ދެއްކުމެވެ.
",
"
27-	وَالنَّاسُ مُؤَمَّنُونَ فِي أَحْكَامِهِمْ وَمَوَارِيثِهِمْ، وَلَا نَدْرِي مَا هُمْ عِنْدَ اللَّهِ عَزَّ وَجَلَّ.
އަދި މީސްތަކުންނަކީ އެބައިމީހުންގެ ޙުކުމްތަކުގައްޔާއި ވާރުތަކުރުމުގައި މުއުމިނުންނެވެ. އަދި ﷲ عَزَّ وَجَلَّ ޙަޟްރަތުގައި އެމީހުންނަށްވަނީ ކޮންފަދަ ކަންތައްތައްކަމެއް އަހުރެމެންނަށް ނޭނގެއެވެ.
فَمَنْ قَالَ: إِنَّهُ مُؤْمِنٌ حَقًّا؛ فَهُوَ مُبْتَدِعٌ.
ފަހެ އެމީހަކީ ޙަޤީޤަތުގައި މުއުމިނެއްކަމަށް ބުނެފިމީހާ، ފަހެ އޭނާއަކީ ބިދުޢަވެރިއެކެވެ.
وَمَنْ قَالَ: هُوَ مُؤْمِنٌ عِندَ اللهِ؛ فَهُوَ مِنَ الكَاذِبِين.
ފަހެ އެމީހަކީ ﷲ ގެ ޙަޟްރަތުގައި މުއުމިނެއް ކަމަށް ބުނެފިމީހާ، ފަހެ އޭނާ ވަނީ ދޮގުވެރިންގެ ތެރެއިންނެވެ.
وَمَنْ قَالَ: إِنِّي مُؤْمِنٌ بِاللَّهِ حَقًّا؛ فَهُوَ مُصِيبٌ.
އަދި އަހުރެންނަކީ ﷲ އަށް ޙަޤީޤަތުގައި އީމާންވާ މީހެއްކަމަށް ބުނެފިމީހާ، ފަހެ އޭނާ ރަނގަޅު ގޮތާ ދިމާވެއްޖެއެވެ.
",
"
28-	وَالْمُرْجِئَةُ: مُبْتَدِعَةٌ ضُلَّالٌ.
އަދި ބިދުޢަވެރި މުރުޖިއާއިންނަކީ: މަގުފުރެދިފައިވާ ބަޔެކެވެ.
",
"
29-	وَالْقَدَرِيَّةُ: مُبْتَدِعَةٌ ضُلَّالٌ.
އަދި ބިދުޢަވެރި ޤަދަރިއްޔާއިންނަކީ: މަގުފުރެދިފައިވާ ބަޔެކެވެ. ",
"30-	وَمَنْ أَنْكَرَ مِنْهُمْ أَنَّ اللَّهَ عَزَّ وَجَلَّ لَا يَعْلَمُ مَا يَكُون قَبْلَ أَنْ يَكُونَ؛ فَهُوَ كَافِرٌ.
އަދި އެބައިމީހުންގެ ތެރެއިން، ކަމެއްވުމުގެ ކުރިން އެކަމެއްވާނޭކަން ﷲ عَزَّ وَجَلَّ ދެނެވޮޑިގެންވާކަމަށް އިންކާރުކޮށްފިމީހާ، ފަހެ އޭނާއަކީ ކާފަރެކެވެ. 
",
"
31-	وَأَنَّ الْجَهْمِيَّةَ كُفَّارٌ.
އަދި ޖަހުމީންނަކީ ކާފަރުންކަމެވެ.
",
"
32-	وَأَنَّ الرَّافِضَةَ رَفَضُوا الْإِسْلَامَ.
އަދި ރާފިޟީން އިސްލާމްދީނަށް އިންކާރުކުރިކަމެވެ.
",
"
33-        وَالْخَوَارِجَ مُرَّاقٌ.
އަދި ޚަވާރިޖުންނަކީ (މުސްލިމުންނާއި މުސްލިމު ވެރިޔާގެ ޖަމާޢަތާ ދެކޮޅަށް) ނުކުތް މީހުންނެވެ. ⁽¹⁾
",⁽¹⁾ މުއްރާޤުންނަކީ މާރިޤުގެ ޖަމްޢުއެވެ. އެބަހީ ދީނުން ނުކުމެގަތް މީހުންނެވެ. އެމީހުން ނުކުމެ މުސްލިމުންނާ ދެކޮޅަށް ނުކުމެގަތެވެ. ނަމަވެސް އެމީހުންގެ ކުފުރާ މެދުގައި ޢިލްމުވެރިން ވަނީ ޚިލާފުވެފައެވެ.
"34-	وَمَنْ زَعَمَ أَنَّ الْقُرْآنَ مَخْلُوقٌ، فَهُوَ كَافِرٌ بِاللَّهِ الْعَظِيمِ، كُفْرًا يَنْقُلُ عَنِ الْمِلَّةِ.
އަދި ޤުރްއާނަކީ މަޚުލޫޤެއްކަމަށް ދަޢުވާކޮށްފިމީހާ، ފަހެ އެއީ މާތްވެގެންވާ ﷲ އަށް ކާފަރުވެއްޖެ މީހެކެވެ. އޭނާގެ ކުފުރަކީ މިއްލަތުން ބޭރުވެގެންދާ ކުފުރެވެ.",
"
35-	وَمَنْ شَكَّ فِي كُفْرِهِ مِمَّنْ يَفْهَمُ وَلَا يَجْهَلُ، فَهُوَ كَافِرٌ.
އަދި ޖާހިލުވުމެއް ނެތިވެ، ފަހުމްވެ އެނގޭމީހުންގެ ތެރެއިން އޭނާގެ ކުފުރާ މެދު ޝައްކުކޮށްފި މީހަކީ، ފަހެ ކާފަރެކެވެ.",
"
36-	وَمَنْ شَكَّ فِي كَلَامِ اللَّهِ عَزَّ وَجَلَّ فَوَقَفَ شَاكًّا فِيهِ، يَقُولُ: لَا أَدْرِي مَخْلُوقٌ أَوْ غَيْرُ مَخْلُوقٍ فَهُوَ جَهْمِيٌّ.
އަދި ﷲ عَزَّ وَجَلَّ ގެ ކަލާމްފުޅާ މެދު ޝައްކުކޮށް، ދެންފަހެ އެބަސްފުޅުތަކާމެދު ޝައްކުކުރާ ޙާލު ހުއްޓި ހަނުހުރެ، އަހުރެންނަށް އެއީ މަޚުލޫޤެއްތޯ ނޫނީ މަޚްލޫޤެއް ނޫންތޯ ނޭނގޭކަމަށް ބުނެފިމީހާ، ފަހެ އެއީ ޖަހުމީއެކެވެ.
",
"
37-	وَمَنْ وَقَفَ فِي الْقُرْآنِ جَاهِلًا؛ عُلِّمَ وَبُدِّعَ، وَلَمْ يُكَفَّرْ.
އަދި ނޭނގި ޖާހިލުވުމުގެ ސަބަބުން، ޤުރްއާނަކީ (މަޚްލޫޤެއްތޯ ނޫނީ މަޚްލޫޤެއް ނޫންތޯ ކަމާ މެދުގައި ވަކި ކޮޅެއް ނުނަގާ) ހުއްޓި ހަނުހުރެއްޖެމީހާއަށް ކިޔައިދެވޭ ހުއްޓެވެ. އަދި އޭނާ ބިދުޢަވެރިކުރެވޭ ހުއްޓެވެ. އަދި އޭނާ ކާފަރެއް ނުކުރެވޭ ހުއްޓެވެ.
",
"
38-	وَمَنْ قَالَ: لَفْظِي بِالْقُرْآنِ مَخْلُوقٌ، فَهُوَ جَهْمِيٌّ، أَوْ  الْقُرْآنُ بِلَفْظِي مَخْلُوقٌ؛ فَهُوَ جَهْمِيٌّ».
އަދި  އަހުރެންގެ ލަފްޒުން ޤުރްއާން ކިޔަވާ ލަފްޒުކުރުމަކީ މަޚުލޫޤެއްކަމަށް ބުނެފިމީހާ، ފަހެ އޭނާއަކީ ޖަހުމީއެކެވެ. ނުވަތަ ޤުރްއާނަކީ އަހުރެން ކިޔަވާ ލަފްޒުން މަޚުލޫޤެއްކަމަށް ބުނެފިމީހާ، ފަހެ އޭނާއަކީ ޖަހުމީއެކެވެ.
قَالَ أَبُو مُحَمَّدٍ ابنُ أَبِي حَاتِمٍ: «وَسَمِعْتُ أَبِي رَحِمَهُ اللَّهُ يَقُولُ:
އަބޫ މުޙައްމަދު އިބްނު އަބީ ޙާތިމު ވިދާޅުވިއެވެ: އަދި އަހުރެންގެ ބައްޕާފުޅު رَحِمَهُ اللَّهُ ވިދާޅުވަނިކޮށް އަޑުއެހީމެވެ.
",
"
39-	وَعَلَامَةُ أَهْلِ الْبِدَعِ: الْوَقِيعَةُ فِي أَهْلِ الْأَثَرِ.
ބިދުޢައިގެ އަހުލުވެރިންގެ ޢަލާމަތަކީ: އެއުރެން އަޘަރުގެ އަހުލުވެރިން (އަހުލުއް-ސުންނާގެ އަހުލުވެރިންނަށް) ބަދުބަސް ބުނެ ފުރައްސާރަކޮށް އުޅުމެވެ.
",
"40-	وَعَلَامَةُ الزَّنَادِقَةِ: تَسْمِيَتُهُمْ أَهْلَ الأَثَرِ: حَشْوِيَّةً، يُرِيدُونَ إِبْطَالَ الْآثَارِ.
އަދި ޒިންދީޤުންގެ ޢަލާމާތަކީ: އެއުރެން އަޘަރުގެ އަހުލުވެރިންނަށް ޙަޝްވިއްޔާއިންނޭ (އެބަހީ: ދަށުދަރަޖައިގެ ބޭކާރު އަގެއްނެތް ރިވާޔަތްތަކަށް ތަބާވާ މީހުންނޭ) ނަންކިޔައި ގޮވުމެވެ. އެއުރެން އެދެނީ އަޘަރުތަށް ބާޠިލުކޮށްލުމަށެވެ.
",
"
41-	وَعَلَامَةُ الْجَهْمِيَّةِ: تَسْمِيَتُهُمْ أَهْلَ السُّنَّةِ: مُشَبِّهَةً.
އަދި ޖަހުމީންގެ ޢަލާމާތަކީ: އެއުރެން ސުންނަތުގެ އަހުލުވެރިންނަށް މުޝައްބިހާއިންނޭ (އެބަހީ: ﷲ ގެ ޞިފަތަކާއި މަޚްލޫޤުންގެ ޞިފަތަކާ އެއްގޮތްކޮށް ވައްތަރުކުރާ މީހުންނޭ) ނަންކިޔައި ގޮވުމެވެ.
",
"
42-	وَعَلَامَةُ الْقَدَرِيَّةِ: تَسْمِيَتُهُمْ أَهْلَ الْأَثَرِ: مُجَبِّرَةً.
އަދި ޤަދަރިއްޔާއިންގެ ޢަލާމާތަކީ: އެއުރެން އަޘަރުގެ އަހުލުވެރިންނަށް މުޖައްބިރާއިންނޭ (އެބަހީ: ކުރާ ކަންކަމުގައި އަމިއްލަ އިޚްތިޔާރު ނެތި މަޖްބޫރުވެގެންވާ ޙާލު ވާކަމަށް ދެކޭ މީހުންނޭ) ނަންކިޔައި ގޮވުމެވެ.",
"43-	وَعَلَامَةُ الْمُرْجِئَةِ: تَسْمِيَتُهُمْ أَهْلَ السُّنَّةِ: مُخَالِفَةٌ وَنُقْصَانِيَّة.
އަދި މުރުޖިއާއިންގެ ޢަލާމާތަކީ: އެއުރެން ސުންނަތުގެ އަހުލުވެރިންނަށް މުޚާލިފުންނޭ ނުވަތަ މުޚާލިފިއްޔާއިންނޭ (އެބަހީ: އީމާންކަމުގެ ޙަޤީޤަތާ ޚިލާފުވާ އީމާންކަމުގައި ޝައްކުކުރާ މީހުންނޭ) އަދި ނުޤްޞާނިއްޔާއިންނޭ (އީމާންކަން އުނިވާކަމަށް ދެކޭ މީހުންނޭ) ނަންކިޔައި ގޮވުމެވެ.
",
"
44-	وَعَلَامَةُ الرَّافِضَةِ: تَسْمِيَتُهُمْ أَهْلَ السُّنَّةِ: نَاصِبَةً.
އަދި ރާފިޟީންގެ ޢަލާމާތަކީ: އެއުރެން ސުންނަތުގެ އަހުލުވެރިންނަށް ނާޞިބީންނޭ (އާލު ބައިތުންނަށް ނަފުރަތްކުރާ ފިރުޤާއެއްގެ ނަން) ކިޔައި ގޮވުމެވެ.
وَكُلُّ ذَلِكَ مِن عِصْيَان، وَلَا يَلْحَقُ أَهْلَ السُّنَّةِ إِلَّا اسْمٌ وَاحِدٌ، وَيَسْتَحِيلُ أَنْ تَجْمَعَهُمْ هَذِهِ الْأَسْمَاءُ».
އަދި އެއިން ކޮންމެ ކަމެއް ވަނީ އުރެދުމުގެ ތެރެއިންނެވެ. އަދި އަހުލުއް-ސުންނާގެ އަހުލުވެރިންނަށް އެންމެ ނަމެއް މެނުވީ ނުގުޅުވޭނެއެވެ. އަދި މިހުރިހާ ނަންތަކެއް އެއަހުލުވެރިން ޖަމާކުރުމަކީ މުސްތަޙީލު ކަމެކެވެ.
قَالَ أَبُو مُحَمَّدٍ: «وَسَمِعْتُ أَبِي وَأَبَا زُرْعَةَ:
އަބޫ މުޙައްމަދު (އިބްނު އަބީ ޙާތިމް) ވިދާޅުވިއެވެ: އަދި އަހުރެންގެ ބައްޕާފުޅު (އަބޫ ޙާތިމާއި) އަބޫ ޒުރްޢާގެ ކިބައިން އަހުރެން އަޑުއެހީމެވެ:

",
"
45-	يَأْمُرَانِ بِهِجْرَانِ أَهْلِ الزَّيْغِ وَالْبِدَعِ، وَيُغَلِّظَانِ فِي ذَلِكَ أَشَدَّ التَّغْلِيظِ.
މަގުފުރެދުމާއި ބިދުޢައިގެ އަހުލުވެރިން ހަޖްރުކޮށް ދުރުވުމަށް އެދެބޭފުޅުން އަމުރުކުރެއްވިއެވެ. އަދި އެކަމުގައި އެދެބޭފުޅުން ނުހަނު ބޮޑަށް ހަރުކަށިވެލައްވައެވެ.
",
"
46-	وَيُنْكِرَانِ وَضْعَ الْكُتُبِ بِالرَّأْيِ فِي غَيْرِ آثَارٍ.
އަދި އަޘަރުތަކާއި ނުލައި، އަމިއްލަ ބުއްދިއާއި ރައުޔުތަކުގެ މައްޗަށް ފޮތްތަށް ލިޔުމަށް އެދެބޭފުޅުން އިންކާރު ކުރައްވައެވެ.",
"
47-	وَيَنْهَيَانِ عَنْ مُجَالَسَةِ أَهْلِ الْكَلَامِ.
އަދި ކަލާމް (ފަލްސަފާ) ގެ އަހުލުވެރިންނާ މުޖާލަސާކޮށް އިށީނދެ ހެދުމުން އެދެބޭފުޅުން ނަހީކުރައްވައެވެ.
",
"
48-	وَعَنِ النَّظَرِ فِي كُتُبِ الْمُتَكَلِّمِينَ، وَيَقُولَانِ: لَا يُفْلِحُ صَاحِبُ كَلَامٍ أَبَدًا».
އަދި ކަލާމީންގެ ފޮތްތަކަށް ބަލާ ހެދުމުންވެސް މެއެވެ. އަދި އެދެބޭފުޅުން ވިދާޅުވެއެވެ: ކަލާމުގެ ޞާޙިބަކު ދުވަހަކުވެސް ކާމިޔާބެއްނުވާނެއެވެ.
",
"
قَالَ أَبُو مُحَمَّدٍ: «وَبِهِ أَقُولُ أَنَا».»
އަބޫ މުޙައްމަދު (އިބްނު އަބީ ހާޠިމް) ވިދާޅުވިއެވެ: އަދި އަހުރެންވެސް ބުނަނީ ހަމަ އެބަހެވެ.

قَالَ أَبُو حَاتِمٍ الرَّازِيُّ: «وفَّقَنَا اللهُ وَكُلَّ مُؤْمِنٍ لما يُحِبُّ وَيَرْضَى مِنَ القَولِ والعَمَلِ وَصَلَّى اللهُ عَلَى مُحَمَّدٍ وَآلِهِ وَسَلَّمَ».
އަބޫ ޙާތިމު އައް-ރާޒީ ވިދާޅުވިއެވެ: އަހުރެމެންނާއި އަދި ކޮންމެ މުއުމިނަކަށް، ﷲ ލޯބިވެވޮޑިގަންނަވާ އަދި އެއިލާހު ރުހިވޮޑިގަންނަވާ ބަހާއި ޢަމަލުކުރުމަށް ތައުފީޤު ދެއްވާށިއެވެ. އަދި މުޙައްމަދުގެފާނާއި އެކަލޭގެފާނުގެ އާލުންނަށް ޞަލަވާތާއި ސަލާމް ލައްވާށިއެވެ.

 
«وَهَذِه عَقِيدَةُ الرَّازِيَّينِ جَمِيعًا، وَهِيَ مَا أَجْمَعَ عَلَيهِ السَّلَفُ فِي الحِجَازِ وَالعِرَاقِ وَالشَّامِ، ومِصرَ واليَمَنِ، وَهِيَ مَا نَعْتَقِدُه نَحْنُ ونَلْقَى اللهَ تَعَالَى عَلَيهِ؛ إِنْ شَاءَ اللهُ».
އަދި މިއީ ރާޒީންގެ ދެބޭކަލުންގެވެސް ޢަޤީދާއެވެ. އަދި އެއީ ޙިޖާޒްކަރައާއި ޢިރާޤާއި ޝާމްކަރައާއި މިޞްރާއި ޔަމަނުކަރައިގައި ސަލަފުންގެ ބޭކަލުން އެޢަޤީދާގެ މައްޗަށް އިޖުމާޢުވެލެއްވި ޢަޤީދާއެވެ. އަދި އެޢަޤީދާއަކީ އަހުރެމެންވެސް އިޢުތިޤާދުކޮށް ޤަބޫލުކުރާ ޢަޤީދާއެވެ. އަދި ﷲ އަށް އެޢަޤީދާއެއްގެ މަތީގައި ބައްދަލުކުރާނެ ޢަޤީދާއެވެ.
إِنْ شَاءَ اللهُ.
وَالْحَمْدُ لِلَّهِ عَلَى مَا دَلَّ وَسَدَّدَ وَهَدَى، وَصَلََّى اللهُ عَلَى نَبِيِّهِ مُحَمَّدٍ وآلِهِ وَسَلَّم.


",