bodyAR,bodyDV
الدروس المهمة لعامة الأمة,އުއްމަތުގެ ޢާއްމުންނަށްޓަކައި މުހިންމު ފިލާވަޅުތަކެއް
لسماحة الشيخ العلامة,ލިޔުއްވީ: ސަމާޙަތުއްޝައިޚު އަލްޢައްލާމާ
عبد العزيز بن عبد الله بن باز -رحمه الله-,ޢަބްދުލް ޢަޒީޒު ބްނު ޢަބްދު ﷲ ބްނު ބާޒު (ﷲ ރަޙުމަތް ލައްވާށި)
بسم الله الرحمن الرحيم,ރަޙްމާނުވަންތަ ރަޙީމުވަންތަ ﷲ ގެ އިސްމުފުޅުން އަޅު ފަށަމެވެ.
مقدمة المؤلف,މުއައްލިފުގެ މުޤައްދިމާ
الحمد لله رب العالمين ، والعاقبة للمتقين ، وصلى الله وسلم على عبده ورسوله نبينا محمد ، وعلى آله وأصحابه أجمعين .,އެންމެހާ ޙަމްދު ވަނީ ޢާލަމްތަކުގެ ވެރި ރައްބު ﷲ އަށެވެ. އަދި (ދުނިޔެއާއި އާޚިރަތުގައި) ރަނގަޅު ނިމުން ވަނީ ތަޤުވާވެރީންނަށެވެ. އަދި ﷲ އެއިލާހުގެ އަޅާ އަދި އެއިލާހުގެ ރަސޫލާ، އަހަރުމެންގެ ނަބިއްޔާ މުޙައްމަދުގެފާނަށް ޞަލަވާތާއި ސަލާމް ލައްވާށިއެވެ! އަދި އެކަލޭގެފާނުގެ އާލުންނާއި އެންމެހާ އަޞްޙާބުން ޝާމިލުކުރައްވާށިއެވެ.
أما بعد :,އެއަށްފަހު ދަންނައެވެ:
فهذه كلمات موجزة في بيان بعض ما يجب أن يعرفه العامة عن دين الإسلام ، سميتها : (الدروس المهمة لعامة الأمة) .,ފަހެ މިއީ ޢާއްމުންނަށް އިސްލާމްދީނާމެދު ކޮންމެހެންވެސް އެނގެންޖެހޭ ކަންކަން ބަޔާންކޮށްވާ ޚުލާޞާ ބަސްތަކެކެވެ. މީގެ ނަމަކަށް އަހަރެން ކިޔާފައިވަނީ (އުއްމަތުގެ ޢާއްމުންނަށްޓަކައި މުހިންމު ފިލާވަޅުތަކެއް) މިފަދައިންނެވެ.
وأسأل الله أن ينفع بها المسلمين ، وأن يتقبلها مني ، إنه جواد كريم .,އަދި އަހުރެން ﷲ އަށް ދުޢާ ދަންނަވަނީ މި ބަސްތަކުން މުސްލިމުންނަށް މަންފާ ދެއްވުމަށެވެ. އަދި އަޅުގެ ކިބައިން މި ޤަބޫލުކުރެއްވުމަށެވެ. ހަމަކަށަވަރުން އެއީ ދީލަތިވަންތަ މާތް އިލާހެވެ.
عبد العزيز بن عبد الله بن باز,ޢަބުދުލް ޢަޒީޒު ބްނު ޢަބްދު ﷲ ބްނު ބާޒު،
الدروس المهمة لعامة الأمة [1],އުއްމަތުގެ ޢާއްމުންނަށްޓަކައި މުހިންމު ފިލާވަޅުތަކެއް [1]
[1] مجموع فتاوى ومقالات متنوعة (3/ 288- 298) .,[1] މަޖުމޫޢު ފަތާވާ ވަ މަޤާލާތު މުތަނައްވިޢާ (3 / 288 -298)
الدرس الأول: سورة الفاتحة وقصار السور,ފުރަތަމަ ފިލާވަޅު: ފާތިޙާ ސޫރަތާއި ކުރު ސޫރަތްތައް
سورة الفاتحة وما أمكن من قصار السور ، من سورة الزلزلة إلى سورة الناس ، تلقينا ، وتصحيحًا للقراءة ، وتحفيظًا ، وشرحًا لما يجب فهمه .,ފާތިޙާ ސޫރަތާއި سورة الزلزلة އިން سورة الناس އަށް ކުޅަދާނަވި ބައެއް ކުރު ސޫރަތްތައް، ތަލްޤީނުކޮށް ލައިދިނުމާއި، ކިޔެވުން އިޞްލާޙުކުރުމާއި، ޙިފްޒުކުރުމާއި، އަދި އޮޅުންފިލަން ޖެހޭ ތަކެތި ޝަރަޙަކުރުން.
الدرس الثاني: أركان الإسلام,ދެވަނަ ފިލާވަޅު: އިސްލާމްދީނުގެ ރުކުންތައް
بيان أركان الإسلام الخمسة ، وأولها وأعظمها :,އިސްލާމްދީނުގެ ފަސް ރުކުން ބަޔާންކުރުން، އޭގެ އެންމެ ފުރަތަމައީ އަދި އެންމެ މާތްވެގެންވަނީ:
شهادة أن لا إله إلا الله ، وأن محمدا رسول الله بشرح معانيها ، مع بيان شروط لا إله إلا الله ، ومعناها : (لا إله) نافيا جميع ما يعبد من دون الله ، (إلا الله) مثبتا العبادة لله وحده لا شريك له .,ޝަހާދަތުގެ ދެ ކަލިމަ لا إله إلا الله އާއި محمدا رسول الله ގެ މާނަ ޝަރަޙަ ކުރުމާއެކު لا إله إلا الله ގެ ޝަރުޠުތައް ބަޔާންކުރުމެވެ. އަދި އެކަލިމައިގެ މާނައީ: (لا إله) ﷲ ފިޔަވައި އަޅުކަން ކުރެވޭ އެންމެހާ ތަކެތި ނަފީކުރުމެވެ. (إلا الله) އަޅުކަންތައް ހަމައެކަނި ﷲ އަށް ސާބިތު ކުރުމެވެ. އެއީ އެއްކައުވަންތަ އިލާހެވެ. އަދި އެ އިލާހަށް ޝަރީކަކު ނުވެއެވެ.
وأما شروط (لا إله إلا الله) فهي : العلم المنافي للجهل ، واليقين المنافي للشك ، والإخلاص المنافي للشرك، والصدق المنافي للكذب ، والمحبة المنافية للبغض ، والانقياد المنافي للترك ، والقبول المنافي للرد ، والكفر بما يعبد من دون الله .,ދެންފަހެ (لا إله إلا الله) ގެ ޝަރުޠުތައް ދަންނައެވެ، ފަހެ އެއީ: ނޭނގުން ނަފީކުރާ އެނގުމެވެ. އަދި ޝައްކު ނަފީކުރާ ޔަޤީންކަމެވެ. އަދި ޝިރުކު ނަފީކުރާ އިޚްލާޞްތެރިކަމެވެ. އަދި ދޮގުވެރިވުން ނަފީކުރާ ތެދުވެރިކަމެވެ. އަދި ރުޅިއައުން ނަފީކުރާ ލޯތްބެވެ. އަދި ދޫކޮށްލުން ނަފީކުރާ ބޯލެނބުމެވެ. އަދި ރައްދުކުރުން ނަފީކުރާ ޤަބޫލުކުރުމެވެ. އަދި ﷲ ފިޔަވައި އަޅުކަންވެވޭ ތަކެއްޗަށް ކާފަރުވުމެވެ.
وقد جمعت في البيتين الآتيين :,އަންނަނިވި ދެ ޅެންބައިތުގައި އެޝަރުޠުތައް ޖަމަޢަވެގެންވެއެވެ:
علم يقين وإخلاص وصدقك مع ... محبة وانقياد والقبول لها,ޢިލްމާއި ޔަޤީންކަމާއި އިޚްލާޞްތެރިކަމާއި އަދި ތިބާގެ ތެދުވެރިކަމެވެ. އެއީ ލޯބިވުމާއި، އެއަށް ބޯލެނބުމާއި ޤަބޫލުކުރުމާ އެކުގައިއެވެ.
وزيد ثامنها الكفران منك بما...سوى الإله من الأشياء قد ألها,އަދި އޭގެ އަށްވަނައަށް އިތުރުކޮށްލެވުނެވެ. (ޙައްޤު) އިލާހު ފިޔަވައި އަޅުކަންވެވޭ އެހެން ހުރިހާ އެއްޗަކަށް ތިބާ ކާފަރުމެވެ.
مع بيان شهادة أن محمدا رسول الله ، ومقتضاها : تصديقه فيما أخبر ، وطاعته فيما أمر ، واجتناب ما نهى عنه وزجر ، وألا يعبد الله إلا بما شرعه الله -عز وجل- ورسوله -صلى الله عليه وسلم- .,މުޙައްމަދުގެފާނީ ﷲ ގެ ރަސޫލާކަމަށް ހެކިވުމަކީ ކޮބައިކަން ބަޔާންކުރުމާ އެކުގައިއެވެ. އެ ކަލިމައިން ލާޒިމްކުރާ ކަމަކީ: އެކަލޭގެފާނު ޚަބަރުދެއްވި ކަންތަކުގައި އެކަލޭގެފާނު ތެދުކުރުމާއި، އެކަލޭގެފާނު އަމުރުކުރެެއްވި ކަންތަކުގައި ކިޔަމަންވުމާއި، އެކަލޭގެފާނު މަނާކުރައްވާ އިންޒާރުދެއްވި ކަންތަކުން އެއްކިބާވުމާއި، އަދި ﷲ ޢައްޒަ ވަޖައްލަ އާއި އެކަލާނގެ ރަސޫލާ ﷺ ޝަރުޢުކުރެއްވި ގޮތަށް މެނުވީ ﷲ އަށް އަޅުކަން ނުކުރުމެވެ.
ثم يبين للطالب بقية أركان الإسلام الخمسة ، وهي : الصلاة ، والزكاة ، وصوم رمضان ، وحج بيت الله الحرام لمن استطاع إليه سبيلا .,ދެން އެއަށްފަހު އިސްލާމްކަމުގެ ފަސްރުކުނުގެ ތެރެއިން ބާކީ ހުރި ކަންތައް ދަރިވަރަށް ބަޔާންކޮށްދެވޭނެއެވެ. އެއީ: ނަމާދު، ޒަކާތް، ރަމަޟާންމަހު ރޯދަ އަދި ކުޅަދާނަކަން ލިބިގެންވާ މީހާ ޙުރުމަތްތެރިވެގެންވާ ﷲ ގެފުޅަށް ޙައްޖުވުމެވެ.
الدرس الثالث: أركان الإيمان,ތިންވަނަ ފިލާވަޅު: އީމާންކަމުގެ ރުކުންތައް
وهي ستة : أن تؤمن بالله، وملائكته ، وكتبه ، ورسله ، وباليوم الآخر ، وتؤمن بالقدر خيره وشره من الله تعالى .,އެއީ ހައެކެވެ. އެއީ ތިބާ ﷲ އަށް އީމާންވުމާއި، އެ އިލާހުގެ މަލާއިކަތުންނާއި، އެ އިލާހު ބާވައިލެއްވި ފޮތްތަކާއި، އެ އިލާހުގެ ރަސޫލުންނާއި، އާޚިރަތް ދުވަހަށް އީމާންވުމާއި، މިންވަރަށް -އޭގެ ހެޔޮ މިންވަރާއި ނުބައި މިންވަރުވެސް- އެއީ ﷲ ތަޢާލާގެ ހަޟްރަތުންވާ އެއްޗެއްކަމަށް އީމާންވުމެވެ.
الدرس الرابع: أقسام التوحيد وأقسام الشرك,ހަތަރުވަނަ ފިލާވަޅު: ތައުޙީދުގެ ބައިތަކާއި ޝިރުކުގެ ބައިތައް
بيان أقسام التوحيد ، وهي ثلاثة : توحيد الربوبية ، وتوحيد الألوهية ، وتوحيد الأسماء والصفات .,ތައުޙީދުގެ ބައިތައް ބަޔާންކުރުން، އެއީ ތިނެކެވެ. ތައުޙީދުއް ރުބޫބިއްޔަތާއި، ތައުޙީދުލް އުލޫހިއްޔަތާއި، ތައުޙީދުލް އަސްމާއި ވައްޞިފާތިއެވެ.
1- توحيد الربوبية : وهو الإيمان بأن الله سبحانه الخالق لكل شيء ، والمتصرف في كل شيء ، لا شريك له في ذلك .,1- ތައުޙީދުއް ރުބޫބިއްޔަތު: ފަހެ އެއީ ހަމަކަށަވަރުން ﷲ ސުބުޙަނަހޫ ވަތަޢާލާއަކީ އެންމެހާ ތަކެތި ހެއްދެވި އިލާހުކަމަށާއި، އަދި އެންމެހާ ކަންތައްތައް ހިންގަވާ ފަރާތްކަމަށާއި، އެކަމުގައި އެއިލާހާ ޝަރީކަކު ނުވާކަމަށް އީމާންވުމެވެ.
2- توحيد الألوهية : وهو الإيمان بأن الله سبحانه هو المعبود بحق لا شريك له في ذلك ، وهو معنى لا إله إلا الله ، فإن معناها : لا معبود حق إلا الله ، فجميع العبادات من صلاة وصوم وغير ذلك يجب إخلاصها لله وحده ، ولا يجوز صرف شيء منها لغيره .,2- ތައުޙީދުލް އުލޫހިއްޔަތު: އެއީ ﷲ ސުބުޙާނަހޫ ވަތަޢާލާއީ ޙައްޤު ގޮތުގައި އަޅުކަންވެވޭ އިލާހުކަމަށާއި އެކަމުގައި އެ އިލާހާ އެއްވެސް ޝަރީކަކު ނުވާކަމަށް އީމާންވުމެވެ. އަދި لا إله إلا الله ގެ މާނައަކީ އެއީއެވެ. އެގޮތުން އެ ކަލިމައިގެ މާނައަކީ: ﷲ ފިޔަވައި ޙައްޤުގޮތުގައި އަޅުކަމެއްވެވޭ އިލާހަކު ނުވެއެވެ. ފަހެ ނަމާދާއި ރޯދައާއި އަދި އެ ނޫނަސް އެންމެހާ އަޅުކަންތައް އެއްކައުވަންތަ ﷲ އަށް ޚާލިޞްކުރަންޖެހެއެވެ. އަދި އެއިން އެއްވެސް ކަމެއް އެކަލާނގެ ފިޔަވައި އެހެން ފަރާތަކަށް އަނބުރާލުން ހުއްދަވެގެން ނުވެއެވެ.
3- توحيد الأسماء والصفات : وهو الإيمان بكل ما ورد في القرآن الكريم ، أو الأحاديث الصحيحة من أسماء الله وصفاته ، وإثباتها لله وحده على الوجه اللائق به سبحانه من غير تحريف ، ولا تعطيل ، ولا تكييف ، ولا تمثيل ؛ عملاً بقول الله سبحانه :,3- ތައުޙީދުލް އަސްމާއި ވައްޞިފާތި: އެއީ ކީރިތި ޤުރުއާނުގައި ނުވަތަ ޞައްޙަ ޙަދީޘްތަކުގައި ވާރިދުވެފައިވާ ﷲ ގެ ނަންފުޅުތަކާއި ޞިފަފުޅުތަކަށް އީމާންވުމެވެ. އަދި އެ ނަންފުޅުތަކާއި ޞިފަފުޅުތައް އެއްވެސް ބަދަލެއް ކުރުމެއް ނެތި، އަދި އިންކާރުކުރުމެއް ނެތި، އަދި އޭގެ ވައްތަރު ބަޔާންކުރުމެއްނެތި އަދި އެއްވެސް އެއްޗަކާ އެއްފަދަކުރުމެއްނެތި ﷲ އާ އެކަށީގެންވާ ގޮތަށް ޘާބިތުކުރުމެވެ. އެއީ ﷲ ގެ މި ވަޙީބަސްފުޅަށް ޢަމަލުކުރުމުގެ ގޮތުންނެވެ:
﴿قُلۡ هُوَ ٱللَّهُ أَحَدٌ ﴿1﴾,(ކަލޭގެފާނު ވިދާޅުވާށެވެ! އެއީ އެއްކައުވަންތަ اللَّهއެވެ.
ٱللَّهُ ٱلصَّمَدُ ﴿2﴾,اللَّه އީ، އެންމެހާ ތަކެތި އެކަލާނގެއަށް ބޭނުންތެރިވެގެންވާ، އަދި އެއްވެސް އެއްޗަކަށް، އެކަލާނގެ ބޭނުންވެވޮޑިގެންނުވާ ރަސްކަލާނގެއެވެ.
لَمۡ يَلِدۡ وَلَمۡ يُولَدۡ ﴿3﴾,އެކަލާނގެއަކަށް އެއްވެސް އެއްޗެއް އުފަންވެގެނެއް ނުވެތެވެ. އަދި އެއްވެސް އެއްޗަކަށް އެކަލާނގެ އުފަންވެވޮޑިގެނެއް ނުމެވޭމެއެވެ.
وَلَمۡ يَكُن لَّهُۥ كُفُوًا أَحَدُۢ},އަދި އެކަލާނގެއާ އެއްފަދަވެގެންވާ، ހަމައެކަކުވެސް ނުވެތެވެ.)
[الإخلاص : 1-4],[الإخلاص: 1-4]
وقوله -عز وجل-:,އަދި اللهُ عَزّ وَجَلّ ގެ ވަޙީ ބަސްފުޅު:
﴿لَيۡسَ كَمِثۡلِهِۦ شَيۡءٞۖ وَهُوَ ٱلسَّمِيعُ ٱلۡبَصِيرُ﴾,(އެކަލާނގެއާ އެއްފަދަ އެއްވެސް އެއްޗެއް ނުވެތެވެ. އަދި އެކަލާނގެއީ، މޮޅަށް އައްސަވާވޮޑިގެންވާ، މޮޅަށް ބައްލަވާވޮޑިގެންވާ ރަސްކަލާނގެއެވެ.)
[ الشورى : 11 ] ،,[އައްޝޫރާ: 11]
وقد جعلها بعض أهل العلم نوعين ، وأدخل توحيد الأسماء والصفات في توحيد الربوبية ، ولا مشاحة في ذلك ؛ لأن المقصود واضح في كلا التقسيمين .,އަދި ބައެއް ދަންނަބޭކަލުން ތައުޙީދު ދެބަޔަކަށް ކަނޑައެޅުއްވިއެވެ. އެގޮތުން ތައުޙީދުލް އަސްމާއި ވައްޞިފާތިގެ ވައްތަރު ތައުޙީދުއް ރުބޫބިއްޔަތުގެ ވައްތަރުގެ ތެރެއަށް ވައްދަވާފައިވެއެވެ. އަދި އެކަމުގައި މައްސަލައެއް ނުވެއެވެ. ސަބަބަކީ އެ ދެ ގޮތަށް ބެހިކަމުގައިވިޔަސް މަޤްޞަދު ސާފުވެ ބަޔާންވާތީއެވެ.
وأقسام الشرك ثلاثة : شرك أكبر ، وشرك أصغر ، وشرك خفي .,ޝިރުކު ބެހިގެންވަނީ ތިން ބަޔަކަށެވެ: އެއީ ބޮޑު ޝިރުކާއި، ކުޑަ ޝިރުކާއި، ވަންހަނާވެގެންވާ ޝިރުކެވެ.
فالشرك الأكبر : يوجب حبوط العمل والخلود في النار لمن مات عليه ، كما قال الله تعالى :,ފަހެ ބޮޑު ޝިރުކަކީ: އޭގެ މަތީގައި ހުރެގެން މަރުވެއްޖެނަމަ އެކަމުގެ ސަބަބުން ޢަމަލުތައް ބާޠިލުވެ އަދި ތާއަބަދަށް ނަރަކައިގައި ދެމިއޮތުން ވާޖިބުވާކަމެކެވެ. އެއީ الله تعالى ވަޙީކުރައްވާފައިވާ ފަދައިންނެވެ:
﴿وَلَوۡ أَشۡرَكُواْ لَحَبِطَ عَنۡهُم مَّا كَانُواْ يَعۡمَلُونَ﴾,(އެބޭކަލުންވެސް (اللَّهއަށް) شريك ކުރެއްވި ނަމަ، އެ ބޭކަލުން ކޮށްއުޅުއްވި عملތައް باطلވީހެވެ.)
[ الأنعام : 88 ] ،,[އަލްއަންޢާމު: 88]
وقال سبحانه :,އަދި اللهُ سُبْحَانَهُ ވަޙީކުރެއްވިއެވެ:
﴿مَا كَانَ لِلۡمُشۡرِكِينَ أَن يَعۡمُرُواْ مَسَٰجِدَ ٱللَّهِ شَٰهِدِينَ عَلَىٰٓ أَنفُسِهِم بِٱلۡكُفۡرِۚ أُوْلَٰٓئِكَ حَبِطَتۡ أَعۡمَٰلُهُمۡ وَفِي ٱلنَّارِ هُمۡ خَٰلِدُونَ﴾,(އެއުރެންގެ އަމިއްލަ نفسތަކުގެ މައްޗަށް كافرކަމަށް ހެކިވެތިބި حالގައި، اللَّهގެ މިސްކިތްތައް ފަޅުފިލުވައި ބެލެހެއްޓުމަކީ، مشركންނަށް އޮތްކަމެއްނޫނެވެ. އެއުރެންނަކީ، އެއުރެންގެ عملތައް باطلވެފައިވާ މީހުންނެވެ. އަދި ހަމަ، އެއުރެންނީ، ނަރަކައިގައި ދެމިތިބޭނޭ ބަޔެކެވެ.)
[ التوبة : 17 ] ،,[އައްތައުބާ : 17 ]
وأن من مات عليه فلن يغفر له ، والجنة عليه حرام ، كما قال الله -عز وجل-:,އަދި ބޮޑު ޝިރުކުގެ މަތީގައި ހުރެގެން މަރުވެއްޖެ މީހެއްގެ ފާފަ ނުފުއްސެވޭނެއެވެ. އަދި އެ މީހެއްގެ މައްޗަށް ސުވަރުގެ ޙަރާމްވެގެންވެއެވެ. އެއީ الله عز وجل ވަޙީކުރައްވާފައިވާ ފަދައިންނެވެ:
﴿إِنَّ ٱللَّهَ لَا يَغۡفِرُ أَن يُشۡرَكَ بِهِۦ وَيَغۡفِرُ مَا دُونَ ذَٰلِكَ لِمَن يَشَآءُۚ﴾,(ހަމަކަށަވަރުން، اللَّه، އެކަލާނގެއަށް شريكކުރުމުގެ ފާފައެއް ނުފުއްސަވާނެތެވެ. އެނޫން ފާފަތައް، އެކަލާނގެ އިރާދަކުރައްވާ މީހަކަށް ފުއްސަވަތެވެ.)
[ النساء : 48 ] ،,[އައްނިސާއު: 48]
وقال سبحانه :,އަދިވެސް އެކަލާނގެ سُبْحَانَهُ ވަޙީކުރެއްވިއެވެ:
﴿إِنَّهُۥ مَن يُشۡرِكۡ بِٱللَّهِ فَقَدۡ حَرَّمَ ٱللَّهُ عَلَيۡهِ ٱلۡجَنَّةَ وَمَأۡوَىٰهُ ٱلنَّارُۖ وَمَا لِلظَّٰلِمِينَ مِنۡ أَنصَارٖ﴾,(ހަމަކަށަވަރުން اللَّهއަށް شريكކުރާ މީހާ (ދަންނާށެވެ!) ފަހެ، ހަމަކަށަވަރުން، اللَّه، އެ މީހާގެ މައްޗަށް ސުވަރުގެ حرام ކުރެއްވިއެވެ. އަދި އެ މީހަކު އުޅޭނެތަނަކީ ނަރަކައެވެ. އަދި އަނިޔާވެރިންނަށް (އެބަހީ: شريكކުޅަ މީހުންނަށް) نصرދޭނޭ އެއްވެސް ބަޔަކު ނުވެއެވެ.)
[ المائدة : 72 ] .,[އަލްމާއިދާ : 72 ]
ومن أنواعه : دعاء الأموات ، والأصنام ، والاستغاثة بهم ، والنذر لهم ، والذبح لهم ، ونحو ذلك .,"އަދި އޭގެ( ބޮޑު ޝިރުކުގެ) ވައްތަރުތަކުގެ ތެރޭގައި:
 މައްޔިތުންނާއި ބުދުތަކަށް ކަންކަމަށް އެދި ދުޢާކުރުމާއި، އެ ތަކެތީގެ ކިބައިން މަދަދަށް އެދުމާއި، އެ ތަކެއްޗަށް ނަދުރު ބުނުމާއި، އެތަކެއްޗަށް ކަތިލުމާއި، އަދިވެސް އެފަދަ ކަންކަން ހިމެނެއެވެ."
الشرك الأصغر : فهو ما ثبت بالنصوص من الكتاب أو السنة تسميته شركًا ، ولكنه ليس من جنس الشرك الأكبر ؛ كالرياء في بعض الأعمال ، والحلف بغير الله ، وقول : ما شاء الله وشاء فلان ، ونحو ذلك ؛ لقول النبي -صلى الله عليه وسلم-:,ކުޑަ ޝިރުކަކީ: އެއީ ޤުރުއާނުގެ ނައްޞުން ނުވަތަ ސުންނަތުން އެއީ ޝިރުކެއްކަމަށް ނަންދެވުން ޘާބިތުވެފައި، ނަމަވެސް ބޮޑު ޝިރުކުގެ ޖިންސުގެ ތެރެއިން ހިމެނިގެންނުވާ ކަންކަމެވެ. މިސާލަކަށް: ބައެއް ޢަމަލުތަކުގައި ކަންދެއްކުމެވެ. އަދި ﷲ ނޫން ފަރާތެއް ގަންދީ ހުވާކުރުމެވެ. އަދި މިވެނިކަމެއްވީ ﷲ ގެ އިރާދައާއި އަދި މިވެނި މީހަކު އެދުނު ގޮތަށް ކަމަށް ބުނުމެވެ. އަދިވެސް އެފަދަ ޖުމުލަތަކެވެ. އެއީ ނަބިއްޔާ صَلَّى اللهُ عَلَيْهِ وَسَلَّمَގެ އަންނަނިވި ބަސްފުޅަށްޓަކައިއެވެ:
"""أخوف ما أخاف عليكم الشرك الأصغر"" فسئل عنه ، فقال : ""الرياء"" [2]","""ތިމަންކަލޭގެފާނު ތިޔަބައިމީހުންގެ މައްޗަށް އެންމެ ބޮޑަށް ބިރުހީވާ ކަމަކީ ކުޑަ ޝިރުކެވެ."" ދެން އެއީ ކޮންކަމެއްތޯ ސުވާލުދެންނެވުނެވެ. އެހިނދު ޙަދީޘްކުރެއްވިއެވެ: ""އެއީ ކަންދެއްކުމެވެ."" [2]"
رواه الإمام أحمد ، والطبراني ، والبيهقي ، عن محمود بن لبيد الأنصاري -رضي الله عنه- بإسناد جيد ، ورواه الطبراني بأسانيد جيدة ، عن محمود بن لبيد ، عن رافع بن خديج ، عن النبي -صلى الله عليه وسلم- .,"ރިވާކުރެއްވީ الإمام أحمد އާއި الطبراني އާއި البيهقي އެވެ. އެއީ محمود بن لبيد الأنصاري -رضي الله عنه- ގެ ކިބައިންނެވެ. އޭގެ ސަނަދު ރަނގަޅެވެ. 
 އަދި الطبراني ރަނގަޅު ސަނަދުތަކަކުން محمود بن لبيد ގެކިބައިން رافع بن خديج ގެ ކިބައިން نبي އާ صلى الله عليه وسلم ގެ އަރިހުން ރިވާކުރައްވާފައިވެއެވެ."
[2] أخرجه الإمام أحمد (5/ 428)، والطبراني في الكبير (4/ 338)، والبيهقي في الشعب (14/ 355)، قال في مجمع الزوائد (1/ 121) رواه أحمد ورجاله رجال الصحيح.,[2] ނެރުއްވީ އިމާމް އަޙްމަދު (5/ 428)، އަދި އައްޠަބަރާނީ އަލްމުޢުޖަމުލް ކަބީރުގައި (4/ 338)، އަދި އަލްބައިހަޤީ އައްޝުޢަބުގައި (14/ 355)،އަދި މަޖްމަޢުއް ޒަވާއިދުގައި ވިދާޅުވިއެވެ: (1/ 121) ރިވާކުރެއްވީ އަޙްމަދެވެ. އަދި އެކަލޭގެފާނުގެ ސަނަދުގެ ރިޖާލުންނަކީ ޞަޙީޙުގެ ރާވީންނެވެ.
وقوله -صلى الله عليه وسلم-,އަދި އެކަލޭގެފާނު صَلَّى اللهُ عَلَيْهِ وَسَلَّمَ ގެ ބަސްފުޅު:
(من حلف بشيء دون الله ففد أشرك) [3],"""ﷲ ފިޔަވައި އެހެން އެއްޗެއް ގަންދީ ހުވާކޮށްފި މީހާ ފަހެ ހަމަކަށަވަރުން ޝިރުކު ކޮށްފިއެވެ."" [3]"
رواه الإمام أحمد بإسناد صحيح ، عن عمر بن الخطاب -رضي الله عنه-,ރިވާކުރެއްވީ الإمام أحمد ޞައްހަ ސަނަދަކުން، عمر بن الخطاب -رضي الله عنه- ގެ ކިބައިންނެވެ.
ورواه أبو داود ، والترمذي بإسناد صحيح ، من حديث ابن عمر رضي الله عنهما ، عن النبي -صلى الله عليه وسلم- أنه قال :,އަދި أبو داود އާއި الترمذي ޞައްޙަ ސަނަދަކުން، އިބްނު ޢުމަރު رضي الله عنهما ގެ އަރިހުން، ނަބިއްޔާ صَلَّى اللهُ عَلَيْهِ وَسَلَّمَ ޙަދީޘްކުރެއްވިކަމަށް ރިވާކުރެއްވިއެވެ:
(من حلف بغير الله فقد كفر أو أشرك) [4],"""الله ނޫން ފަރާތެއް ގަންދީ ހުވައިކޮށްފި މީހާ ފަހެ ހަމަކަށަވަރުން އޭނާ ކާފަރު ވެއްޖެއެވެ. ނުވަތަ ޝިރުކު ކޮށްފިއެވެ."" [4]"
وقوله -صلى الله عليه وسلم-,އަދި އެކަލޭގެފާނު صَلَّى اللهُ عَلَيْهِ وَسَلَّمَ ގެ މި ބަސްފުޅެވެ:
(لا تقولوا : ما شاء الله وشاء فلان ، ولكن قولوا : ما شاء الله ثم شاء فلان) [5],"""ތިޔަބައި މީހުން ނުބުނާށެވެ. އެއީ ﷲ އެދިވޮޑިގަތް ގޮތެވެ. އަދި މިވެނި މީހަކު އެދުނުގޮތެވެ. ނަމަވެސް ތިޔަބައިމީހުން ބުނާށެވެ. އެއީ ﷲ އެދިވޮޑިގަތް ގޮތެވެ. ދެން މިވެނި މީހަކު އެދުނު ގޮތެވެ."" [5]"
أخرجه أبو داود بإسناد صحيح ، عن حذيفة بن اليمان رضي الله عنه .,ނެރުއްވީ أبو داود ޞައްޙަ ސަނަދަކުން ، حذيفة بن اليمان رضي الله عنه ގެ އަރިހުންނެވެ.
[3] أخرجه الإمام أحمد (1/ 47),[3] ނެރުއްވީ އިމާމު އަޙުމަދު (1/ 47) ގައިއެވެ.
[4] أخرجه أبو داود، برقم (3251) والترمذي، برقم (1535).,[4] މި ޙަދީޘް ނެރުއްވީ އަބޫ ދާވޫދު ނަންބަރު (3251) ގައި، އަދި އައްތިރްމިޛީ ނަންބަރު (1535) ގައިއެވެ.
[5] أخرجه أبو داود، برقم (4980)، وأحمد (5/ 384).,[5] މި ޙަދީޘް ނެރުއްވީ އަބޫ ދާވޫދު ނަންބަރު (4980)ގައި، އަދި އަޙްމަދު (5/ 384) ގައިއެވެ.
وهذا النوع لا يوجب الردة ، ولا يوجب الخلود في النار ، ولكنه ينافي كمال التوحيد الواجب .,ޝިރުކުގެ މި ބާވަތުން މީހާ މިއްލަތުން ބޭރެއް ނުވެއެވެ. އަދި ނަރަކައިގައި ދެމިއޮތުން ވާޖިބެއް ނުވެއެވެ. ނަމަވެސް އެމީހެއްގެ ކިބައިން ތައުޙީދުގެ ވާޖިބުވާ ފުރިހަމަކަން ނަފީކޮށްލައެވެ.
النوع الثالث: الشرك الخفي؛ ودليله قول النبي -صلى الله عليه وسلم-:,ތިންވަނަ ވައްތަރު: އެއީ ވަންހަނާވެގެންވާ (ނުވަތަ ފޮރުވިފައިވާ) ޝިރުކެވެ. ފަހެ އޭގެ ދަލީލަކީ ނަބިއްޔާ صَلَّى اللهُ عَلَيْهِ وَسَلَّمَ ގެ މިބަސްފުޅެވެ:
(ألا أخبركم بما هو أخوف عليكم عندي من المسيح الدجال ؟) قالوا : بلى يا رسول الله ، قال : (الشرك الخفي ، يقوم الرجل فيصلي فيزين صلاته لما يرى من نظر الرجل إليه } [6],"""މަސީޙުއް ދައްޖާލަށް ވުރެ ބޮޑަށް ތިމަން ކަލޭގެފާނު ތިޔަބައިމީހުންގެ މައްޗަށް ބިރުވެތިވެލައްވާ ކަމެއްގެ ޚަބަރު ތިމަންކަލޭގެފާނު ތިޔަބައިމީހުންނަށް ދެއްވަން ހެއްޔެވެ؟"" އަޞްޙާބުބޭކަލުން ދެންނެވިއެވެ: ""އާދޭހެވެ! އޭ االله ގެ ރަސޫލާއެވެ!"" ޙަދީޘްކުރެއްވިއެވެ: ""އެއީ ފޮރުވިފައިވާ ޝިރުކެވެ. (އޭގެ މިސާލަކީ) މީހަކު ނަމާދުކުރަން ތެދުވެ، ދެން މީހަކު ބަލާ ތަން ފެނުމުން (އެ މީހާއަށް ދެއްކުމަށް ޓަކައި) އޭނާގެ ނަމާދު ޒީނަތްތެރިކުރުމެވެ."" [6]"
رواه الإمام أحمد في مسنده ، عن أبي سعيد الخدري رضي الله عنه .,ރިވާކުރެއްވީ الإمام أحمد އެކަލޭގެފާނުގެ މުސްނަދުގައި ، أبو سعيد الخدري رضي الله عنه ގެ އަރިހުންނެވެ.
[6] أخرجه ابن ماجه برقم (4204) والإمام أحمد (3/ 30).,[6] މި ޙަދީޘް ނެރުއްވީ އިބްނު މާޖާ، ނަންބަރު (4204) ގައި، އަދި އިމާމް އަޙްމަދު (3/ 30) ގައިއެވެ.
ويجوز أن يقسم الشرك إلى نوعين فقط :,އަދި ޝިރުކު ހަމައެކަނި ދެ ބަޔަކަށް ބަހާލުންވެސް މައްސަލައެއް ނޫނެވެ:
أكبر وأصغر ، أما الشرك الخفي فإنه يعمهما؛,އެއީ ބޮޑު ޝިރުކާއި ކުޑަ ޝިރުކެވެ. އެހެނީ ވަންހަނާވެގެންވާ ޝިރުކު ދެބައިގައި އެކުލެވިފައިވާތީއެވެ؛
فيقع في الأكبر ، كشرك المنافقين ؛ لأنهم يخفون عقائدهم الباطلة ، ويتظاهرون بالإسلام رياء ، وخوفا على أنفسهم .,އެގޮތުން ބޮޑު ޝިރުކުގައިވެސް އެކަން ވެއެވެ. މިސާލަކަށް މުނާފިޤުންގެ ޝިރުކެވެ. އެހެނީ އެބައިމީހުންގެ ބާޠިލު ޢަޤީދާތައް ވަންހަނާކޮށް، އަދި ކަންދައްކަންވެގެން އަދި ލިބިދާނޭ ގެއްލުމަކަށް ބިރުން އިސްލާމްކަން ބޭރުފުށުން ދައްކައެވެ.
ويكون في الشرك الأصغر ، كالرياء ، كما في حديث محمود بن لبيد الأنصاري المتقدم ، وحديث أبي سعيد المذكور . والله ولي التوفيق .,އަދި ވަންހަނާވެގެންވާ ޝިރުކު، ކުޑަ ޝިރުކަށްވެސް ވަދެއެވެ. މިސާލަކަށް ދެއްކުންތެރިކަމެވެ. އެއީ އިސްވެދިޔަ محمود بن لبيد الأنصاريގެ ޙަދީޘް އާއި ބަޔާންކުރެވުނު أبو سعيد ގެ ޙަދީޘްގައި އައިސްފައިވާ ފަދައިންނެވެ. ތައުފީޤުދެއްވާ ފަރާތަކީ މާތް الله އެވެ.
الدرس الخامس: الإحسان,ފަސްވަނަ ފިލާވަޅު: އިޙުސާންތެރިކަން
ركن الإحسان ، وهو : أن تعبد الله كأنك تراه ، فإن لم تكن تراه فإنه يراك .,އިޙުސާންތެރިކަމުގެ ރުކުން: އެއީ ﷲ ދެކެދެކެހުރެގެން އަޅުކަންކުރާފަދައިން ތިބާ އެކަލާނގެއަށް އަޅުކަންކުރުމެވެ. އެހެނީ ތިބާއަށް އެކަލާނގެ ފެންނަކަމުގައި ނުވިޔަސް އެކަލާނގެ ތިބާ ދެކެވޮޑިގެންވެއެވެ.
الدرس السادس: شروط الصلاة,ހަވަނަ ފިލާވަޅު: ނަމާދުގެ ޝަރުޠުތައް
وهي تسعة :,އެއީ ނުވައެކެވެ:
الإسلام ، والعقل ، والتمييز ، ورفع الحدث ، وإزالة النجاسة ، وستر العورة ، ودخول الوقت ، واستقبال القبلة ، والنية .,މުސްލިމަކަށްވުން، ބުއްދި ހުރުން، ހެޔޮނުބައި ވަކިކުރަން އެނގުން، ދެ ހަދަޘުން ޠާހިރުވުން، ނަޖިހުން ޠާހިރުވުން، ޢައުރަ ނިވައިކުރުން، ވަގުތު ވަނުން، ގިބުލައަށް ކުރިމަތިލުން، ނިޔަތްގަތުން މިއެވެ.
الدرس السابع: أركان الصلاة,ހަތްވަނަ ފިލާވަޅު: ނަމާދުގެ ރުކުންތައް
وهي أربعة عشر :,އެއީ ސާދައެވެ:
القيام مع القدرة ، وتكبيرة الإحرام ، وقراءة الفاتحة ، والركوع ، والاعتدال بعد الركوع ، والسجود على الأعضاء السبعة ، والرفع منه ، والجلسة بين السجدتين ، والطمأنينة في جميع الأفعال ، والترتيب بين الأركان ، والتشهد الأخير ، والجلوس له ، والصلاة على النبي -صلى الله عليه وسلم-، والتسليمتان .,ކުޅަދާނަވެގެންވާ ނަމަ ކޮޅަށް ހުރުން، ހަށަންބަން ތަކުބީރުކިޔުން، ފާތިޙާ ސޫރަތް ކިޔެވުން، ރުކޫޢު ކުރުން، ރުކޫޢިން ތެދުވެ އިޢުތިދާލަށް ހުރުން، ހަތް ގުނަވަންމަތީ ސަޖިދަކުރުން، ސަޖިދައިން ތެދުވުން، ދެ ސަޖިދަ ދެމެދު އިށީދެގެން އިނުން، ހުރިހާ ޙަރަކާތެއްގައި ހަމަހިމޭންވުން، ރުކުންތައް ތަރުތީބުކުރުން، ފަހު އައްތަޙިއްޔާތު ކިޔުން، ފަހު އައްތަޙިއްޔާތަށް އިށީންނުން، ނަބިއްޔާ صَلَّى اللهُ عَلَيْهِ وَسَلَّمَ ގެ މައްޗަށް ޞަލަވާތްކިޔެވުން، ދެ ފަހަރު ސަލާމް ދިނުން.
الدرس الثامن: واجبات الصلاة,އަށްވަނަ ފިލާވަޅު: ނަމާދުގެ ވާޖިބުތައް
وهي ثمانية :,އެއީ އަށެކެވެ:
جميع التكبيرات غير تكبيرة الإحرام ، وقول : (سمع الله لمن حمده) للإمام والمنفرد ، ، وقول : (ربنا ولك الحمد) للكل ، وقول : (سبحان ربي العظيم) في الركوع ، وقول : (سبحان ربي الأعلى) في السجود ، وقول : (رب اغفر لي) بين السجدتين ، والتشهد الأول ، والجلوس له .,ހަށަންބަން ތަކުބީރު ފިޔަވައި އެހެން ހުރިހާ ތަކުބީރުތައް ކިޔުން، އިމާމު މީހާއާއި އެކަނި ނަމާދު ކުރާ މިހާ (سمع الله لمن حمده) ގެ ކަލިމަ ކިޔުން، (ربنا ولك الحمد) ގެ ކަލިމަ ކިޔުން (ހުރިހާ މީހުން)، ރުކޫޢުގައި (سبحان ربي العظيم)ގެ ކަލިމަ ކިޔުން، ސަޖިދައިގައި (سبحان ربي الأعلى) ގެ ކަލިމަ ކިޔުން، ދެ ސަޖިދަ ދެމެދު (رب اغفر لي) ގެ ކަލިމަ ކިޔުން، ފުރަތަމަ އައްތަޙިއްޔާތު ކިޔުން، ފުރަތަމަ އައްތަޙިއްޔާތަށް އިށީންނުން މިއެވެ.
الدرس التاسع: بيان التشهد,ނުވަނަ ފިލާވަޅު: ތަޝައްހުދު (އައްތަޙިއްޔާތު) ބަޔާންކުރުން
وهو أن يقول :,އެއީ އަންނަނިވި ފަދައިން ކިޔުމެވެ:
(التحيات لله ، والصلوات والطيبات ، السلام عليك أيها النبي ورحمة الله وبركاته ، السلام علينا وعلى عباد الله الصالحين ، أشهد ألا إله إلا الله ، وأشهد أن محمدا عبده ورسوله) .,"(التَّحِيَّاتُ لِلَّهِ وَالصَّلَوَاتُ وَالطَّيِّبَاتُ، السَّلَامُ عَلَيْكَ أَيُّهَا النَّبِيُّ وَرَحْمَةُ اللَّهِ وَبَرَكَاتُهُ، السَّلاَمُ عَلَيْنَا وَعَلَى عِبَادِ اللَّهِ الصَّالِحِينَ، أَشْهَدُ أَنْ لَا إِلٰهَ إِلَّا اللَّهُ وَأَشْهَدُ أَنَّ مُحَمَّدًا عَبْدُهُ وَرَسُولُهُ)
 (މާނައީ: ހެޔޮވެގެންވާ މަތިވެރިކުރެވޭ ތަޙިއްޔާތަކާއި، ޞަލަވާތްތައްވަނީ ﷲ އަށެވެ. އޭ ނަބިއްޔާއެވެ. ކަލޭގެފާނުގެ މައްޗަށް ސަލާމްހުއްޓެވެ. އަދި ﷲ ގެ ރަޙްމަތާއި ބަރަކާތްހުއްޓެވެ. އަޅަމެންގެ މައްޗަށާއި، އަދި ﷲ ގެ ޞާލިޙު އަޅުތަކުންނަށް ސަލާމްހުއްޓެވެ. ﷲ ފިޔަވައި ޙައްޤުވެގެން އަޅުކަންވެވޭ އިލާހަކު ނުވާކަމަށާއި، އަދި މުޙައްމަދުގެފާނީ ﷲ ގެ އަޅާ އަދި ރަސޫލާކަމަށް އަޅު ހެކިވަމެވެ.)"
ثم يصلي على النبي -صلى الله عليه وسلم- ويبارك عليه ، فيقول :,ދެން ނަބިއްޔާ صَلَّى اللهُ عَلَيْهِ وَسَلَّمَ އަށް ޞަލަވާތް ކިޔަވައި ބަރަކާތްލެއްވުން އެދި ދުޢާކުރާނީއެވެ. އެގޮތުން އޭނާ މިހެން ކިޔާހުށިއެވެ:
(اللهم صل على محمد ، وعلى آل محمد ، كما صليت على إبراهيم وعلى آل إبراهيم ، إنك حميد مجيد ، وبارك على محمد ، وعلى آل محمد ، كما باركت على إبراهيم ، وعلى آل إبراهيم إنك حميد مجيد) .,"«اللَّهُمَّ صَلِّ عَلَى مُحَمَّدٍ وَعَلَى آلِ مُحَمَّدٍ، كَمَا صَلَّيْتَ عَلَى إبراهيم، وعلى آلِ إِبْرَاهِيمَ، إِنَّكَ حَمِيدٌ مَجِيدٌ، وَبَارِكْ عَلَى مُحَمَّدٍ وَعَلَى آلِ مُحَمَّدٍ، كَمَا بَارَكْتَ عَلَى إبراهيم، وعلى آلِ إِبْرَاهِيمَ، إِنَّكَ حَمِيدٌ مَجِيدٌ».
 (އޭ ﷲ! މުޙައްމަދުގެފާނު މައްޗަށާއި އަދި މުޙައްމަދުގެފާނުގެ އާލުންގެ މައްޗަށް ޞަލަވާތް ލައްވާށިއެވެ! އެއީ އިބައިލާހު އިބްރާހީމުގެފާނަށާއި އެކަލޭގެފާނުގެ އާލުންގެ މައްޗަށް ޞަލަވާތް ލެއްވި ފަދައިންނެވެ. ހަމަކަށަވަރުން އިބައިލާހުއީ ޙަމްދުލިބިވޮޑިގެންވާ މާތްވަންތަ އިލާހެވެ. އަދި މުޙައްމަދުގެފާނު މައްޗަށާއި، އަދި މުޙައްމަދުގެފާނުގެ އާލުންގެ މައްޗަށް ބަރަކާތް ލައްވާށިއެވެ! އެއީ އިބައިލާހު އިބްރާހީމްގެފާނަށާއި އެކަލޭގެފާނުގެ އާލުންގެ މައްޗަށް ބަރަކާތް ލެއްވި ފަދައިންނެވެ. ހަމަކަށަވަރުން އިބައިލާހުއީ ޙަމްދުލިބިވޮޑިގެންވާ މާތްވަންތަ އިލާހެވެ. )"
ثم يستعيذ بالله في التشهد الأخير من عذاب جهنم ، ومن عذاب القبر ، ومن فتنة المحيا والممات ، ومن فتنة المسيح الدجال ، ثم يَتَخير من الدعاء ما شاء ، ولا سيما المأثور من ذلك ، ومنه :,ދެން ފަހު އައްތަޙިއްޔާތުގައި ޖަހަންނަމައިގެ ޢަޛާބުންނާއި، ގަބުރުގެ ޢަޛާބުންނާއި، ދިރިހުރުމާއި މަރުވުމުގެ ފިތުނައިންނާއި، މަސީޙުއް ދައްޖާލުގެ ފިތުނައިން ރައްކާތެރިކޮށްދެއްވުމަށް އެދި ﷲ ގެ ޙަޟްރަތަށް ދަންނަވާނީއެވެ. ދެން އެއަށްފަހު އެ މީހަކު ބޭނުންވާ ދުޢާއެއްކުރާނީއެވެ. ޚާއްޞަކޮށް ސުންނަތުން އައިސްފައިވާ ދުޢާތަކެވެ. އޭގެ ތެރޭގައި އަންނަނިވި ދުޢާވެއެވެ:
(اللهم أَعِني على ذكرك وشكرك وحسن عبادتك ، اللهم إني ظلمت نفسي ظلما كثيرا ، ولا يغفر الذنوب إلا أنت ، فاغفر لي مغفرة من عندك ، وارحمني إنك أنت الغفور الرحيم) .,"(اللهم أَعِني على ذكرك وشكرك وحسن عبادتك ، اللهم إني ظلمت نفسي ظلما كثيرا ، ولا يغفر الذنوب إلا أنت ، فاغفر لي مغفرة من عندك ، وارحمني إنك أنت الغفور الرحيم
 އޭ ﷲ! އިބައިލާހުގެ ހަނދުމަކޮށް ޛިކުރުކުރުމާއި، އިބައިލާހަށް ޝުކުރުކުރުމާއި، އަދި އިބައިލާހަށް ރިވެތިކޮށް އަޅުކަންކުރުމުގެ މައްޗަށް މިއަޅާއަށް ވާގިވެރިވޮޑިގަންނަވާނދޭވެ! އޭ ﷲ! ހަމަކަށަވަރުން މިއަޅާވަނީ މިއަޅާގެ އަމިއްލަ ނަފުސަށް ގިނަވެގެންވާ އަނިޔާވެރިވުމަކުން އަނިޔާވެރިވެފައެވެ. އަދި އިބައިލާހު ފިޔަވައި ފާފަތައް ފުއްސަވާނެ އެހެން އެއްވެސް ފަރާތެއް ނުވެއެވެ. ފަހެ އިބައިލާހުގެ ޙަޟުރަތުންވާ ފާފަފުއްސެވުމަކުން މިއަޅާއަށް ފާފަފުއްސަވާނދޭވެ! އަދި މިއަޅާއަށް ރަޙުމްކުރައްވާށިއެވެ. ހަމަކަށަވަރުން އިބައިލާހުއީ ގިނަގިނައިން ފާފަފުއްސަވާ އޯގާވަންތަ ރަސްކަލާނގެއެވެ."
أما في التشهد الأول فيقوم بعد الشهادتين إلى الثالثة في الظهر والعصر والمغرب والعشاء ، وإن صلى على النبي -صلى الله عليه وسلم- فهو أفضل ؛ لعموم الأحاديث في ذلك ، ثم يقوم إلى الثالثة .,ދެންފަހެ ފުރަތަމަ އައްތަޙިއްޔާތުގައި ޝަހާދަތުގެ ދެކަލިމަ ނިމުމުން ތިންވަނަ ރަކުޢަތަށް ތެދުވާނީއެވެ. އެއީ މެންދުރު ނަމާދާއި ޢަޞްރު ނަމާދާއި މަޣުރިބު ނަމާދާއި ޢިޝާ ނަމާދުގައިއެވެ. އަދި އޭނާ ނަބިއްޔާ صَلَّى اللهُ عَلَيْهِ وَسَلَّمَ އަށް ޞަލަވާތް ކިޔަވައިފިނަމަ އެގޮތް މޮޅުއިތުރުވެގެންވެއެވެ. އެއީ އެކަމުގައިވާ ޙަދީޘްތައް ޢާއްމުކޮށް ވާތީއެވެ. ދެން އެއަށްފަހު ތިންވަނަ ރަކުޢަތަށް ތެދުވާނީއެވެ.
الدرس العاشر: سنن الصلاة,ދިހަވަނަ ފިލާވަޅު: ނަމާދުގެ ސުންނަތްތައް
ومنها :,އޭގެތެރޭގައި ހިމެނެނީ :
1- الاستفتاح .,1- دعاء الإستفتاح ކިޔުން.
2- جعل كف اليد اليمنى على اليسرى فوق الصدر حين القيام ، قبل الركوع وبعده .,2- ރުކޫޢުގެ ކުރިން އަދި ރުކޫޢުގެ ފަހުންވެސް ޤިޔާމުގައި ކޮޅަށް ހުންނަ ވަގުތުގައި މޭމަތީގައި ވައަތްމަތީ ކަނާތުގެ އަތްތިލަ ބާއްވައިގެން ހަށަންބަނުން
3- رفع اليدين مضمومتي الأصابع ممدودة حذو المنكبين أو الأذنين عند التكبير الأول ، وعند الركوع ، والرفع منه ، وعند القيام من التشهد الأول إلى الثالثة .,3- ހަށަންބަން ތަކުބީރު ކިޔާ ހިނދުގައްޔާއި، ރުކޫޢަށް ދާ ހިނދުގައްޔާއި، ރުކޫޢިން ތެދުވާ ހިނދުގައްޔާއި، ފުރަތަމަ އައްތަޙިއްޔާތުން ތިންވަނަ ރަކުޢަތަށް ތެދުވާހިނދުގައި އަތުގެ އިނގިލިތައް ކައިރިކޮށްގެން ތެދަށް ބަހައްޓައިގެން ދެއަތް ދެކޮނޑާ ހަމަޔަށް ނުވަތަ ކަންފަތާ ހަމަޔަށްވާގޮތަށް އަތްނެގުމެވެ.
4- ما زاد عن واحدة في تسبيح الركوع والسجود .,4- ރުކޫޢާއި ސަޖިދައިގައި ތަސްބީޙަ އެއްފަހަރަށްވުރެ ގިނައިން ކިޔުން.
5- ما زاد على قول : (ربنا ولك الحمد) بعد القيام من الركوع ، وما زاد عن واحدة في الدعاء بالمغفرة بين السجدتين .,5- ރުކޫޢުން ތެދުވެ (ربنا ولك الحمد) މި ކަލިމައަށްވުރެ އިތުރަށް ކިއުން. އަދި ދެ ސަޖިދަ ދެމެދު ފާފަ ފުއްސެވުމަށް އެދި ދުޢާކުރުމުގެ އިތުރަށް ކިޔުން.
6- جعل الرأس حيال الظهر في الركوع .,6- ރުކޫގައި ބޯ ބުރަކަށްޓާ އެއްވަރަށް ބެހެއްޓުން.
7- مجافاة العضدين عن الجنبين ، والبطن عن الفخذين ، والفخذين عن الساقين في السجود .,7- ސަޖިދާގައި ދެ އަތުގެ މުލައްދަނޑި އަރިކަށިން ފޭކޮށް، އަދި ބަނޑު މާކަޅުވާ މަސްގަނޑުން ފޭކޮށް، އަދި މާކަޅުވާ މަސްގަނޑު ކަށިމައްޗާ ފޭކޮށްފައި ބެހެއްޓުން.
8- رفع الذراعين عن الأرض حين السجود .,8- ސަޖިދައިގައި އޮންނައިރު ދެ އަތްދަނޑި ބިންމަތީގައި ނުޖެހޭވަރަށް އުފުލައިފައި ބެހެއްޓުން.
9- جلوس المصلي على رجله اليسرى مفروشة ، ونصب اليمنى في التشهد الأول وبين السجدتين .,9- ފުރަތަމަ އައްތަޙިއްޔާތާއި ދެ ސަޖިދަ ދެމެދު އިންނަ ހިނދު ވައަތު ފައި ފަތުރައިންގެން ވައަތު ފައިތިލަ މަތީ އިނދެ، ކަނާތު ފައިތިލަ ވިއްދައިގެން އިނުން.
10- التورك في التشهد الأخير في الرباعية والثلاثية وهو : الجلوس على مقعدته وجعل رجله اليسرى تحت اليمنى ونصب اليمنى .,"10- ތިން ރަކުޢަތާއި ހަތަރު ރަކުޢަތް ނަމާދުގައި ފަހު އައްތަޙިއްޔާތުގައި ތަވައްރުކަށް އިނުމެވެ. 
 ތަވައްރުކަށް އިނުމަކީ: އެއީ ބުޑުމަސްގަނޑުގެ ޖައްސައިގެން އިނދެ، ކަނާތު ފައި ދަށުގައި ވާތު ފައި ބާއްވާ، ކަނާތުފައި ބިންމަތީ ވިއްދައިގެން އިނުމެވެ."
11- الإشارة بالسبابة في التشهد الأول والثاني من حين جلس إلى نهاية التشهد وتحريكها عند الدعاء .,11- ފުރަތަމަ އައްތަޙިއްޔަތާއި ދެވަނަ އައްތަޙިއްޔާތުގައި އިށީންނުމަށްފަހު ނިމެންދެން ކަނާތުގެ ޝަހާދަތް އިނގިލިން އިޝާރާތްކޮށްގެން އިނުން. އަދި ދުޢާ ކުރާއިރު އިނގިލި ޙަރަކާތްކުރުން.
12- الصلاة والتبريك على محمد ، وآل محمد ، وعلى إبراهيم ، وآل إبراهيم في التشهد الأول .,12- ފުރަތަމަ އައްތަޙިއްޔާތުގައި މުޙައްމަދުގެފާނަށާއި މުޙައްމަދުގެފާނުންގެ އާލުންނާއި، އަދި އިބުރާހީމުގެފާނާއި އިބުރާހީމުގެފާނުގެ އާލުންނަށް ޞަލަވާތާއި ބަރަކާތް ލެއްވުންއެދި ދުޢާކުރުން.
13- الدعاء في التشهد الأخير .,13- ފަހު އައްތަޙިއްޔާތުގައި ދުޢާކުރުން.
14- الجهر بالقراءة في صلاة الفجر ، وصلاة الجمعة ، وصلاة العيدين ، والاستسقاء ، وفي الركعتين الأوليين من صلاة المغرب والعشاء .,14- ފަތިސް ނަމާދާއި، ހުކުރު ނަމާދާއި، ދެ ޢީދު ނަމާދާއި، އިސްތިސްޤާ ނަމާދާއި، މަޣުރިބު ނަމާދު އަދި ޢިޝާ ނަމާދުގެ ފުރަތަމަ ދެ ރަކުޢަތުގައި އަޑުހަރުކޮށް ކިޔެވުން.
15- الإسرار بالقراءة في الظهر ، والعصر ، وفي الثالثة من المغرب ، والأخيرتين من العشاء .,15- މެންދުރު ނަމާދާއި، ޢަޞްރު ނަމާދާއި، މަޣުރިބު ނަމާދުގެ ތިންވަނަ ރަކުޢަތުގައްޔާއި، ޢިޝާ ނަމާދުގެ ފަހު ދެ ރަކުޢަތުގައި ސިއްރުން ކިޔެވުން.
16- قراءة ما زاد عن الفاتحة من القرآن ، مع مراعاة بقية ما ورد من السنن في الصلاة سوى ما ذكرنا ، ومن ذلك : ما زاد على قول المصلي : (ربنا ولك الحمد) ، بعد الرفع من الركوع في حق الإمام ، والمأموم ، والمنفرد ، فإنه سنة ، ومن ذلك أيضا : وضع اليدين على الركبتين مفرجتي الأصابع حين الركوع .,16- ފާތިޙާ ސޫރަތުގެ އިތުރުން ޤުރުއާނުން ބައެއް ކިޔެވުމެވެ. އަދި އަހަރުމެން ބަޔާންކުރި ސުންނަތްތައް ފިޔަވައި ނަމާދުގައި އައިސްފައިވާ އެހެން ސުންނަތްތަކަށްވެސް ރިޢާޔަތްކުރުމާ އެކުގައިއެވެ. އޭގެތެރޭގައި: ރުކޫޢުން ތެދުވަމުން ربنا ولك الحمد އަށްފަހު އިތުރަށް ކިޔާބައިވެއެވެ. އެއީ އިމާމާއި މައުމޫމާއި އަދި ވަކިން ނަމާދުކުރާ މީހާ ކަމުގައި ވިޔަސްމެއެވެ. ފަހެ ހަމަކަށަވަރުން އެގޮތަށް އިތުރުކުރެވޭ ތަކެއްޗަކީ ސުންނަތެވެ. އަދިވެސް ސުންނަތެއްގެ ގޮތުގައި ހިމެނޭ އެއްކަމަކީ: ރުކޫޢުގައި އަތުގެ އިނގިލިތައް ފޭކޮށް އަތަށް ބާރުލައި ދެ ކަކުލުގައި ހިފެހެއްޓުމެވެ.
الدرس الحادي عشر: مبطلات الصلاة,އެގާރަވަނަ ފިލާވަޅު: ނަމާދު ބާޠިލުވާ ކަންކަން
وهي ثمانية :,އެއީ އަށެކެވެ:
1- الكلام العمد مع الذكر والعلم ، أما الناسي والجاهل فلا تبطل صلاته بذلك .,1- (ޙުކުމް) އެނގިހުރެ ހަނދާންހުރެ ގަސްތުގައި ވާހަކަ ދެއްކުމެވެ. ދެންފަހެ ހަނދާންނެތިގެން އަދި ނޭނގިގެން އެކަންކުރާ މީހާގެ ނަމާދު އެކަމުން ބާޠިލުނުވެއެވެ.
2- الضحك .,2- ހުނުމެވެ.
3- الأكل .,3- ކެއުމެވެ.
4- الشرب .,4- ބުއިމެވެ.
5- انكشاف العورة .,5- ޢައުރަ ކަޝްފުވުމެވެ.
6- الانحراف الكثير عن جهة القبلة .,6- ބޮޑު ތަނުން ޤިބުލައިން ފޭވުން.
7- العبث الكثير المتوالي في الصلاة .,7- ނަމާދުގައި ބޭކާރު ކަންކަން ފުލުފުލުން ކުރުން ގިނަކުރުން.
8- انتقاض الطهارة .,8- ޠަހާރަތު ގެއްލުން.
الدرس الثاني عشر: شروط الوضوء,ބާރަވަނަ ފިލާވަޅު: ވުޟޫގެ ޝަރުޠުތައް
وهي عشرة :,އެއީ ދިހައެކެވެ:
الإسلام ، والعقل ، والتمييز ، والنية ، واستصحاب حكمها بأن لا ينوي قطعها حتى تتم طهارته ، وانقطاع موجب الوضوء ، واستنجاء أو استجمار قبله ، وطهورية ماءه وإباحته ، وإزالة ما يمنع وصوله إلى البشرة ، ودخول وقت الصلاة في حق من حدثه دائم .,މުސްލިމަކަށް ވުމާއި، ބުއްދި ހުރުމާއި، ހެޔޮނުބައި ވަކިކުރަން އެނގުމާއި، ނިޔަތްގަތުމާއި، ވުޟޫ ފުރިހަމަވަންދެން މެދުކަނޑައިލުމަށް ނިޔަތްނުގަނެ ނިޔަތް މަތީގައި ހުރުމާއި، ވުޟޫކުރަންޖެހޭ ސަބަބު މެދުކެނޑުމާއި، ވުޟޫގެ ކުރިން އިސްތިޖްމާރު ނުވަތަ އިސްތިންޖާކޮށްފައިވުމާއި، ޠަހޫރު ހުއްދަ ފެންކަމުގައިވުމާއި، ހަމުގައި ފެންޖެހުން މަނާކުރާ ހުރަހެއް ނެތުމާއި، ދާއިމަށް ޙަދަޘްވެރިވެފައިވާ މީހާގެ ޙައްޤުގައި ނަމާދު ވަޤުތު ވަނުމެވެ.
الدرس الثالث عشر: فروض الوضوء,ތޭރަވަނަ ފިލާވަޅު: ވުޟޫގެ ފަރުޟުތައް
وهي ستة :,އެއީ ހަޔެކެވެ:
غسل الوجه ومنه المضمضة والاستنشاق ، وغسل اليدين مع المرفقين ، ومسح جميع الرأس ومنه الأذنان ، وغسل الرجلين مع الكعبين ، والترتيب ، والموالاة .,މޫނު ދޮވުމެވެ. އޭގެ ތެރޭގައި އަނގަޔަށް ފެންލުމާއި ނޭފަތަށް ފެންލުން ހިމެނެއެވެ. އަދި ދެއަތް ދެ އުޅަނބޮށްޓާއެކު ދޮވުމެވެ. އަދި މުޅި ބޮލުގައި ފެންފުހުމެވެ. އަދި އޭގައި ދެ ކަންފަތްވެސް ހިމެނެއެވެ. އަދި ދެފައިތިލަ ދެ ތަނބިކައްޓާއެކު ދޮވުމެވެ. އަދި (އިސްވެދިޔަ ފަރުޟުތައް) ތަރުތީބުން ކުރުމާއި މުވާލާތުކުރުމެވެ. (މެދުކެނޑުމެއް ނެތި ކުރުމެވެ.)
يستحب تكرار غسل الوجه ، واليدين ، والرجلين ثلاث مرات ، وهكذا المضمضة ، والاستنشاق ، والفرض من ذلك مرة واحدة ، أما مسح الرأس فلا يستحب تكراره كما دلت على ذلك الأحاديث الصحيحة .,މޫނާއި، ދެ އަތާއި، ދެ ފައި ދޮވުމުގައި ތިންފަހަރު ތަކުރާރު ކުރުން މުސްތަޙައްބުވެގެންވެއެވެ. އަދި އަނގަޔާއި ނޭފަތަށް ފެންލުމުގައިވެސްމެއެވެ. އަދި ފަރުޟުވެގެންވަނީ (ވުޟޫގެ ގުނަވަންތަކަށް ފެންލުމާއި ދޮވުމުގައި) އެއް ފަހަރެވެ. ދެންފަހެ ބޮލުގައި ފެންފުހުމަށް ބަލާއިރު ތަކުރާރުކުރުން އެދެވިގެން ނުވެއެވެ. އެއީ ޞައްޙަ ޙަދީޘްތަކުން ދަލީލުކުރި ގޮތަށެވެ.
الدرس الرابع عشر: نواقض الوضوء,ސާދަވަނަ ފިލާވަޅު: ވުޟޫ ގެއްލޭ ކަންތައް
وهي ستة :,އެއީ ހަޔެކެވެ:
الخارج من السبيلين ، والخارج الفاحش النجس من الجسد ، وزوال العقل بنوم أو غيره ، ومس الفرج باليد قبلًا كان أو دبرًا من غير حائل ، وأكل لحم الإبل ، والردة عن الإسلام ، أعاذنا الله والمسلمين من ذلك .,އެއީ ދެ ދޮރުންކުރެ ދޮރަކުން އެއްޗެއް ބޭރުވުން، އަދި ހަށިގަނޑުގެ އެހެން ތަނަކުން ނަޖިހެއް ވަރަށް ބޮޑަށް ބޭރުވުން، އަދި ނިދުމުން ނުވަތަ އެހެންގޮތަކުން ވިޔަސް ބުއްދި ފިލައިދިއުން، އަދި އާދަމުގެ ދަރިޔާގެ ލަދުވެތި ދެ ދޮރުންކުރެ ދޮރެއްގައި ހަންހުރަހަކާއި ނުލައި ބީހުން، އަދި ޖަމަލު މަސްކެއުން އަދި އިސްލާމްދީނުން މުރުތައްދު ވުން މިއެވެ. މުރުތައްދުވުމުގެ ނުރައްކަލުން އަހަރުމެންނާއި މުސްލިމު ކަތުން ﷲ ސަލާމަތް ކުރައްވާށިއެވެ.
تنبيه هام : أما غسل الميت : فالصحيح أنه لا ينقض الوضوء ، وهو قول أكثر أهل العلم ؛ لعدم الدليل على ذلك ، لكن لو أصابت يد الغاسل فرج الميت من غير حائل وجب عليه الوضوء .,މުހިންމު ބަޔާނެއް: އެންމެ ޞައްޙަ ޤައުލަކީ މައްޔިތާ ހިނެއުމަކުން ވުޟޫ ނުގެއްލުމެވެ. އަދި އެއީ ގިނަ ޢިލްމުވެރީންގެ ޤައުލެވެ. އެހެނީ އެކަމުގެ މައްޗަށް ދަލީލެއް ނުވާތީއެވެ. ނަމަވެސް ހިނަވާ މީހާގެ އަތް މައްޔިތާގެ ފަރުޖުގައި ހަންހުރަހަކާ ނުލައި ބީހިއްޖެ ނަމަ އެ މީހެއްގެ މައްޗަށް ވުޟޫކުރުން ވާޖިބުވާނެއެވެ.
والواجب عليه ألا يمس فرج الميت إلا من وراء حائل ، وهكذا مس المرأة لا ينقض الوضوء مطلقًا ، سواء كان ذلك عن شهوة ، أو غير شهوة في أصح قولي العلماء ما لم يخرج منه شيء ، لأن النبي -صلى الله عليه وسلم- قبل بعض نسائه ثم صلى ولم يتوضأ .,"އަދި އެމީހާގެ މައްޗަށް ވާޖިބުވެގެންވަނީ މައްޔިތާގެ ފަރުޖުގައި ހަންހުރަހަކާއެކު ނޫނީ ނުބީހުމެވެ. 
 އަދި އެހެންމެ ޢިލްމުވެރިންގެ ދެ ޤައުލުންކުރެ އެންމެ ޞައްޙަ ޤައުލުގެ މައްޗަށް: އަންހެނާގައި ބީހުމަކުން މުޠުލަޤުކޮށް ވުޟޫ ނުގެއްލޭނެއެވެ. ޝަހުވަތަކާއެކު ވިޔަސް ނުވަތަ ޝަހުވަތަކާ ނުލައިވިޔަސްމެއެވެ. އޭނާގެ ފުށުން އެއްޗެއް ބޭރުނުވާހާ ހިނދަކުއެވެ. އެހެނީ ނަބިއްޔާ ﷺ، އެކަލޭގެފާނުގެ ބައެއް އަނބިއަނބިކަނބަލުންނަށް ބޮސްދެއްވާފައި ދެން ވުޟޫކުރެއްވުމެއް ނެތި ނަމާދުކުރައްވައެވެ."
أما قول الله سبحانه في آيتي النساء ، والمائدة :,ދެންފަހެ އައްނިސާ ސޫރަތާއި އަލްމާއިދާ ސޫރަތުގެ ދެ އާޔަތުގައިވާ މާތް الله ގެ ބަސްފުޅު:
﴿أَوۡ لَٰمَسۡتُمُ ٱلنِّسَآءَ﴾,(ނުވަތަ ތިޔަބައިމީހުން އަންހެނުންގެ ގައިގައި ބީހިގަނެއްޖެ ނަމައެވެ.)
[ النساء : 43 ],[އައްނިސާއު: 43 ]
[ المائدة : 6 ] ،,[އަލްމާއިދާ : 6 ] ،
فالمراد به : الجماع ، في الأصح من قولي العلماء ، وهو قول ابن عباس رضي الله عنهما ، وجماعة من السلف والخلف .,އޭގެ މުރާދަކީ ޖިމާޢުވުމެވެ. ދަންނަބޭކަލުންގެ ދެ ޤައުލުންކުރެ އެންމެ ޞައްޙަ ޤައުލުގައިއެވެ. އަދި އެއީ އިބްނު ޢައްބާސް رضي الله عنهما އާއި ސަލަފުންނާއި ފަހުގެ ޢިލްމުވެރިންގެ ޖަމާޢަތެއްގެ ޤައުލެވެ.
والله ولي التوفيق .,ތައުފީޤު ދެއްވާ ފަރާތަކީ މާތް الله އެވެ.
الدرس الخامس عشر: التحلي بالأخلاق المشروعة لكل مسلم,ފަނަރަވަނަ ފިލާވަޅު: ކޮންމެ މުސްލިމަކު ޝަރުޢުވެގެންވާ އަޚްލާޤީ ޞިފަތަކުން ޞިފަ ލިބިގަތުން.
ومنها : الصدق ، والأمانة ، والعفاف ، والحياء ، والشجاعة ، والكرم ، والوفاء ، والنزاهة عن كل ما حرم الله ، وحسن الجوار ، ومساعدة ذوي الحاجة حسب الطاقة ، وغير ذلك من الأخلاق التي دل الكتاب أو السنة على شرعيتها .,އޭގެ ތެރޭގައި: ތެދުވެރިކަން، އަމާނަތްތެރިކަން، ޢިއްފަތްތެރިކަން، ލަދުވެތިކަން، ހިތްވަރުގަދަކަން، ދީލަތިކަން، ވަފާތެރިކަން، ﷲ ޙަރާމްކުރެއްވި ކޮންމެ ކަމަކުން ދުރުވެ ނަޒާހަތްތެރިވުން، އަވަށްޓެރިޔާއަށް ކަމޭހިތުން، ކުޅަދާނަވެގެންވީ މިންވަރަކުން ޙާޖަތްތެރީންނަށް އެހީވުން، އަދި އެނޫންވެސް ޤުރްއާނުން ނުވަތަ ސުންނަތުން އެ ޞިފައެެއް ޝަރުޢުވެގެންވާ ކަމަށް ދަލީލުކޮށްފައިވާ އަޚުލާޤީ ޞިފަތައް ހިމެނެއެވެ.
الدرس السادس عشر: التأدب بالآداب الإسلامية,ސޯޅަވަނަ ފިލާވަޅު: އިސްލާމީ އަދަބުތަކުން އަދަބުވެރިވުން
ومنها : السلام ، والبشاشة ، والأكل باليمين والشرب بها ، والتسمية عند الابتداء ، والحمد عند الفراغ ، والحمد بعد العطاس ، وتشميت العاطس إذا حمد الله ، وعيادة المريض ، واتباع الجنائز للصلاة والدفن ، والآداب الشرعية عند دخول المسجد ، أو المنزل والخروج منهما ، وعند السفر ، ومع الوالدين ، والأقارب والجيران ، والكبار والصغار، والتهنئة بالمولود ، والتبريك بالزواج ، والتعزية في المصاب ، وغير ذلك من الآداب الإسلامية في اللبس والخلع والانتعال .,އޭގެ ތެރޭގައި: ސަލާމްކުރުން، އަދި ހިނިތުންވުން، އަދި ކެއުމާއި ބުއިމުގައި ކަނައަތް އިސްކުރުން، އަދި ކާންބޯން ފެށުމުގެ ކުރިން ބިސްމި ކިޔުން، އަދި ކައިބޮއެ ނިމުމުން ޙަމްދު ކުރުން، އަދި ކިނބިހި އެޅުމުން ޙަމްދުުކުރުން، އަދި ކިނބިހި އެޅި މީހާ ޙަމްދު ކުރުމުން އޭނާއަށް ޖަވާބު ދިނުމުގައި (يرحمك الله) ކިޔުން، އަދި ބަލިމީހުންނަށް ޒިޔާރަތްކުރުން، އަދި ކަށުނަމާދުކުރުމާއި ވަޅުލުމުގައި ޖަނާޒާއަށް ތަބާވުން، އަދި މިސްކިތަށް ނުވަތަ ގެއަށް ވަނުމާއި ނިކުތުމުގައިއާއި، ދަތުރުމަތީގައްޔާއި، މައިންބަފައިންނާއި ތިމާގެ މީހުންނާއި އަވަށްޓެރީންނާއި ދުވަސްވީ މީހުންނާއި ކުޑަ ކުދީންނާއި މުޢާމަލާތް ކުރުމުގައި ޝަރުޢީ އިސްލާމީ އަދަބުތައް އިޚުތިޔާރުކުރުމާއި، އަދި ދަރިޔަކު ލިބުމުން ތަހުނިޔާކިޔުން، އަދި ކައިވެނި ކުރާ މީހުންނަށް ބަރަކާތް ލެއްވުން އެދި ދުޢާކުރުން، އަދި މުޞީބާތެއް ކުރިމަތިވެއްޖެ މީހާއަށް ތައުޒިޔާ ކިޔުން، އަދި އެނޫންވެސް ފޭރާން ލުމާއި ބޭލުމާއި ފައިވާނަށް އެރުމުގައިވާ އިސްލާމީ އަދަބުތައް ހިމެނެއެވެ.
الدرس السابع عشر: التحذير من الشرك وأنواع المعاصي,ސަތާރަވަނަ ފިލާވަޅު: ޝިރުކާއި އެކި ކަހަލަ ފާފަތަކާމެދު އިންޛާރުކުރުވުން
ومنها : السبع الموبقات (المهلكات) وهي : الشرك بالله ، والسحر ، وقتل النفس التي حَرم الله إلا بالحق ، وأكل الربا ، وأكل مال اليتيم ، والتولي يوم الزحف ، وقذف المحصنات الغافلات المؤمنات .,އޭގެ ތެރޭގައި: ހަލާކުކުރަނިވި ބޮޑު ހަތް ފާފަ ހިމެނެއެވެ. އެއީ: الله އާ ޝަރީކު ކުރުމާއި، ސިޙުރު ހެދުމާއި،ޙައްޤަކާއި ލައިގެން ނޫނީ الله ޙުރުމަތްތެރި ކުރައްވާފައިވާ ނަފުސެއް ޤަތުލުކުރުމާއި، ރިބާ ކެއުމާއި، ޔަތީމުންގެ މުދާ ކެއުމާއި، ހަނގުރާމައިގެ މައިދާނުން ފިލާ ރައްކާވުމާއި، މުއުމިން ޢިއްފަތްތެރި ނުބައި ކަންކަމުން ޣާފިލުވެގެންވާ އަންހެނުންނަށް ޒިނޭގެ ތުހުމަތުކޮށް ޤަޛްފުކުރުމެވެ.
ومنها : عقوق الوالدين ، وقطيعة الرحم ، وشهادة الزور ، والأيمان الكاذبة ، وإيذاء الجار ، وظلم الناس في الدماء ، والأموال ، والأعراض ، وشرب المسكر ، ولعب القمار- وهو : الميسر- والغيبة ، والنميمة ، وغير ذلك مما نهى الله -عز وجل- عنه ، أو رسوله -صلى الله عليه وسلم- .,އަދިވެސް އޭގެ ތެރޭގައި: މައިންބަފައިންނަށް އުރެދުން، ރަޙިމުގެ ގުޅުން ކަނޑާލުން، ދޮގުހެކި ދިނުން، ދޮގު ހުވާ ކުރުން، އަވަށްޓެރިޔާއަށް އުނދަގޫކުރުން، މީސްތަކުންގެ ލެޔާއި މުދަލާއި އަބުރަށް އަރައިގަތުން، މަސްތުވާ ތަކެތި ބޭނުންކުރުން، ޖުވާކުޅުން، ޣީބަ ބުނުން، ދެބައޮޑުވުން، އަދި އޭގެ އިތުރުން ވެސް ﷲ عز وجل ނުވަތަ އެއިލާހުގެ ރަސޫލާ صلى الله عليه وسلم ނަހީކުރައްވާފައިވާ ކަންތައްތަކެވެ.
الدرس الثامن عشر: تجهيز الميت والصلاة عليه ودفنه,އަށާރަވަނަ ފިލާވަޅު: މައްޔިތާ ހިނަވާ ކަފުންކުޅައުމާއި ކަށުނަމާދު ކުރުމާއި ވަޅުލުން
وإليك تفصيل ذلك :,އޭގެ ތަފުސީލު މިއޮތީއެވެ:
أولا: يشرع تلقين المحتضر : (لا إله إلا الله) ؛ لقول النبي -صلى الله عليه وسلم-,ފުރަތަމައަށް: މަރަށް ޙާޟިރުވެފައިވާ މީހާއަށް (لا إله إلا الله) ލައިދިނުމަކީ ޝަރުޢުވެގެންވާ ކަމެކެވެ. އެއީ ނަބިއްޔާ ﷺ މި ބަސްފުޅަށްޓަކައިއެވެ.
(لقنوا موتاكم : لا إله إلا الله) [7],"""ތިޔަބައިމީހުންގެ ތެރެއިން މަރަށް ހާޒިރުވެފައިވާ މީހުންނަށް لا إله إلا الله ގެ ކަލިމަ ލައިދޭށެވެ."" [7]"
رواه مسلم في صحيحه ،,ރިވާކުރެއްވީ މުސްލިމު އެކަލޭގެފާނުގެ ޞަޙީޙުގައިއެވެ.
والمراد بالموتى في هذا الحديث : المحتضرون ، وهم من ظهرت عليهم أمارات الموت .,މި ޙަދީޘްގައި މައްޔިތުންގެ މުރާދަކީ މަރަށް ހާޒިރުވެފައިވާ މީހުންނެވެ. އެއީ މަރުގެ ޢަލާމާތްތައް އެމީހުންގެ ކިބައިން ފާޅުވެފައިވާ މީހުންނެވެ.
[7] أخرجه مسلم، برقمي (916-917).,[7] މި ޙަދީޘް ނެރުއްވީ މުސްލިމް، ނަންބަރު (916-917) ގައި އެވެ.
ثانيا: إذا تيقن موته أغمضت عيناه، وشد لحياه، لورود السنة بذلك.,ދެވަނައަށް: މަރުވެއްޖެކަން ޔަޤީންވުމުން މައްޔިތާގެ ދެ ލޯ މަރައިލުން އަދި ދަތްދޮޅި (ބޮލާއެކު) ބަނދެލެވޭނެއެވެ. އެއީ ސުންނަތުގައި އެގޮތަށް އައިސްފައިވުމުންނެވެ.
ثالثا: يجب غسيل الميت المسلم إلا أن يكون شهيدًا مات في المعركة، فإنه لا يغسل ولا يصلى عليه ، بل يدفن في ثيابه ؛ لأن النبي -صلى الله عليه وسلم- لم يغسل قتلى أحد، ولم يصل عليهم.,ތިންވަނައަށް: ހަނގުރާމައިގައި މަރުވާ ޝަހީދު ފިޔަވައި ދެން އެހެން މުސްލިމު މައްޔިތުން ހިނެވުން ވާޖިބުވެގެންވެއެވެ. ފަހެ ޝަހީދުވާ މީހާ ހިނެވުމެއް ނެތެވެ. އަދި އޭނާގެ މައްޗަށް ކަށުނަމާދުވެސް ނުކުރެވޭނެއެވެ. ކިއެއްތަ، އޭނާ ލައިގެން ހުރި ހެދުމުގައި އޭނާ ވަޅުލެވޭހުއްޓެވެ. އެހެނީ ނަބިއްޔާ صَلَّى اللهُ عَلَيْهِ وَسَلَّمَ، އުޙުދު ހަނގުރާމައިގައި ޤަތުލުވި މީހުން ނުހިނަވައެވެ. އަދި އެމީހުންގެ މައްޗަށް ކަށު ނަމާދެއްވެސް ނުކުރައްވައެވެ.
رابعا: صفة غسل الميت:,ހަތަރުވަނައަށް: މައްޔިތާ ހިނަވާނެ ގޮތް:
أن تستر عورته ، ثم يرفع قليلاً ويعصر بطنه عصرًا رفيقًا ، ثم يلف الغاسل على يده خرقة أو نحوها فينجيه بها ، ثم يوضئه وضوء الصلاة ، ثم يغسل رأسه ولحيته بماء وسدر أو نحوه ، ثم يغسل شقه الأيمن ، ثم الأيسر ، ثم يغسله كذلك مرة ثانية وثالثة ، يمر في كل مرة يده على بطنه ، فإن خرج منه شيء غسله ، وسد المحل بقطن أو نحوه ، فإن لم يستمسك فبطين حر ، أو بوسائل الطب الحديثة ؛ كاللزق ونحوه .,އޭނާގެ ޢައުރަ ނިވާ ކުރާށެވެ. ދެން މައްޔިތާ ކުޑަކޮށް އުފުލާލުމަށްފަހު މަޑުމަޑުން ބަނޑައް ފިތާލާނީއެވެ. ދެން ހިނަވާ މީހާ އަތުގައި ފޮތިގަނޑެއް ނުވަތަ އެފަދަ އެއްޗެއް ބަނދެގެން މައްޔިތާގެ ދެދޮރު ދޮވެ ސާފުކުރާނީއެވެ. ދެން ނަމާދަށް މީހަކު ވުޟޫކުރާ ގޮތަށް ވުޟޫކުރުވާނީއެވެ. ދެން ފެނާއި ކުންނާރު ފަތު ފެނުން ނުވަތަ އެފަދަ އެއްޗަކުން އޭނާގެ ބޮލާއި ތުނބުޅި ދޮވެލާނީއެވެ. ދެން ހަށިގަނޑުގެ ކަނާތްފަޅި ދޮވެލާނީއެވެ. އެއަށްފަހު ވާތްފަޅި ދޮވެލާނީއެވެ. އަދި އެ ގޮތަށް ދެފަހަރު އަދި ތިން ފަހަރު ތަކުރާރު ކުރާނީއެވެ. އަދި ކޮންމެ ފަހަރަކު ބަނޑުގައި އަތް ކާއްތާލަން ޖެހޭނެއެވެ. އަދި އެއްވެސް އެއްޗެއް ނިކުމެއްޖެނަމަ ދޮންނަންވާނެއެވެ. އަދި ކަފަކޮޅަކުން ނުވަތަ އެފަދަ އެހެން އެއްޗަކުން އެތަން ގުޅިޖަހައި ބަންދު ކުރަންޖެހޭނެއެވެ. ގުޅިޖެހުމުން ވެސް ދިޔާވާ ނަމަ އަސްލު މަށިކޮޅަކުން ބަންދު ކުރަންޖެހޭނެއެވެ. އެގޮތަށް ބަންދު ނުވި ނަމަ މި ޒަމާނުގެ ޑޮކުޓަރީ ވަސީލަތްތައް މިސާލަކަށް ބޭސް މަލަންފަދަ ތަކެތި ބޭނުންކުރާނީއެވެ.
ويعيد وضوءه ، وإن لم ينق بثلاث زِيد إلى خمس ، أو إلى سبع ، ثم ينشفه بثوب ، ويجعل الطيب في مغابنه ، ومواضع سجوده ، وإن طيبه كله كان حسنا ، ويجمر أكفانه بالبخور ، وإن كان شاربه أو أظفاره طويلة أخذ منها ، وإن ترك ذلك فلا حرج ، ولا يسرح شعره ، ولا يحلق عانته ، ولا يختنه ؛ لعدم الدليل على ذلك ، والمرأة يضفر شعرها ثلاثة قرون ، ويسدل من ورائها .,އެއަށްފަހު އަނެއްކާ ވުޟޫކުރުވާނީއެވެ. ތިން ފަހަރު ދޮވުމުން ސާފުނުވެއްޖެނަމަ ފަސް ފަހަރު އަދި އިތުރަށް ސާފުކުރަން ޖެހޭނަމަ ހަތް ފަހަރަށް އިތުރުކުރާނީއެވެ. ދެން ހެދުމަކުން ފެންފޮހޭނީއެވެ. އަދި ކިހިލިފަތާއި އުޅަނބޮށްޓާއި ކަކޫދަށްފަދަ ތަންތަނާއި، ސަޖިދަކުރާއިރު ޖެހޭ ހިސާބުތަކުގައި ހުވަނދުލާނީއެވެ. އަދި މުޅި ގައިގައި މީރުވަސްދުވާ އެއްޗެހި ލައިފިނަމަ އެގޮތް މާ ރަނގަޅެވެ. އަދި ކަފުނަށް ބަޚޫރުފަދަ މީރުވަސްދުވާ ތަކެތި އަންދައިގެން އަނގުރުން ދުންއަޅާނީއެވެ. އަދި އޭނާގެ ނިޔަފަތިތައް ނުވަތަ މަތިމަސް ދިގުނަމަ ކަނޑައި ކުރުކުރާނީއެވެ. އަދި އެހުރިގޮތަށް ބެހެއްޓިޔަސް މައްސަލައެއް ނުވެއެވެ. އޭނާގެ ބޮލުގެ އިސްތަށިތައް ފުނާ އަޅައި ރީތިކުރުމެއް ނުވެއެވެ. އަދި އެމީހެއްގެ ފޫޅުން ތިރީގެ އިސްތަށިތައް ބޭލުމެއް ނުވެއެވެ. އަދި އެމީހަކު ޚިތާނުކުރުމެއްވެސް ނުވެއެވެ. އެއީ އެކަމުގެ މައްޗަށް ދަލީލެއް ނެތުމުންނެވެ. އަދި އަންހެނުންގެ ބޮލުގެ އިސްތަށިތައް ތިން ބަޔަށް(މެދާއި ދެ އަރިމަތީން) ބައިކޮށް ގަތައިލުމަށްފަހު ބޮލުގެ ފަހަތަށް ދޫކޮށްލާފައި ބާއްވާނީއެވެ.
خامسا تكفين الميت,ފަސްވަނައަށް: މައްޔިތާ ކަފުންކުރުން
الأفضل أن يكفن الرجل في ثلاثة أثواب بيض ليس فيها قميص ولا عمامة ، كما فعل بالنبي -صلى الله عليه وسلم- يدرج فيها إدراجا ، وإن كفن في قميص وإزار ولفافة فلا بأس .,"މޮޅު އިތުރުވެގެންވަނީ ފިރިހެނަކު ނަމަ ހުދުކުލައިގެ ތިން ކަފުނުން ކަފުންކުރުމެވެ. އޭގައި ގަމީހެއް އަދި ފަގުޑިއެއް ނުވާ ގޮތަށެވެ. އެއީ ނަބިއްޔާ صَلَّى اللهُ عَلَيْهِ وَسَلَّمَ އާމެދު އަމަލުކުރެވުނު ފަދައިންނެވެ. 
 ތިން ކަފުނުގެ ތެރެއަށް ލައި އޮޅާލާނީއެވެ. އަދި ޤަމީހަކާއި އިޒާރެއްލައްވައި ފޭއްޔެއް އޮޅާލިޔަސް މައްސަލައެއް ނެތެވެ."
والمرأة تكفن في خمسة أثواب : درع ، وخمار ، وإزار ، ولفافتين . ويكفن الصبي في ثوب واحد إلى ثلاثة أثواب ، وتكفن الصغيرة في قميص ولفافتين .,އަންހެނުން ކަފުންކުރާނީ ފަސް ކަފުނުންނެވެ. އެއީ އިޒާރަކާއި، ހެދުމަކާއި، ބުރުގަލަކާއި، އިތުރު ދެ ފޮތިގަނޑުންނެވެ. އަދި ކުޑަ ފިރިހެންކުއްޖާ ކަފުންކުރުމުގައި އެއް ކަފުނުން ފެށިގެން ތިން ކަފުނާ ހަމައަށް ބޭނުންކުރެވިދާނެއެވެ. އަދި ކުޑަ އަންހެންކުއްޖާ ކަފުންކުރާނީ ގަމީހަކާއި ދެ ފޭލިންނެވެ.
والواجب في حق الجميع ثوب واحد يستر جميع الميت ، لكن إذا كان الميت محرما فإنه يغسل بماء وسدر ، ويكفن في إزاره وردائه أو في غيرهما ، ولا يغطى رأسه ولا وجهه ، ولا يطيب ؛ لأنه يبعث يوم القيامة ملبيا ، كما صح بذلك الحديث عن رسول الله -صلى الله عليه وسلم- وإن كان المحرم امرأة كفنت كغيرها ، ولكن لا تطيب ، ولا يغطى وجهها بنقاب ، ولا يداها بقفازين ، ولكن يغطى وجهها ويداها بالكفن الذي كفنت فيه ، كما تقدم بيان صفة تكفين المرأة .,ހުރިހާ ޖިންސެއް ކަފުންކުރުމުގައި ވާޖިބު މިންވަރަކީ މައްޔިތާގެ ހަށިގަނޑު ފޮރުވާލާނެފަދަ އެއް ހެދުމެވެ. ނަމަވެސް މައްޔިތާއަކީ އިޙުރާމުގައި ހުއްޓާ ނިޔާވި މީހެއްނަމަ ފަހެ އޭނާ ފެނާއި ކުންނާރުފަތުގެ ފެނުން ހިނަވައި، އޭނާގެ އިޒާރާއި ރިދާގައި ނުވަތަ އެނޫނަސް ދެ ކަފުނުން ކަފުންކުރާނީއެވެ. އެކަމަކު އޭނާގެ ބޮލާއި މޫނު ނިވައިކުރުމެއް ނުވެއެވެ. އަދި ހުވަނދު ލުމެއް ނުވެއެވެ. އެހެނީ ﷲ ގެ ރަސޫލާ ﷺ ގެ އަރިހުން، ޞައްހަ ޙަދީޘްގައި ވާރިދުވެފައިވާ ފަދައިން ޤިޔާމަތްދުވަހު އޭނާ މަޙުޝަރުކުރެއްވޭނީ ތަލްބިޔާކިޔާ ޙާލުގައެވެ. އިޙްރާމުގައި ހުއްޓާ މަރުވި މީހަކީ އަންހެނެއްނަމަ އެހެނިހެން އަންހެނުން ހިނަވާފަދައިން ހިނަވާނީއެވެ. ނަމަވެސް އެކަނބުލޭގެ ހަށިގަނޑުގައި ހުވަނދު ލުމެއް ނުވެއެވެ. އަދި ނިޤާބުން އެކަނބުލޭގެ މޫނު ފޮރުވުމެއް، އަދި އެކަނބުލޭގެ ދެ އަތްތިލައަށް އަންގި ލެއްވުމެއް ނުވެއެވެ. ނަމަވެސް އަންހެނާ ކަފުންކުރުމުގައި އިސްވެ ބަޔާންވި ފަދައިން، އެކަނބުލޭގެ ކަފުން ކުރެވުނު ފޮތިގަނޑުން މޫނާއި ދެ އަތްތިލަވެސް ނިވާކޮށްލާނީއެވެ.
سادسا: أحق الناس بغسله والصلاة عليه ودفنه,ހަވަނައަށް: މައްޔިތާ ހިނެވުމާއި، ކަށުނަމާދުކުރުމާއި އަދި ވަޅުލުމަށް އެންމެ ޙައްޤުވެރި ފަރާތް
وصيه في ذلك ، ثم الأب ، ثم الجد ، ثم الأقرب فالأقرب من العصبات في حق الرجل .,މައްޔިތާއަކީ ފިރިހެނެއް ނަމަ އެންމެ ޙައްޤުކަން ބޮޑީ އެކަންކޮށްދިނުމަށް އެ މައްޔިތަކު ވަޞިއްޔަތް ކޮށްފައިވާ މީހެކެވެ. ދެން ބައްޕަ، ދެން ކާފަ، ދެން އޭނާގެ ގާތްތިމާގެ ވާރުތަވެރި ޢަޞަބާއިންގެ އެންމެ ކައިރި މީހެއް ތަރުތީބުންނެވެ.
والأولى بغسل المرأة : وصيتها ، ثم الأم ، ثم الجدة ، ثم الأقرب فالأقرب من نسائها ، وللزوجين أن يغسل أحدهما الآخر ؛ لأن الصديق -رضي الله عنه- غسلته زوجته ، ولأن عليًا -رضي الله عنه- غسل زوجته فاطمة رضي الله عنها .,އަންހެނަކު ހިނެވުމުގައި އައުލާކަން ބޮޑުވެގެންވަނީ: އެކަމަށް އޭނާ ވަޞިއްޔަތް ކޮށްފައިވާ އަންހެނާއެވެ. ދެން މަންމަ، ދެން މާމަ، ދެން އޭނާގެ އެންމެ ގާތް މީހުންގެ ތެރެއިން އަންހެނުންނެވެ. ދެމަފިރިންނަށް އެކަކު އަނެކަކު ހިނެވޭނެއެވެ. އެހެނީ الصديق (އަބޫބަކުރުގެފާނު) رضي الله عنه އަވަހާރަވުމުން ހިނެވީ އެކަލޭގެފާނުގެ އަނބިކަނބަލުންނެވެ. އަދި ޢަލީ رضي الله عنه ގެ އަނބިކަނބަލުން ފާޠުމަތު رضي الله عنها އަވަހާރަވުމުން އެކަމަނާ ހިނެވީ އެކަލޭގެފާނު ކަމަށްވާތީއެވެ.
سابعًا: صفة الصلاة على الميت:,ހަތްވަނައަށް: މައްޔިތާގެ މައްޗަށް ނަމާދުކުރާނެ ގޮތް:
يكبر أربعا ، ويقرأ بعد الأولى : الفاتحة ، وإن قرأ معها سورة قصيرة أو آية أو آيتين فحسن ؛ للحديث الصحيح الوارد في ذلك عن ابن عباس رضي الله عنهما ، ثم يكبر الثانية ويصلي على النبي -صلى الله عليه وسلم- كصلاته في التشهد ، ثم يكبر الثالثة ، ويقول :,ހަތަރު ތަކުބީރު ކިޔާފައި، ފުރަތަމަ ތަކުބީރަށްފަހު ސޫރަތުލް ފާތިޙާ ކިޔަވާނީއެވެ. އަދި އެއާއެކު ކުރު ސޫރަތެއް ނުވަތަ އާޔަތެއް ނުވަތަ ދެ އާޔަތްވަރު ކިޔެވިނަމަވެސް އެގޮތް ރަނގަޅެވެ. އެއީ އިބްނު ޢައްބާސް رضي الله عنهما ގެ އަރިހުން އައިސްފައިވާ ޞައްޙަ ޙަދީޘެއްގައި އެފަދައިން ވާރިދުވެފައި ވާތީއެވެ. ދެން ދެވަނަ ތަކުބީރު ކިޔާފައި، ފަހު އައްތަޙިއްޔާތުގައި ކިޔާފަދައިން ނަބިއްޔާ صَلَّى اللهُ عَلَيْهِ وَسَلَّمَ ގެ މައްޗަށް ޞަލަވާތް ކިޔަވާނީއެވެ. ދެން ތިންވަނަ ތަކުބީރު ކިޔާނީއެވެ. އަދި މިހެން ކިޔާ ހުއްޓެވެ:
(اللهم اغفر لِحينا وميتِنا ، وشاهدنا وغائبنا ، وصغيرنا وكبيرنا ، وذَكَرِنا وأنثانَا ، اللهم من أحيَيتَهُ منا فأحيه على الإسلام ، ومن توفيته منا فَتَوَفهُ على الإيمان ، اللهَم اغفر له ، وارحمه ، وعافه ، واعف عنه ، وأكرِم نُزُلَه ، وَوَسع مُدخَلَه ، واغسله بالماء والثلج وِالبرد ، ونقه من الخطايا كما ينقى الثوب الأبيض من الدَنس ، وأبدلهُ دارا خيرا من داره ، وأهلا خيرا من أهله ، وأدخله الجنة ، وأعذه من عذاب القبر ، وعذاب النار ، وافسح له في قبره ، ونور له فيه ، اللهم لا تَحرمنَا أجره ولا تُضِلنا بعده) ،,"«اللَّهُمَّ اغْفِرْ ‌لِحَيِّنَا ‌وَمَيِّتِنَا، وَشَاهِدِنَا وَغَائِبِنَا، وَصَغِيرِنَا وَكَبِيرِنَا، وَذَكَرِنَا وَأُنْثَانَا، اللَّهُمَّ مَنْ أَحْيَيْتَهُ مِنَّا فَأَحْيِهِ عَلَى الإِسْلَامِ، وَمَنْ تَوَفَّيْتَهُ مِنَّا فَتَوَفَّهُ عَلَي الإيمان، اللَّهُمَّ اغْفِرْ لَهُ، وَارْحَمْهُ، وَعَافِهِ، وَاعْفُ عَنْهُ، وَأَكْرِمْ نُزُلَهُ، وَوَسِّعْ مُدْخَلَهُ، وَاغْسِلْهُ بِالمَاءِ وَالثَّلْجِ وَالبَرَدِ، وَنَقِّهِ مِنَ الخَطَايَا؛ كَمَا يُنَقَّى الثَّوْبُ الأَبْيَضُ مِنَ الدَّنَسِ، وَأَبْدِلْهُ دَارًا خَيْرًا مِنْ دَارِهِ، وَأَهلاً خَيْراً مِنْ أَهلِهِ، وَأَدْخِلْهُ الجَنَّةَ، وَأَعِذْهُ مِنْ عَذَابِ القَبْرِ وَعَذَابِ النَّارِ، وَافْسَحْ لَهُ فِي قَبْرِهِ، وَنَوِّرْ لَهُ فِيهِ، اللَّهُمَّ لَا تَحْرِمْنَا أَجْرَهُ، وَلَا تُضِلَّنَا بَعْدَهُ».
 (މާނައީ: އޭ ﷲ! އަޅަމެންގެ ތެރޭގައި ދިރިތިބި މީހުންނަށާއި އަޅަމެންގެ ތެރެއިން މަރުވެގޮސްފައިވާ މީހުންނަށާއި، އަޅަމެންނާ އެކު މިތަނަށް އައިސްތިބި މީހުންނަށާއި ނާންނަ މީހުންނަށާއި، އަދި އަޅަމެންގެ ކުޑަކުދިންނަށާއި ބޮޑެތި މީހުންނަށާއި، އަދި އަޅަމެންގެ ފިރިހެނުންނަށާއި އަންހެނުންނަށް ފާފަފުއްސަވާށިއެވެ! އޭ ﷲ! އަޅަމެންގެ ތެރެއިން އިބައިލާހު ދިރިލަހައްޓަވައިފި މީހާ ފަހެ އިސްލާމްކަން މަތީގައި އޭނާ ދިރިލަހައްޓަވާނދޭވެ! އަދި އަޅަމެންގެ ތެރެއިން އިބަﷲ މަރުގަންނަވައިފި މީހާ ފަހެ އީމާންކަން މަތީގައި އޭނާ މަރުގަންނަވާނދޭވެ! އޭ ﷲ! އޭނާއަށް ފާފަ ފުއްސަވާނދޭވެ! އަދި އޭނާއަށް ރަޙްމަތްލައްވާނދޭވެ! އަދި އޭނާއަށް ޢާފިޔަތު ދެއްވާނދޭވެ! އަދި އޭނާއަށް ޢަފޫކޮށްދެއްވާނދޭވެ! އަދި އޭނާގެ މެހުމާންދާރީ މާތްކޮށްދެއްވާނދޭވެ! އަދި އޭނާ ވެއްދެވޭތަން (ކަށްވަޅު) ތަނަވަސް ކޮށްދެއްވާނދޭވެ! އަދި ފެނުންނާއި، ސުނޯއާއި ގަނޑުފެނުން އޭނާ ދޮވެދެއްވާނދޭވެ! އަދި ހުދުފޭރާން ހަޑިމިލައިން ސާފުކުރެވޭ ފަދައިން ކުށްފާފަތަކުން އޭނާ ސާފުކޮށްދެއްވާނދޭވެ! އަދި އޭނާގެ ގޮވައްޗަށް ވުރެ ހެޔޮ ގޮވައްޗަކަށް އޭނާ ބަދަލުކޮށްދެއްވާނދޭވެ! އަދި އޭނާގެ އަހުލުވެރިންނަށް ވުރެ ހެޔޮ އަހުލުވެރިންގެ ގާތަށް އޭނާ ބަދަލުކޮށްދެއްވާނދޭވެ! އަދި އޭނާ ސުވަރުގެއަށް ވައްދަވާނދޭވެ! އަދި ކަށްވަޅުގެ އަޒާބުންނާއި ނަރަކައިގެ އަޒާބުން އޭނާ ރައްކާތެރިކޮށްދެއްވާނދޭވެ! އޭނާއަށް އޭނާގެ ކަށްވަޅު ތަނަވަސްކޮށްދެއްވާނދޭވެ! އަދި އޭނާއަށް އެތަން އަލިކޮށްދެއްވާނދޭވެ! އޭ ﷲ! އޭނާގެ އަޖުރުން އަޅަމެން މަޙުރޫމު ނުކުރައްވާނދޭވެ! އަދި އޭނާއަށް ފަހު އަޅަމެން މަގުން އެއްކިބާ ނުކުރައްވާނދޭވެ!)"
ثم يكبر الرابعة ، ويسلم تسليمة واحدة عن يمينه .,ދެން ހަތަރުވަނަ ތަކްބީރު ކިޔާނީއެވެ. އަދި ކަނާތް ފަރާތަށް އެއްފަހަރު ސަލާމްދޭނީއެވެ.
ويستحب أن يرفع يديه مع كل تكبيرة ، وإذا كان الميت امرأة يقال : (اللهم اغفر لها . . ) إلخ ، وإذا كانت الجنائز اثنتين يقال : (اللهم اغفر لهما . . . ) الخ ، وبالجمع إن كانت الجنائز أكثر من ذلك يقال : (اللهم اغفر لهم . . ) الخ ، أما إذا كان فرطًا فيقال بدل الدعاء له بالمغفرة :,އަދި ކޮންމެ ތަކުބީރަކަށް އަތް އުފުލުން މުސްތަޙައްބުވެގެންވެއެވެ. މައްޔިތާ އަކީ އަންހެނެއް ނަމަ ކިޔާނީ ((اللَّهُمَّ اغْفِرْ لَهَا …)) މާނައީ: “އޭﷲ އެއަންހެނާގެ ފާފަފުއްސަވާނދޭވެ…” މިފަދައިންނެވެ. އަދި އެއީ ދެ މީހެއްގެ ޖަނާޒާނަމަ ކިޔާނީ ((اللَّهُمَّ اغْفِرْ لَهُمَا …)) މާނައީ: އޭﷲ އެ ދެމީހުންގެ ފާފަފުއްސަވާނދޭވެ… މިފަދައިންނެވެ. އަދި އެއީ ގިނަ ބައެއްގެ ޖަނާޒާ ނަމަ ކިޔާނީ ((اللَّهُمَّ اغْفِرْ لَهُمْ …)) މާނައީ: “އޭﷲ އެމީހުންގެ ފާފަފުއްސަވާނދޭވެ…” މިފަދައިންނެވެ. އަދި މައިންބަފައިންނަށްވުރެ ކުރިން މަރުވެފައިވާ ކުޑަ ކުއްޖެއްނަމަ އެކުއްޖާއަށް ފާފަފުއްސެވުމަށް އެދި ދުޢާކުރުމުގެ ބަދަލުގައި ކިޔާނީ މިފަދައިންނެވެ:
(اللهم اجعله فرطا وذُخْرَا لوالديه ، وشفيعاَ مُجَابا ، اللهم ثقل به موازينهما ، وأعظم به أجورهما ، وألحقه بصالح سلف المؤمنين ، واجعله في كفالة إبراهيم عليه الصلاة والسلام ، وَقِهِ برحمتك عذاب الجحيم) .,"""اللَّهُمَّ اجْعَلْهُ ‌فَرَطَاً ‌وَذُخْراً لِوَالِدَيْهِ، وشَفِيعاً مُجَاباً، اللَّهُمَّ ثَقِّلْ بِهِ مَوَازِيْنَهُمَا، وأعْظِمْ بهِ أُجُورَهُمَا، وألْحِقْهُ بِصَالِحِ سَلَفِ المُؤْمِنينَ، واجْعَلْهُ فِي كَفَالَةِ إِبْرَاهِيمَ عليه الصلام والسلام، وَقِهِ بِرَحْمَتِكَ عَذَابَ الجَحِيمِ""
 (މާނައީ: އޭ ﷲ! އެކުއްޖާއަކީ އޭނާގެ މައިންބަފައިންނަށްޓަކައި ކުރިއަށް ނެރެވުނު ރައްކާކުރެވިގެންވާ އަޖުރެއްކަމުގައި ލައްވާނދޭވެ! އަދި ޝަފާޢަތް ޤަބޫލުވެވޭ ޝަފާޢަތްތެރިއެއް ކަމުގައި ލައްވާނދޭވެ! އޭ ﷲ! އެކުއްޖާގެ ސަބަބުން އެ ދެމީހުންގެ ތިލަފަތް ބަރުކޮށްދެއްވާނދޭވެ! އަދި އެކުއްޖާގެ ސަބަބުން އެ ދެމީހުންގެ އަޖުރު މަތިވެރިކޮށްދެއްވާނދޭވެ! އަދި އިސްވެދިޔަ ޞާލިޙު މުއުމިނުންނާ އެކުއްޖާ ބައްދަލުކޮށްދެއްވާނދޭވެ! އަދި އިބްރާހީމް عليه الصلاة والسّلام ގެ ބެލެހެއްޓެވުމުގެ ދަށުގައި އެކުއްޖާ ލައްވާނދޭވެ! އަދި އިބަﷲގެ ރަޙުމަތުން އެކުއްޖާ ނަރަކައިގެ ޢަޛާބުން ދިންނަވާދޭނވެ!)"
والسنة أن يقف الإمام حذاء رأس الرجل ، ووسط المرأة ، وأن يكون الرجل مما يلي الإمام إذا اجتمعت الجنائز ، والمرأة مما يلي القبلة ، وإن كان معهم أطفال قدم الصبي على المرأة ، ثم المرأة ، ثم الطفلة ، ويكون رأس الصبي حيال رأس الرجل ، ووسط المرأة حيال رأس الرجل ، وهكذا الطفلة يكون رأسها حيال رأس المرأة ، ويكون وسطها حيال رأس الرجل ، ويكون المصلون جميعًا خلف الإمام ، إلا أن يكون واحدا لم يجد مكانا خلف الإمام فإنه يقف عن يمينه .,ސުންނަތް ގޮތަކީ މައްޔިތާއަކީ ފިރިހެނެއް ނަމަ ބޮލާދިމާލުގައި އިމާމު މީހާ ހުއްޓުމެވެ. މައްޔިތާއަކީ އަންހެނެއްނަމަ އޭނާގެ މެދަށް ވާގޮތަށް އިމާމު މީހާ ހުއްޓުމެވެ. ފިރިހެން އަދި އަންހެން މައްޔިތުންތަކެއްގެ މައްޗަށް އެއް ވަގުތެއްގައި ކަށުނަމާދު ކުރާ ނަމަ އިމާމާއާ އެންމެ ކައިރީގައި ބާއްވާނީ ފިރިހެން ޖިންސެވެ. އަދި އެއާ ވިދިގެން ޤިބްލަޔާވީ ފަރާތުގައި އަންހެނުންނެވެ. އެ މައްޔިތުންގެ ތެރޭ ކުޑަ ފިރިހެންކުދީންވާނަމަ ބާއްވާނީ އަންހެން މައްޔިތުންނަށް ވުރެ ކުރީގައިއެވެ. (އިމާމާ ގާތުގައިއެވެ.) ދެން އަންހެނުން، ދެން ކުޑަ އަންހެން ކުދިންނެވެ. ކުޑަ ފިރިހެންކުއްޖާ ބާއްވާނީ އެކުއްޖާގެ ބޯ ފިރިހެން މައްޔިތުންގެ ބޮލާ އެއްހަމައެއްގައި އޮންނަ ގޮތަށެވެ. ދެން އަންހެން މައްޔިތާގެ މެދު ފިރިހެން މައްޔިތުންގެ ބޮލާ އެއްހަމައެއްގައެވެ. ހަމައެފަދައިން ކުޑަ އަންހެންކުއްޖާ ބާއްވާނީ އެ ކުއްޖާގެ ބޯ އަންހެނާގެ ބޮލާ އެއްހަމައެއްގައެވެ. އަދި އެކުއްޖާގެ މެދު ސީދާކުރާނީ ފިރިހެނާގެ ބޮލާއި އެއްހަމައަށެވެ. އަދި މައުމޫމުން އެންމެން ތިބެންޖެހޭނީ އިމާމާގެ ފަހަތުގައެވެ. އެކަމުން އިސްތިސްނާވާނީ އިމާމުގެ ފަހަތުގައި ނަމާދުކުރާނޭ ޖާގައެއް ނުލިބުނު މީހާއެވެ. އެފަދަ މީހަކު ހުއްޓޭނީ އިމާމާގެ ކަނާތްފަރާތުގައިއެވެ.
ثامنًا: صفة دفن الميت,އަށްވަނައަށް: މައްޔިތާ ވަޅުލާނެ ގޮތް
المشروع تعميق القبر إلى وسط الرجل ، وأن يكون فيه لحد من جهة القبلة ، وأن يوضع الميت في اللحد على جانبه الأيمن ، وتحل عقد الكفن ، ولا تنزع بل تترك ، ولا يكشف وجهه سواء كان الميت رجلا أو امرأة ، ثم ينصب عليه اللَبِن ، ويطين حتى يثبت ويقيه التراب ، فإن لم يتيسر اللَبِن فبغير ذلك من ألواح ، أو أحجار ، أو خشب يقيه التراب ، ثم يهال عليه التراب ، ويستحب أن يقال عند ذلك : (باسم الله ، وعلى ملة رسول الله) ، ويرفع القبر قدر شبر ، ويوضع عليه حصباء إن تيسر ذلك ، ويرش بالماء .,ވަޅުކޮނުމުގައި ޝަރުޢުވެގެންވަނީ މީހެއްގެ މެދާއި ހަމައަށް ފުންމިން ހުންނާނެވަރަށް ފުންކޮށް ވަޅުކޮނެ ވަޅުގެ ޤިބްލައާވީ ފަރާތަށް ލަޙްދެއް ހެދުމެވެ. އަދި މައްޔިތާ ކަނާތްފަރާތަށް އޮންނާނޭހެން ލަޙުދަށް ލުމެވެ. އަދި އޭނާގެ ކަފުނުގެ ގޮށް މޮހާލުމެވެ. ނަމަވެސް އޭނާގެ ކަފުން ފޮތިގަނޑު ނުނަގާ ބަހައްޓާނީއެވެ. އަދި މައްޔިތާއަކީ ފިރިހެނަކަށްވިޔަސް އަދި އަންހެނަކަށްވިޔަސް އޭނާގެ މޫނު ކަޝްފު ނުކުރާނެއެވެ. ދެން ގާ ބާއްވާ [މައްޔިތާ ފޮރުވާލާނީ]އެވެ. އަދި މައްޔިތާ ވެލިން ރައްކާތެރިކުރުމަށް ކިސަޑުފަދަ އެއްޗެއްލާ އެ ގާތައް ޘާބިތުކުރާނީއެވެ. ފަހެ ގާގަނޑެއް ނުލިބުނުނަމަ، މައްޔިތާ ވެލިން ރައްކާތެރިކުމަށް ބޭނުންކުރާނީ ފިލާގަނޑެއްފަދަ އެއްޗެއް ނުވަތަ ހިލަތަކެއް ނުވަތަ ލަކުޑިގަނޑެކެވެ. ދެން އެއަށްފަހު އޭގެ މައްޗަށް ވެލި އަޅާނީއެވެ. ވެލި އަޅާއިރު ކިޔާނީ (بِاسْمِ اللهِ، وَعَلَى مِلَّةِ رَسُولِ اللهِ) ކިޔުން މުސްތަޙައްބުވެގެން ވެއެވެ. އަދި ކައިވަތެއްގެ މިންވަރަށް ވެލިގަނޑު އުފުލާނީއެވެ. އަދި ދަތިކަމެއްނެތި ކުދި ހިލަ ލިބޭނަމަ މަހާނަ މައްޗަށް އަޅާނީއެވެ. އަދި ފެން ވިއްސައިލާނީއެވެ.
ويشرع للمشيعين أن يقفوا عند القبر ويدعوا للميت ؛ لأن النبي -صلى الله عليه وسلم- كان إذا فرغ من دفن الميت وقف عليه ، وقال :,މައްޔިތާ ވަޅުލަން ދާމީހުން މަހާނަކައިރި މަޑުކޮށްގެންތިބެ މައްޔިތާގެ މައްޗަށް ދުޢާކުރުން ޝަރުޢުވެގެންވެއެވެ. އެހެނީ ނަބިއްޔާ صلى الله عليه وسلم މައްޔިތާ ވަޅުލެއްވުމަށްފަހުގައި އެތާކައިރި މަޑުކުރައްވައެވެ. އަދި ޙަދީޘްކުރައްވައެވެ:
(استغفروا لأخيكم ، واسألوا له التثبيت ، فإنه الآن يسأَل) [8] .,"""ތިޔަބައިމީހުންގެ އަޚާއަށް ފާފަ ފުއްސަވައިދެއްވުމަށްއެދި ދުޢާކުރާށެވެ. އަދި އޭނާއަށް ސާބިތުކަން ދެއްވުމަށްވެސް އެދި ދުޢާކުރާށެވެ. އެހެނީ މިހާރު އޭނާއާ ސުވާލުކުރެވޭނެއެވެ."" [8]"
[8] أخرجه أبو داود، برقم (3221)،والحاكم (3/ 399).,[8] މި ޙަދީޘް ނެރުއްވީ އަބޫ ދާވޫދު، ނަންބަރު (3221)ގައި، އަދި އަލްޙާކިމް (3/ 399) ގައިއެވެ.
تاسعًا: ويشرع لمن لم يُصَل عليه أن يصلي عليه بعد الدفن؛,ނުވަވަނައަށް: މައްޔިތާގެ މައްޗަށް ކަށު ނަމާދު ނުކުރެވުނު މީހާ، ވަޅުލުމަށްފަހު މައްޔިތާގެ މައްޗަށް ކަށުނަމާދު ކުރުން ޝަރުޢުވެގެންވެއެވެ.
لأن النبي -صلى الله عليه وسلم- فعل ذلك ، على أن يكون ذلك في حدود شهر فأقل ، فإن كانت المدة أكثر من ذلك لم تشرع الصلاة على القبر ؛ لأنه لم ينقل عن النبي -صلى الله عليه وسلم- أنه صلى على قبر بعد شهر من دفن الميت .,އެހެނީ ނަބިއްޔާ صلى الله عليه وسلم އެފަދައިން ޢަމަލުކުރައްވާފައިވާތީއެވެ. ޝަރުޠަކީ (ވަޅުލިތާ) މަހަކަށް ވުރެ އިތުރު ނުވުމެވެ. އެއަށްވުރެ މުއްދަތު އިތުރު ވެއްޖެނަމަ އެ ޤަބުރުގެ މައްޗަށް ނަމާދުކުރުން ޝަރުޢުވެގެން ނުވެއެވެ. އެހެނީ ވަޅުލެވުނު ފަހުން މަހަކަށްވުރެ ގިނަ ދުވަސްވެފައިވާ މައްޔިތަކަށް ނަބިއްޔާ صلى الله عليه وسلم ނަމާދުކުރެއްވިކަމަށް ވާރިދުވެގެން އައިސްފައި ނުވާތީއެވެ.
عاشراً: لا يجوز لأهل الميت أن يصنعوا طعامً للناس؛,ދިހަވަނައަށް: މައްޔިތާގެ އަހުލުވެރީންގެ ފަރާތުން މީސްތަކުންނަށް ޖާފަތެއް ތައްޔާރުކުރުން ހުއްދަވެގެންނުވެއެވެ.
لقول جرير بن عبد الله البجلي الصحابي الجليل -رضي الله عنه-,އެއީ މާތް ޞަޙާބީ، ޖަރީރު ބްނު ޢަބްދިﷲ އަލްބަޖަލީ رضي الله عنه ގެ ކިބައިން އައިސްފައިވާ ބަސްފުޅަށްޓަކައިއެވެ:
(كنا نعد الاجتماع إلى أهل الميت وصنعة الطعام بعد الدفن من النياحة) [9],(މައްޔިތާ ވަޅުލުމަށްފަހު އޭނާގެ އަހުލުންގެ ގާތަށް އެއްވެ ކާތަކެތި ތައްޔާރުކުރުން، ތިމަންމެން ހިމަނަމުންދިޔައީ އެއީ النِّيَاحَة (ނަހީކުރެވޭ ގޮތަށް މައްޔިތާގެ މައްޗަށް ރޮއެހޭރި ހިތާމަކުރުން) ގެ ތެރެއިންވާ ކަމެއްގެ ގޮތުގައިއެވެ.) [9]
رواه الإمام أحمد بسند حسن ،,ޙަސަން ދަރަޖައިގެ ސަނަދަކުން އިމާމް އަޙްމަދު މި ޙަދީޘް ރިވާކުރެއްވިއެވެ.
أما صنع الطعام لهم ، أو لضيوفهم فلا بأس ، ويشرع لأقاربه وجيرانه أن يصنعوا لهم الطعام ؛ لأن النبي-صلى الله عليه وسلم لما جاءه الخبر بموت جعفر بن أبي طالب -رضي الله عنه- في الشام أمر أهله أن يصنعوا طعاما لأهل جعفر ، وقال :,ދެންފަހެ މައްޔިތާގެ އަހުލުންނަށް، ނުވަތަ އެމީހުންގެ މެހުމާނުންނަށް އެހެންބަޔަކު ކާތަކެތި ތައްޔާރު ކޮށްދިނުމުގައި މައްސަލައެއް ނެތެވެ. އަދި މައްޔިތާގެ ގާތްތިމާގެ މީހުންނާއި އަވަށްޓެރީންނަށް ކާތަކެތި ހަދައިދިނުމަކީ ޝަރުޢުވެގެންވާ ކަމެކެވެ. އެހެނީ ޖަޢުފަރު ބްނު އަބީ ޠާލިބް رضي الله عنه ގެ މަރުގެ ޚަބަރު ނަބިއްޔާ صلى الله عليه وسلم ގެ އަރިހަށް ޝާމްކަރައިން އައިހިނދު، ޖަޢުފަރުގެފާނުގެ އަހުލުންނަށް ކެއުމެއް ތައްޔާރުކޮށްދިނުމަށް އެކަލޭގެފާނު صلى الله عليه وسلمގެ އަހުލުންނަށް އަމުރު ކުރެއްވިއެވެ. އަދި ޙަދީޘް ކުރެއްވިއެވެ:
(إنه أتاهم ما يشغلهم) [10] .,(ހަމަކަށަވަރުން އެމީހުން މަޝްޣޫލުކޮށްލާނޭ ކަމެއް އެވަނީ އެމީހުންނަށް ކުރިމަތިވެފައިއެވެ.) [10]
[9] أخرجه ابن ماجه، برقم (1612) ، والإمام أحمد _2/ 204). .,[9] މި ޙަދީޘް ނެރުއްވީ އިބްނު މާޖާ، ނަންބަރު (1612) ގައި، އަދި އިމާމް އަޙްމަދު (2/ 204) ގައިއެވެ/
[10] مسلم الجنائز (976) ، النسائي الجنائز (2034) ، أبو داود الجنائز (3234) ، ابن ماجه ما جاء في الجنائز (1569) ، أحمد (2/441) .,[10] މުސްލިމު، އަލްޖަނާއިޒު (976) ، އައްނަސާއީ، އަލްޖަނާއިޒު (2034) ، އަބޫ ދާވޫދު، އަލްޖަނާއިޒު (3234) ، އިބްނު މާޖާ، ޖަނާޒާގައި އައިސްފައިވާ ކަންކަން (1569) ، އަޙުމަދު (2/441) .
ولا حرج على أهل الميت أن يدعوا جيرانهم ، أو غيرهم للأكل من الطعام المهْدَى إليهم ، وليس لذلك وقت محدود فبما نعلم من الشرع .,މައްޔިތާގެ އަހުލުންނަށް ހަދިޔާކުރެވުނު ކާތަކެތިން ކެއުމަށްޓަކާ އެމީހުންގެ އަވަށްޓެރިންނާއި އަދި އެނޫން މީހުންނަށް ދަޢުވަތު ދިނުން އެއީ މައްސަލައެއް ނޫނެވެ. އެއީ އަހަރުމެންނަށް އެނގިފައިވާ ގޮތުން ޝަރުޢުގައި ވަކި މުއްދަތަކަށް އޮތް ކަމެއް ނޫނެވެ.
حادي عشر: لا يجوز للمرأة الإحداد على ميت أكثر من ثلاثة أيام إلا على زوجها,އެގާރަވަނައަށް: މައްޔިތާގެ މައްޗަށް ތިން ދުވަހަށްވުރެ ގިނަ ދުވަހަށް އިޙްދާދުކުރުން (ހިތާމައިގެ ގޮތުން ޒީނަތްތެރިވުމާއި މީރުވަސްދުވާ ތަކެއްޗާއި ހީނާފަތްފަދަ ތަކެތި ދޫކޮށްލުން) އަންހެނަކަށް ހުއްދަވެގެން ނުވެއެވެ. އެކަނބުލޭގެ ފިރިމީހާގެ މައްޗަށް މެނުުވީއެވެ.
فإنه يجب عليها أن تحد عليه أربعة أشهر وعشرا ، إلا أن تكون حاملا فعلى وضع الحمل ؛ لثبوت السنة الصحيحة عن النبي -صلى الله عليه وسلم- بذلك .,ފަހެ އެކަނބުލޭގެ ފިރިމީހާއަށްޓަކައި ހަތަރު މަހާއި ދިހަ ދުވަސް އިޙްދާދުކުރުން އަންހެނާގެ މައްޗަށް ވާޖިބުވެގެންވެއެވެ. އެއީ އޭނާ ބަލިވެ އިންކަމުގައި ނުވާނަމައެވެ. ބަލިވެއިންނަމަ ވިހަންދެނެވެ. އެއީ ނަބިއްޔާ صَلَّى اللهُ عَلَيْهِ وَسَلَّمَގެ އަރިހުން ޞައްޙަ ސުންނަތުން އެފަދައިން ސާބިތުވެފައިވާތީއެވެ.
أما الرجل فلا يجوز له أن يحد على أحد من الأقارب أو غيرهم .,ދެންފަހެ ގާތްތިމާގެ މީހަކަށްވެސް ނުވަތަ އެހެންމީހަކު (މަރުވެގެންވެސް) ފިރިހެނަކު އިޙްދާދުކުރުން އެއީ ހުއްދަވެގެންވާ ކަމެއްނޫނެވެ.
ثاني عشر: يشرع للرجال زيارة القبور بين وقت وآخر للدعاء لهم، والترحم عليهم، وتذكر الموت وما بعده؛,ބާރަވަނައަށް: ފިރިހެނުން ގަބުރުސްތާނަށް ދޭތެރެ ދޭތެރެއިން ޒިޔާރަތްކުރުން ޝަރުޢުވެގެންވެއެވެ. އެއީ އެތަނުގެ އަހުލުވެރިންނަށް ރަޙްމަތްލެއްވުން އެދި ދުޢާކޮށް އަދި މަރާއި އޭގެ ފަހުން ވާނޭ ކަންތައްތައް ހަނދާނަށް ގެނަސްގަތުމަށްޓަކައިއެވެ.
لقول النبي -صلى الله عليه وسلم-:,އެއީ ނަބިއްޔާ صَلَّى اللهُ عَلَيْهِ وَسَلَّمَ ގެ ޙަދީޘަށްޓަކައިއެވެ:
(زوروا القبور ، فإنها تذكركم الآخرة) [11],“ތިޔަބައިމީހުން ގަބުރުސްތާނަށް ޒިޔާރަތްކުރާށެވެ. އެއީ ފަހެ، ތިޔަބައިމީހުންނަށް އާޚިރަތުގެމަތިން ހަނދުމަކޮށްދޭ ކަމެކެވެ.” [11]
أخرجه مسلم في صحيحه.,މި ޙަދީޘް ނެރުއްވީ މުސްލިމު އެކަލޭގެފާނުގެ ޞަޙީޙުގައިއެވެ.
وكان -صلى الله عليه وسلم- يعلم أصحابه إذا زاروا القبور أن يقولوا :,އަދި އެކަލޭގެފާނު صَلَّى اللهُ عَلَيْهِ وَسَلَّمَ އެކަލޭގެފާނުގެ އަޞްޙާބުންނަށް ގަބުރުސްތާނަށް ޒިޔާރަތްކުރާއިރު މިހެން ކިޔުމަށް އުގަންނައިދެއްވާފައިވެއެވެ:
(السلام عليكم أهل الديار من المؤمنين والمسلمين ، وإنا إن شاء الله بكم لاحقون ، نسأل الله لنا ولكم العافية ، يرحم الله المتقدمين منا والمستأخرين) [12],"«السَّلَامُ عَلَيكم أَهْل ‌الدِّيَارِ ‌مِنَ ‌الْمُؤْمِنِينَ ‌وَالْمُسْلِمِينَ، وَإِنَّا إِنْ شَاءَ اللهُ بِكُمْ لَاحِقُونَ،نَسْأَلُ اللهَ لَنَا وَلَكُمُ الْعَافِيَةَ، يَرْحَمُ اللهُ الْمُتَقدِّمِينَ مِنَّا وَالْمُسْتَأْخِرِينَ»
 (މާނައީ: އޭ މުއުމިނުންނާއި މުސްލިމުންގެ ތެރެއިން މި މަހާނަތަކުގެ އަހުލުވެރިންނޭވެ! ތިޔަބައިމީހުންގެ މައްޗަށް ސަލާމަތްކަންހުއްޓެވެ. އަދި ހަމަކަށަވަރުން އަހަރުމެންނީ ﷲ އިރާދަކުރެއްވިއްޔާ ތިޔަބައިމީހުންނާ އަރާހަމަކުރާނޭ މީހުންނެވެ. ﷲގެ ޙަޟްރަތުން އަހަރުމެންނަށާއި ތިޔަބައިމީހުންނަށް ޢާފިޔަތު ދެއްވުމަށް އެދި ދަންނަވަމެވެ. އަދި އަހަރުމެންގެ ތެރެއިން ކުރިން ދިޔަމީހުންނަށާއި ފަހުން ދާނެ މީހުންނަށް ﷲ ރަޙްމަތްލައްވާށިއެވެ!) [12]"
أما النساء فليس لهن زيارة القبور ؛ لأن الرسول -صلى الله عليه وسلم- لعن زائرات القبور ، ولأنهن يخشى من زيارتهن الفتنة وقلة الصبر ، وهكذا لا يجوز لهن اتباع الجنائز إلى المقبرة ؛ لأن الرسول -صلى الله عليه وسلم- نهاهن عن ذلك.,ދެންފަހެ އަންހެނުންގެ މައްޗަކަށް ގަބުރުސްތާނަށް ޒިޔާރަތް ކުރުމެއްނުވެއެވެ. އެހެނީ ޤަބުރުތަކަށް ޒިޔާރަތްކުރާ އަންހެނުންނަށް ﷲ ގެ ރަސޫލާ صَلّى اللهُ عَلَيْهِ وسَلَّم ލަޢުނަތް ދެއްވާފައިވާތީއެވެ. އަދި އެއީ އެކަނބަލުން އެތަނަށް ގޮސްފިނަމަ ފިތުނަވެރިވެ، އަދި ކެތްތެރިކަން ކޮޅުންލާފާނޭކަމުގެ ބިރު އޮތީމައެވެ. ހަމަ މިފަދައިން، ޖަނާޒާގެ ފަހަތުން ގަބުރުސްތާނަށް ދިޔުންވެސް އެކަނބަލުންނަށް ހުއްދައެއް ނޫނެވެ. އެހެނީ رَسُولُ اللَّهِ صَلّى اللهُ عَلَيْهِ وسَلَّم އެކަނބަލުންނަށް އެކަން މަނާކުރައްވާފައިވާތީއެވެ.
أما الصلاة على الميت في المسجد، أو في المصلى فهي مشروعة للرجال وللنساء جميعا .,ދެންފަހެ މިސްކިތެއްގައި، ނުވަތަ ނަމާދުކުރާ މުޞައްލާއެއްގައިވިޔަސް ކަށުނަމާދުކުރުން އެއީ ފިރިހެނުންނަށާއި އަންހެނުންނަށްވެސް ޝަރުޢުވެގެންވާކަމެކެވެ.
[11] أخرجه ابن ماجه، برقم (1569)، وصححه الألباني.,[11] މި ޙަދީޘް ނެރުއްވީ އިބްނު މާޖާ، ނަންބަރު (1569) ގައިއެވެ. އަދި އަލްއަލްބާނީ ޞައްޙަކުރެއްވިއެވެ.
[12] أخرجه مسلم، برقم (975).,[12] މި ޙަދީޘް ނެރުއްވީ މުސްލިމް، ނަންބަރު (975) ގައިއެވެ.
هذا آخر ما تيسر جمعه .,މިއީ މިފޮތުގައި ޖަމާކުރުމަށް ފަސޭހަވި މިންވަރުގެ އެންމެ ފަހު ބައެވެ.
وصلى الله وسلم على نبينا محمد ، وآله وصحبه .,وصلى الله وسلم على نبينا محمد ، وآله وصحبه .