url,headAR,introAR,hadithAR,gradeAR,attributionAR,sourceAR,sharhAR,fawaidAR,maanykalimathAR,citationAR,categoriesAR,headDV,introDV,hadithDV,gradeDV,attributionDV,sourceDV,sharhDV,fawaidDV,citationDV,categoriesDV
https://hadeethenc.com/ar/browse/hadith/66512,أول ما بدئ به رسول الله صلى الله عليه وسلم من الوحي الرؤيا الصالحة في النوم,عَنْ عَائِشَةَ أُمِّ المُؤْمِنِينَ رَضِيَ اللَّهُ عَنْها أَنَّهَا قَالَتْ:,أَوَّلُ مَا بُدِئَ بِهِ رَسُولُ اللَّهِ صَلَّى اللهُ عَلَيْهِ وَسَلَّمَ مِنَ الوَحْيِ الرُّؤْيَا الصَّالِحَةُ فِي النَّوْمِ، فَكَانَ لاَ يَرَى رُؤْيَا إِلَّا جَاءَتْ مِثْلَ فَلَقِ الصُّبْحِ، ثُمَّ حُبِّبَ إِلَيْهِ الخَلاَءُ، وَكَانَ يَخْلُو بِغَارِ حِرَاءٍ فَيَتَحَنَّثُ فِيهِ -وَهُوَ التَّعَبُّدُ- اللَّيَالِيَ ذَوَاتِ العَدَدِ قَبْلَ أَنْ يَنْزِعَ إِلَى أَهْلِهِ، وَيَتَزَوَّدُ لِذَلِكَ، ثُمَّ يَرْجِعُ إِلَى خَدِيجَةَ فَيَتَزَوَّدُ لِمِثْلِهَا، حَتَّى جَاءَهُ الحَقُّ وَهُوَ فِي غَارِ حِرَاءٍ، فَجَاءَهُ المَلَكُ فَقَالَ: اقْرَأْ، قَالَ: «مَا أَنَا بِقَارِئٍ» قَالَ: «فَأَخَذَنِي فَغَطَّنِي حَتَّى بَلَغَ مِنِّي الجَهْدَ ثُمَّ أَرْسَلَنِي، فَقَالَ: اقْرَأْ، قُلْتُ: مَا أَنَا بِقَارِئٍ، فَأَخَذَنِي فَغَطَّنِي الثَّانِيَةَ حَتَّى بَلَغَ مِنِّي الجَهْدَ ثُمَّ أَرْسَلَنِي، فَقَالَ: اقْرَأْ، فَقُلْتُ: مَا أَنَا بِقَارِئٍ، فَأَخَذَنِي فَغَطَّنِي الثَّالِثَةَ ثُمَّ أَرْسَلَنِي، فَقَالَ: {اقْرَأْ بِاسْمِ رَبِّكَ الَّذِي خَلَقَ خَلَقَ الإِنْسَانَ مِنْ عَلَقٍ اقْرَأْ وَرَبُّكَ الأَكْرَمُ}»، [العلق:1-3] فَرَجَعَ بِهَا رَسُولُ اللَّهِ صَلَّى اللهُ عَلَيْهِ وَسَلَّمَ يَرْجُفُ فُؤَادُهُ، فَدَخَلَ عَلَى خَدِيجَةَ بِنْتِ خُوَيْلِدٍ رَضِيَ اللَّهُ عَنْهَا، فَقَالَ: «زَمِّلُونِي، زَمِّلُونِي» فَزَمَّلُوهُ حَتَّى ذَهَبَ عَنْهُ الرَّوْعُ، فَقَالَ لِخَدِيجَةَ وَأَخْبَرَهَا الخَبَرَ: «لَقَدْ خَشِيتُ عَلَى نَفْسِي» فَقَالَتْ خَدِيجَةُ: كَلَّا وَاللَّهِ مَا يُخْزِيكَ اللَّهُ أَبَدًا، إِنَّكَ لَتَصِلُ الرَّحِمَ، وَتَحْمِلُ الكَلَّ، وَتَكْسِبُ المَعْدُومَ، وَتَقْرِي الضَّيْفَ، وَتُعِينُ عَلَى نَوَائِبِ الحَقِّ، فَانْطَلَقَتْ بِهِ خَدِيجَةُ حَتَّى أَتَتْ بِهِ وَرَقَةَ بْنَ نَوْفَلِ بْنِ أَسَدِ بْنِ عَبْدِ العُزَّى، ابْنَ عَمِّ خَدِيجَةَ، وَكَانَ امْرَأً تَنَصَّرَ فِي الجَاهِلِيَّةِ، وَكَانَ يَكْتُبُ الكِتَابَ العِبْرَانِيَّ، فَيَكْتُبُ مِنَ الإِنْجِيلِ بِالعِبْرَانِيَّةِ مَا شَاءَ اللَّهُ أَنْ يَكْتُبَ، وَكَانَ شَيْخًا كَبِيرًا قَدْ عَمِيَ، فَقَالَتْ لَهُ خَدِيجَةُ: يَا ابْنَ عَمِّ، اسْمَعْ مِنَ ابْنِ أَخِيكَ، فَقَالَ لَهُ وَرَقَةُ: يَا ابْنَ أَخِي، مَاذَا تَرَى؟ فَأَخْبَرَهُ رَسُولُ اللَّهِ صَلَّى اللهُ عَلَيْهِ وَسَلَّمَ خَبَرَ مَا رَأَى، فَقَالَ لَهُ وَرَقَةُ: هَذَا النَّامُوسُ الَّذِي نَزَّلَ اللَّهُ عَلَى مُوسَى، يَا لَيْتَنِي فِيهَا جَذَعًا، لَيْتَنِي أَكُونُ حَيًّا إِذْ يُخْرِجُكَ قَوْمُكَ، فَقَالَ رَسُولُ اللَّهِ صَلَّى اللهُ عَلَيْهِ وَسَلَّمَ: «أَوَ مُخْرِجِيَّ هُمْ؟»، قَالَ: نَعَمْ، لَمْ يَأْتِ رَجُلٌ قَطُّ بِمِثْلِ مَا جِئْتَ بِهِ إِلَّا عُودِيَ، وَإِنْ يُدْرِكْنِي يَوْمُكَ أَنْصُرْكَ نَصْرًا مُؤَزَّرًا. ثُمَّ لَمْ يَنْشَبْ وَرَقَةُ أَنْ تُوُفِّيَ، وَفَتَرَ الوَحْيُ.,صحيح,متفق عليه,,"أخبرت أم المؤمنين عائشة رضي الله عنها أن أول ما بُدئ به رسول الله صلى الله عليه وسلم من الوحي الرؤيا الصادقة في النوم، فكان لا يرى في منامه رؤيا إلا جاءت واضحة تشبه ضياء الصبح، ثم حُبب إليه الخَلْوَة، وكان يخلو بغار حراء فيتعبد فيه الليالي ذوات العدد قبل أن يرجع إلى أهله، ويصطحب الزاد لذلك، ثم يرجع إلى أم المؤمنين خديجة رضي الله عنها فيتزوّد لمثل عدد الليالي، حتى جاءه الأمر الحق وهو في غار حراء.
فجاءه المَلك جبريل عليه السلام فقال له: اقرأ، قال صلى الله عليه وسلم: ما أُحْسِن القراءة، قال: فأخذني وضمني وعصرني حتى بلغ مني الجهد والمشقة ثم أطلقني، فقال: اقرأ، قلت: ما أحسن القراءة، فأخذني فغطني الثانية حتى بلغ مني الجهد والمشقة ثم أرسلني، فقال: اقرأ، فقلت: ما أحسن القراءة، فأخذني فغطني الثالثة ثم أرسلني، فقال:
{اقْرَأْ بِاسْمِ رَبِّكَ الَّذِي خَلَقَ. خَلَقَ الإِنْسَانَ مِنْ عَلَقٍ. اقْرَأْ وَرَبُّكَ الأَكْرَمُ} [العلق: 1-3].
فرجع صلى الله عليه وسلم بالآيات يرجُف فؤادُه خشية الموت، فدخل على زوجه أم المؤمنين خديجة بنت خويلد رضي الله عنها، فقال:
لُفُّوْنِي بثياب، لفوني بثياب، فلَفُّوه بثياب حتى ذهب عنه الخوف، فقال لخديجة وأخبرها الخبر، وقال:
لقد خفت الموت على نفسي، فقالت خديجة:
كلا، والله ما يخزيك الله أبدًا، إنك لتصل الرحم، وتحمل إلى الضعيف الذي لا يستقل بأمره، وتكسب الفقير المُعْدم؛ حيث تعطي الناس ما لا يجدونه عند غيرك، وتَقْري الضيف، وتعين على نوائب الحق.
فمضت به خديجة حتى أتت به ورقة بن نوفل بن أسد بن عبد العزى، وهو ابن عمها، وكان رجلًا ترك الجاهلية وأصبح نصرانيًا، وكان يكتب من الإنجيل بالعِبْرانية ما شاء الله أن يكتب، وكان شيخًا كبيرًا قد فقد بصره، فقالت له خديجة:
يا ابن عم، اسمع من ابن أخيك، فقال له ورقة: يا ابن أخي، ماذا ترى؟
فأخبره رسول الله صلى الله عليه وسلم خبر ما رأى، فقال له ورقة: هذا جبريل الذي نزّله الله على نبيه موسى عليه السلام، يا ليتني فيها شابًا جذعًا، ليتني أكون حيًا إذ يخرجك قومك، فقال صلى الله عليه وسلم: أومُخْرجِيَّ هم؟!
قال: نعم، لم يأت رجل قط بمثل ما جئت به إلا أوذي وعودي، وإن يدركني يومك أنصرك نصرًا قويًا.
ثم لم يلبث ورقة أن توفي، وتأخَّر الوحي مدة من الزمن.","بيان بِدء الوحي إلى النبي صلى الله عليه وسلم.
رؤيا النبي صلى الله عليه وسلم من جملة أقسام الوحي.
مشروعية اتخاذ الزاد، وأنه لا ينافي التوكل، فقد اتخذه سيد المتوكلين صلى الله عليه وسلم.
كمال كرمه سبحانه وتعالى بأنه علَّم عباده ما لم يعلموا، ونقلهم من ظلمة الجهل إلى نور العلم.
فضل علم الكتابة؛ لما فيه من المنافع العظيمة التي لا تحصى؛ إذ بها دونت العلوم، وقيدت الحكم، وضبطت أخبار الأولين، وحفظت كتب الله المنزلة، واستقامت أمور الدين والدنيا.
أول ما نزل من القرآن {اقْرَأْ بِاسْمِ رَبِّكَ الَّذِي خَلَقَ} [العلق: 1].
مكارم الأخلاق، وخصال الخير سبب للسلامة من مصارع السوء، وأنواع المكاره، فمن كَثُر خيره حسنت عاقبته، ورجي له سلامة الدين والدنيا.
جواز مدح الإنسان في وجهه لمصلحة.
ينبغي تأنيس من حصلت له مخافة وتبشيره، وذكر أسباب السلامة له.
أعظم دليل وأبلغ حجة على كمال خديجة رضي الله عنها، وجزالة رأيها، وقوة نفسها، وعظيم فقهها، فقد جمعت في وصفها للنبي صلى الله عليه وسلم جميع أنواع أصول المكارم، وأمهاتها، لأن الإحسان إما إلى الأقارب، وإما إلى الأجانب، وإما بالبدن، وإما بالمال، وإما على من يستقل بأمره، وإما على غيره، وتوسعت قولًا في المقام المناسب للإطناب.
من نزل به أمر يستحب أن يُطْلِع من يثق بنصحه وصحة رأيه.",,"صحيح البخاري (1/ 7) (3).
 صحيح مسلم (1/ 139) (160).
 النهاية في غريب الحديث و الأثر (673) (175) (349) (402) (383) (811) (942) (143).
 إرشاد الساري لشرح صحيح البخاري (1/ 61).
 البحر المحيط الثجاج في شرح صحيح الإمام مسلم بن الحجاج (4/ 403).",,ﷲ ގެ ރަސޫލާ ﷺ އަށް އެންމެ ފުރަތަމަ ވަޙީ ބާވައިލައްވަން ފެއްޓެވުނީ ނިދީގައި ފެނިވަޑައިގަންނަވާ ހެޔޮރަނގަޅު ހުވަފެންފުޅުންނެވެ.,އުންމުލް މުއުމިނީން ޢާއިޝާ رضي الله عنها ގެ އަރިހުން ރިވާވެގެންވެއެވެ. އެކަމަނާ ވިދާޅުވިއެވެ:,"ﷲ ގެ ރަސޫލާ ﷺ އަށް ވަޙީ އެންމެ ފުރަތަމަ ފެއްޓެވުނީ ނިދީގައި ފެނިވަޑައިގަންނަވާ ތެދު ހުވަފެންފުޅުތަކަކުންނެވެ. އެގޮތުން ފަތިހުގެ އަލިކަން ފަދައިން ފާޅުކަންބޮޑުކޮށް އަންނަ ކަމެއްގެ ގޮތުގައި މެނުވީ އެކަލޭގެފާނަށް ހުވަފެންފުޅެއް ފެނިވަޑައެއް ނުގަންނަވައެވެ. ދެން އެއަށްފަހު، އެކަހެރިވެވަޑައިގަތުމަށް އެކަލޭގެފާނަށް ލޮބުވެތިކުރެއްވުނެވެ. އަދި އެކަލޭގެފާނު ޙިރާ ފަރުބަދައިގެ ހޮހަޅައިގައި އެކަހެރިވެވަޑައިގެން އުޅުއްވިއެވެ. އަދި އެކަލޭގެފާނުގެ އަހުލުބައިތުންގެ އަރިހަށް އެނބުރި ވަޑައިގަތުމުގެ ކުރިން، އެތައް ރޭތަކެއް ވަންދެން އެތަނުގައި ތަޙައްނުޘްވެ ވަޑައިގަންނަވައެވެ. -އެއީ އަޅުކަންކުރެއްވުމެވެ.- އަދި އެކަމަށްޓަކައި ކޮއްތު ތައްޔާރުކުރައްވައިގެން ގެންދަވަތެވެ. ދެން އަނެއްކާވެސް ޚަދީޖާ رضي الله عنها ގެ އަރިހަށް އެނބުރި ވަޑައިގެން ހަމަ އެފަދައިން ކާބޯތަކެތި ތައްޔާރުކުރައްވައިގެން ގެންދަވަތެވެ. އެހެންގޮސް އެކަލޭގެފާނު ޙިރާ ފަރުބަދައިގެ ހޮހަޅައިގައި ހުންނަވަނިކޮށް، ޙައްޤު (އެބަހީ: ވަޙީ) އެކަލޭގެފާނުގެ އަރިހަށް އަތުވެއްޖައުމަށް ދާންދެނެވެ. 
 
 ދެންފަހެ، އެކަލޭގެފާނުގެ އަރިހަށް މަލާއިކަތާ ވަޑައިގެން ވިދާޅުވިއެވެ: ""ކިޔަވައި ވިދާޅުވާށެވެ!"" އެކަލޭގެފާނު ޙަދީޘްކުރެއްވިއެވެ: «ތިމަންކަލޭގެފާނަކީ ކިޔަވައިވިދާޅުވާން ދެނެވަޑައިގަންނަވާ ބޭކަލަކީމެއް ނޫނެވެ.» އެކަލޭގެފާނު ޙަދީޘްކުރެއްވިއެވެ: «ދެންފަހެ، އެ މަލާއިކަތާ ތިމަންކަލޭގެފާނުގެ ގައިކޮޅުގައި ހިއްޕަވައި، ތިމަންކަލޭގެފާނަށް ކެތްނުކުރެއްވޭ މިންވަރަށް ފިއްތަވާލެއްވިއެވެ. ދެން ތިމަންކަލޭގެފާނު ދޫކޮށްލެއްވުމަށްފަހު ވިދާޅުވިއެވެ: ""ކިޔަވައި ވިދާޅުވާށެވެ!"" ތިމަންކަލޭގެފާނު ޙަދީޘްކުރެއްވީމެވެ: ""ތިމަންކަލޭގެފާނަކީ ކިޔަވައިވިދާޅުވާން ދެނެވަޑައިގަންނަވާ ބޭކަލަކީމެއް ނޫނެވެ."" ދެންފަހެ، ދެވަނަ ފަހަރަށް ވެސް އެ މަލާއިކަތާ ތިމަންކަލޭގެފާނުގެ ގައިކޮޅުގައި ހިއްޕަވައި، ތިމަންކަލޭގެފާނަށް ކެތްނުކުރެއްވޭ މިންވަރަށް ފިއްތަވާލެއްވިއެވެ. ދެން ތިމަންކަލޭގެފާނު ދޫކޮށްލެއްވުމަށްފަހު ވިދާޅުވިއެވެ: ""ކިޔަވައި ވިދާޅުވާށެވެ!"" ދެން ތިމަންކަލޭގެފާނު ޙަދީޘްކުރެއްވީމެވެ: ""ތިމަންކަލޭގެފާނަކީ ކިޔަވައިވިދާޅުވާން ދެނެވަޑައިގަންނަވާ ބޭކަލަކީމެއް ނޫނެވެ."" ދެންފަހެ، ތިންވަނަ ފަހަރަށް ވެސް ތިމަންކަލޭގެފާނުގެ ގައިކޮޅުގައި ހިއްޕަވައި ފިއްތަވާލެއްވުމަށްފަހު ތިމަންކަލޭގެފާނު ދޫކޮށްލެއްވިއެވެ. އަދި ވިދާޅުވިއެވެ: {اقْرَأْ بِاسْمِ رَبِّكَ الَّذِي خَلَقَ خَلَقَ الإِنْسَانَ مِنْ عَلَقٍ اقْرَأْ وَرَبُّكَ الأَكْرَمُ} (ކަލޭގެފާނުގެ ވެރިރަސްކަލާނގެ އިސްމުފުޅުން ކަލޭގެފާނު ކިޔަވައި ވިދާޅުވާށެވެ! އެކަލާނގެއީ (އެންމެހައި ތަކެތި) ހެއްދެވި ރަސްކަލާނގެއެވެ. ގަނޑުލޭކޮޅަކުން އެކަލާނގެ އިންސާނާ ހެއްދެވިއެވެ. ކަލޭގެފާނު ކިޔަވައި ވިދާޅުވާށެވެ! އަދި ކަލޭގެފާނުގެ ވެރިރައްބުއީ، އެންމެ ދީލަތިވަންތަ އިލާހެވެ.)» [އަލްޢަލަޤު: 1-3]
 
 ދެންފަހެ ﷲ ގެ ރަސޫލާ ﷺ، އެ އާޔަތްތަކާއިގެން، (ބިރުފުޅުން) ހިތްޕުޅު ތެޅިތެޅިވާ ޙާލުކޮޅުގައި އެނބުރި ވަޑައިގެންނެވިއެވެ. އަދި ޚަދީޖާ ބިންތު ޚުވައިލިދު رضي الله عنها ގެ އަރިހަށް ވަދެވަޑައިގެން، ޙަދީޘްކުރެއްވިއެވެ: «ތިމަންކަލޭގެފާނުގެ ގައިކޮޅުގައި ރަޖާ ލަައިދޭށެވެ! ތިމަންކަލޭގެފާނުގެ ގައިކޮޅުގައި ރަޖާ ލައިދޭށެވެ!» ދެން، އެކަލޭގެފާނުގެ ހިތްޕުޅުގައިވާ ބިރުވެރިކަން ފިލައިދާންދެން، އެބޭކަލުން އެކަލޭގެފާނުގެ ގައިކޮޅުގައި ރަޖާލެއްވިއެވެ. އަދި ޚަދީޖާއަށް ހިނގައިދިޔަ ކަންކަމުގެ ޚަބަރު ދެއްވަމުން ޙަދީޘްކުރެއްވިއެވެ: «ހަމަކަށަވަރުން، ތިމަންކަލޭގެފާނުގެ ނަފްސުގެ މައްޗަށް ތިމަންކަލޭގެފާނު ބިރުފުޅުގަނެއްޖެއެވެ.» އެހިނދު ޚަދީޖާ ދެންނެވިއެވެ: «ހަމަހިލާ އެހެންނަކުން ނުވާނެއެވެ! ﷲ ގަންދީ ބުނަމެވެ. ﷲ ދުވަހަކުވެސް ކަލޭގެފާނު ނިކަމެތިކޮށެއް ނުލައްވާނެއެވެ. ހަމަކަށަވަރުން ކަލޭގެފާނަކީ ރަޙިމުގެ ގުޅުން ދަމަހައްޓަވާ، ނިކަމެތިންގެ ބުރަތައް އުފުއްލަވައިދެއްވާ، ފަޤީރުންނަށް އެހީތެރިވެދެއްވާ، މެހެމާނުންނަށް ކަމޭހިތްތަވާ، އަދި ޙައްޤުގޮތުގައި ދިމާވާ މުޞީބާތްތަކުގައި (މީސްތަކުންނަށް) އެހީތެރިވެދެއްވާ ބޭކަލެކެވެ.»
 
 ދެން ޚަދީޖާގެ ބަފައިފުށުގެ ބޮޑުބޭބެގެ ދަރިކަލެއް ކަމުގައިވާ ވަރަޤަތު ބްނު ނައުފަލު ބްނު އަސަދު ބްނު ޢަބްދުލް ޢުއްޒާގެ އަރިހަށް އެކަލޭގެފާނާ އެކު އެކަމަނާ ވަޑައިގެންނެވިއެވެ. -ވަރަޤަތު ބްނު ނައުފަލުވީ، ޖާހިލިއްޔަ ޒަމާނުގައި ނަޞާރާދީން ޤަބޫލުކޮށްފައިވާ މީހެއްކަމުގައެވެ. އަދި އޭނާއަކީ ޢިބްރާނީ ބަހުން ލިޔަންކިޔަން ދަންނަ މީހެކެވެ. ފަހެ، ﷲ އިރާދަކުރެއްވި މިންވަރަކަށް، އިންޖީލުން ޢިބްރާނީ ބަހުން އޭނާ ލިޔެއުޅުނެވެ. އަދި އެއިރު އޭނާއަކީ ލޯފަންވެފައިވާ މުސްކުޅިއެކެވެ.- ދެން ޚަދީޖާ އޭނާއަށް ދެންނެވިއެވެ: ""އޭ ބޮޑުބޭބެގެ ދަރިޔާއެވެ! ތިބާގެ އަޚާގެ ދަރިކަލުން މި ދައްކަވާ ވާހަކަފުޅު ނިކަން އަޑުއަހާބަލާށެވެ."" އެހިނދު އެކަލޭގެފާނާ މުޚާޠަބުކޮށް ވަރަޤާ ދެންނެވިއެވެ: ""އޭ އަޚާގެ ދަރިފުޅާއެވެ. ތިބާއަށް ފެނުނީ ކޮންކަމެއްތޯއެވެ؟"" ދެންފަހެ، ﷲ ގެ ރަސޫލާ ﷺ، އެކަލޭގެފާނަށް ފެނިވަޑައިގަތް ކަންތައްތަކުގެ ޚަބަރު، ވަރަޤާއަށް ދެއްވިއެވެ. ދެން އެކަލޭގެފާނަށް، ވަރަޤާ ދެންނެވިއެވެ: «ތިއީ ﷲ، މޫސާގެފާނުގެ މައްޗަށް ބާވައިލެއްވި ނާމޫސް (އެބަހީ: ޖިބްރީލްގެފާނު) އެވެ. ތިބާގެ ޤައުމުގެ މީހުން ތިބާ ނެރެލާ ދުވަހު ތިމަންނާ ޒުވާނެއްގެ ގޮތުގައި ހުރި ނަމަ ކިހާ ރަނގަޅުހެއްޔެވެ! އެދުވަހު ތިމަންނާ ދުނިޔޭގައި ހުންނާނޭނަމަ ކިހާ ރަނގަޅުހެއްޔެވެ.» ﷲ ގެ ރަސޫލާ ﷺ ޙަދީޘްކުރެއްވިއެވެ: «އެބައިމީހުން ތިމަންކަލޭގެފާނު (މި ރަށުން) ނެރެލާނެތޯއެވެ؟» ވަރަޤާ ދެންނެވިއެވެ: «އާނއެކެވެ. ކަލޭގެފާނު ތިޔަ ގެންނެވި ފަދަ ކަމަކާއިގެން ވަޑައިގެންނެވި ކޮންމެ ބޭކަލަކާ މެދުގައި ވެސް ދެކޮޅުވެރިވެ ޢަދާވާތްތެރިވެވުނެވެ. އެ ދުވަހާ ތިމަންނާއާ ބައްދަލުވެއްޖެނަމަ، ތިމަންނާ ކަލޭގެފާނަށް ވަރުގަދަވެގެންވާ ނަޞްރަކުން ނަޞްރުދޭހުށީމެވެ.» ދެން އެއަށްފަހު ގިނަ ދުވަސްތަކެއް ނުވެ ވަރަޤާ ނިޔާވެއްޖެއެވެ. އަދި ވަޙީ ބާވައިލެއްވުން (ދުވަސްކޮޅަކަށް) މެދުކެނޑުނެވެ.",,,,"މުއުމިންތަކުންގެ މައިކަމަނާ ޢާއިޝާ رضي الله عنها ޚަބަރުދެއްވި ގޮތުގައި: ހަމަކަށަވަރުން ﷲ ގެ ރަސޫލާ ﷺ އަށް ވަޙީގެ ތެރެއިން އެންމެ ފުރަތަމަ ފެށިގެން އައި ކަމަކީ: ނިދީގައި ފެނިވަޑައިގަންނަވާ ތެދު ހުވަފެންފުޅުތައް މެދުވެރިކޮށެވެ. އެގޮތުން، އެކަލޭގެފާނަށް ފެނިވަޑައިގަންނަވާ ކޮންމެ ހުވަފެންފުޅެއް ފަތިހުގެ އަލިކަން ފަދައިން ސާފުކޮށް އަންނަ ކަމުގައިވިއެވެ. އެއަށްފަހު، އެކަހެރިވެވަޑައިގަތުމަށް އެކަލޭގެފާނުގެ ހިތްޕުޅުގައި ލޯބިޖެއްސެވުނެވެ. އަދި އެކަލޭގެފާނު ޙިރާ ހޮހޮޅައިގައި އެކަހެރިވެވަޑައިގެން، އެކަލޭގެފާނުގެ އަހުލުވެރިންގެ ގާތަށް އެނބުރި ވަޑައިގަތުމުގެ ކުރިން އެތައް ރޭތަކެއް ވަންދެން އެތަނުގައި އަޅުކަންކުރައްވަން އިންނަވައެވެ. އަދި އެކަމަށްޓަކައި ކޮއްތު ހިއްޕަވައިގެން ވަޑައިގަންނަވައެވެ. ދެން މުއުމިނުތަކުންގެ މައިކަނބަލުން ޚަދީޖާ رضي الله عنها ގެ އަރިހަށް އެނބުރި ވަޑައިގެން، އަނެއްކާ ހަމަ އެފަދައިން އެތައް ރެޔަކަށް ބޭނުންވާނެ ކޮއްތު ނަންގަވައެވެ. އެކަލޭގެފާނު ޙިރާ ހޮހޮޅައިގައި އިންނަވަނިކޮށް، އެކަލޭގެފާނާ ހަމައަށް ޙައްޤުވެގެންވާ ކަންތައް އަތުވެއްޖައުމަށް ދާންދެނެވެ.
އެގޮތުން އެކަލޭގެފާނުގެ އަރިހަށް މަލާއިކަތާ ޖިބްރީލް عليه السلام ވަޑައިގެން އެކަލޭގެފާނަށް ވިދާޅުވިއެވެ: ""ކިޔަވާށެވެ."" ނަބިއްޔާ ﷺ ޙަދީޘްކުރެއްވިއެވެ: ""ތިމަންކަލޭގެފާނަށް ކިޔަވާކަށް އެނގިވަޑައެއް ނުގަނެއެވެ."" (އެކަލޭގެފާނު) ޙަދީޘްކުރެއްވިއެވެ: ދެން އެކަލޭގެފާނު ތިމަންކަލޭގެފާނު ހިފަހައްޓަވައި، ތިމަންކަލޭގެފާނުގެ ގައިކޮޅުގައި ބައްދަވައި ފިއްތަވައިލެއްވިއެވެ. އެއީ ތިމަންކަލޭގެފާނަށް އޭގެ އުނދަގޫކަމާއި ބުރަކަން ފޯރަންދެންނެވެ. ދެން ތިމަންކަލޭގެފާނު ދޫކޮށްލެއްވިއެވެ. އަދި ވިދާޅުވިއެވެ: ""ކިޔަވާށެވެ."" ތިމަންކަލޭގެފާނު ވިދާޅުވީމެވެ: ""ތިމަންކަލޭގެފާނަށް ކިޔަވާކަށް އެނގިވަޑައެއް ނުގަނެއެވެ."" ދެން ދެވަނަ ފަހަރަށް އެކަލޭގެފާނު ތިމަންކަލޭގެފާނު ހިފަހައްޓަވައި ފިއްތަވައިލެއްވިއެވެ. އެއީ ތިމަންކަލޭގެފާނަށް އޭގެ އުނދަގޫކަމާއި ބުރަކަން ފޯރަންދެންނެވެ. ދެން ތިމަންކަލޭގެފާނު ދޫކޮށްލެއްވިއެވެ. އަދި ވިދާޅުވިއެވެ: ""ކިޔަވާށެވެ."" ދެން ތިމަންކަލޭގެފާނު ވިދާޅުވީމެވެ: ""ތިމަންކަލޭގެފާނަށް ކިޔަވާކަށް އެނގިވަޑައެއް ނުގަނެއެވެ."" ދެން ތިންވަނަ ފަހަރަށްވެސް އެކަލޭގެފާނު ތިމަންކަލޭގެފާނު ހިފަހައްޓަވައި ފިއްތަވައިލައްވާފައި، ދެން ތިމަންކަލޭގެފާނު ދޫކޮށްލެއްވިއެވެ. އަދި ވިދާޅުވިއެވެ:
""{اقْرَأْ بِاسْمِ رَبِّكَ الَّذِي خَلَقَ. خَلَقَ الإِنْسَانَ مِنْ عَلَقٍ. اقْرَأْ وَرَبُّكَ الأَكْرَمُ}
މާނައީ: """"ކަލޭގެފާނުގެ ވެރިރައްބުގެ ނަންފުޅުން ކަލޭގެފާނު ކިޔަވައި ވިދާޅުވާށެވެ! އެކަލާނގެއީ (ހުރިހާ ތަކެއްޗެއް) ހެއްދެވި އިލާހެވެ. އެކަލާނގެ ގަނޑުލޭކޮޅަކުން އިންސާނާ ހެއްދެވިއެވެ. ކަލޭގެފާނު ކިޔަވައި ވިދާޅުވާށެވެ! އަދި ކަލޭގެފާނުގެ ވެރިރައްބުއީ، އެންމެ ދީލަތިވަންތަ އިލާހެވެ.} [އަލްޢަލަޤު: 1-3].""
ދެން އެކަލޭގެފާނު ﷺ، އަވަހާރަވެދާނެކަމުގެ ބިރުފުޅުން ހިތްޕުޅު ތެޅިތެޅިވާ ޙާލުކޮޅުގައި، އާޔަތްތަކާއިގެން އެނބުރި ވަޑައިގަތެވެ. އަދި އެކަލޭގެފާނުގެ އަނބިކަނބަލުން އުއްމުލް މުއުމިނީން ޚަދީޖާ ބިންތު ޚުވައިލިދު رضي الله عنها ގެ އަރިހަށް ވަދެވަޑައިގަންނަވާ، ޙަދީޘްކުރެއްވިއެވެ:
""ތިމަންކަލޭގެފާނުގެ ހަށިކޮޅު ހެދުމަކުން އޮޅާދޭށެވެ! ތިމަންކަލޭގެފާނުގެ ހަށިކޮޅުގައި ހެދުމަކުން އޮޅައިދޭށެވެ!"" ދެންފަހެ، އެކަލޭގެފާނުގެ ކިބައިން ބިރުފުޅު ފިލައިދިޔުމަށް ދާންދެން އެކަލޭގެފާނުގެ ގައިކޮޅުގައި ފޮތިތަކަކުން އޮޅައިދެއްވިއެވެ. ދެން އެކަލޭގެފާނު ޚަދީޖާއަށް ޙަދީޘްކުރައްވާ، އަދި ހިނގައިދިޔަ ކަންކަމުގެ ޚަބަރު އެކަމަނާއަށް ދެއްވިއެވެ. އަދި ޙަދީޘްކުރެއްވިއެވެ:
""ހަމަކަށަވަރުން ތިމަންކަލޭގެފާނުގެ އަމިއްލަ ނަފްސުގެ މައްޗަށް މަރުވެދާނެކަމުގެ ބިރުހީވެއްޖެއެވެ."" ދެން ޚަދީޖާ ވިދާޅުވިއެވެ:
""އެހެންނެއް ނުވާނެވެ. ﷲ ގަންދީ ބުނަމެވެ. ﷲ ކަލޭގެފާނު ދުވަހަކުވެސް ނިކަމެތި ނުކުރައްވާނެއެވެ. ހަމަކަށަވަރުން ކަލޭގެފާނަކީ ރަޙިމުގެ ގުޅުން ދަމަހައްޓަވާ، އަދި އަމިއްލައަށް ކަންކަން ބެލެހެއްޓުމަށް ނުކުޅެދިގެންވާ ނިކަމެތި މީހާގެ ބުރަތައް އުފުއްލަވައިދެއްވާ، އަދި އެއްވެސް އެއްޗެއްނެތް ފަޤީރު މީހާއަށް އެހީތެރިކަން ފޯރުކޮށްދެއްވާ ބޭކަލެކެވެ؛ އެގޮތުން އެހެން މީހުންގެ ކިބައިން މީސްތަކުންނަށް ނުލިބޭ އެތައް އެއްޗެއް ކަލޭގެފާނު މީސްތަކުންނަށް ދެއްވައެވެ. އަދި ކަލޭގެފާނު މެހުމާނުންނަށް މެހުމާންދާރީ އަދާކުރައްވާ، އަދި ޙައްޤުގެ މަގުގައި ދިމާވާ މުޞީބާތްތަކުގައި އެހީތެރިވެވަޑައިގަންނަވަމުއެވެ.""
ދެން ޚަދީޖާ އެކަލޭގެފާނާ އެކު، ވަރަޤަތު ބްނު ނައުފަލު ބްނު އަސަދު ބްނު ޢަބްދުލްޢުއްޒާގެ ގާތަށް ވަޑައިގެންނެވިއެވެ. އެއީ އެކަމަނާގެ ބަފައިފުށުގެ ބޮޑުބޭބެގެ ދަރިކަލެކެވެ. އޭނާއަކީ ޖާހިލިއްޔަތު ދޫކޮށް، ނަޞާރާދީން ޤަބޫލުކޮށްގެން ހުރި މީހެކެވެ. އަދި ﷲ އިރާދަކުރެއްވި މިންވަރަކަށް އޭނާ ޢިބްރާނީ ބަހުން އިންޖީލު ލިޔެއުޅުނެވެ. އަދި އޭރު އޭނާއަކީ މުސްކުޅިވެ ލޮލުގެ ފެނުން ފިލައިގޮސްފައިވާ މީހެކެވެ. ދެން ޚަދީޖާ އޭނާއަށް ދެންނެވިއެވެ:
""އޭ ބޮޑުބޭބެގެ ދަރިޔާއެވެ! ތިބާގެ އަޚާގެ ދަރިކަލުންގެ ކިބައިން އަޑުއަހާބަލާށެވެ."" ދެން ވަރަޤާ އެކަލޭގެފާނަށް ދެންނެވިއެވެ: ""އޭ އަޚާގެ ދަރިޔާއެވެ! ތިބާއަށް ފެންނަނީ ކޮންކަމެއްތޯއެވެ؟""
ދެން ﷲ ގެ ރަސޫލާ ﷺ އެކަލޭގެފާނު ދެކެވަޑައިގަތް ކަންތައްތަކުގެ ޚަބަރު އޭނާއަށް ދެއްވިއެވެ. ދެން ވަރަޤާ އެކަލޭގެފާނަށް ދެންނެވިއެވެ: ""މިއީ ﷲ، އެކަލާނގެ ނަބިއްޔާ މޫސާ عليه السلام ގެ މައްޗަށްވެސް ފޮނުއްވި ޖިބްރީލްގެފާނެވެ. ތިމަންނާގެ ޒުވާންދުވަސްވަރު ނަމައޭ ތިމަންނާ ހިތަށްއަރައެވެ. އަދި ކަލޭގެފާނުގެ ޤައުމުގެ މީހުން ކަލޭގެފާނު (މި ރަށުން) ނެރެލާ ދުވަހު ތިމަންނާ ދިރިހުންނާނެ ނަމައޭ ހިތަށްއަރައެވެ."" އެހިނދު ނަބިއްޔާ ﷺ ޙަދީޘްކުރެއްވިއެވެ: ""އެމީހުން ތިމަންކަލޭގެފާނު ނެރެލާނެތޯއެވެ؟!""
ވިދާޅުވިއެވެ: އާނއެކެވެ. ކަލޭގެފާނު ތިޔަ ގެންނެވި ފަދަ އެއްޗަކާއިގެން ވަޑައިގަތް އެއްވެސް މީހަކަށް، އަނިޔާދެވި އަދި ޢަދާވާތްތެރިވެވިފައި މެނުވީ ނުވެއެވެ. އަދި ކަލޭގެފާނުގެ އެ ދުވަހާ ތިމަންނާއާ ބައްދަލުވެއްޖެނަމަ، ގަދަފަދަވެގެންވާ ނަޞްރަކުން ތިމަން ކަލޭގެފާނަށް ނަޞްރުދޭހުށީމެވެ.
ދެން ލަސްތަކެއް ނުވެ ވަރަޤާ ނިޔާވިއެވެ. އަދި މުއްދަތެއް ވަންދެން ވަޙީ ނައިސް ލަސްވިއެވެ.","ނަބިއްޔާ ﷺ އަށް ވަޙީ ބާވައިލައްވަން ފެއްޓެވުން ބަޔާންވެގެންވެއެވެ.
ނަބިއްޔާ ﷺ ގެ ހުވަފެންފުޅަކީ ވަޙީގެ ބައިތަކުގެ ތެރެއިން ހިމެނޭ ކަމެކެވެ.
ކޮއްތު ހިފުން ޝަރުޢުވެގެންވާކަމާއި، އެކަމަކީ ވަކީލުކުރުން ނަފީކުރާ ކަމެއް ނޫންކަމެވެ. އެހެނީ، ވަކީލުކުރައްވާ މީހުންގެ ސާހިބާ ﷺ ވަނީ އެކަމުގައި ހިއްޕަވާފައެވެ.
ﷲ ސުބްޙާނަހޫ ވަތަޢާލާގެ ދީލަތިވަންތަކަމުގެ ފުރިހަމަކަމީ، އެކަލާނގެ އަޅުތަކުންނަށް އެބައިމީހުން ނުދަންނަ ކަންތައް އުނގަންނަވައިދެއްވުމާއި، ޖާހިލުކަމުގެ އަނދިރިކަމުގެ ތެރެއިން ޢިލްމުގެ އަލިކަމަށް އެބައިމީހުން ގެންދެވުމެވެ.
ލިޔަންކިޔަން އެނގުމުގެ ޢިލްމުގެ މާތްކަމާއި މަތިވެރިކަމެވެ. އެހެނީ އޭގައި ގުނާ ޢަދަދު ނުކުރެވޭހާ ބޮޑެތި މަންފާތައްވެއެވެ. އޭގެ ސަބަބުން ޢިލްމުތައް ލިޔެވުނެވެ. އަދި ޙިކްމަތްތައް ލިޔެވި ރައްކާތެރިކުރެވުނެވެ. އަދި އިސްވެދިޔަ މީހުންގެ ޚަބަރުތައް ރައްކާތެރިކުރެވުނެވެ. އަދި ﷲ ބާވައިލެއްވި ފޮތްތައް ރައްކާތެރިކުރެވުނެވެ. އަދި ދީނާއި ދުނިޔޭގެ ކަންތައްތައް ސީދާވިއެވެ.
ޤުރުއާނުން އެންމެ ފުރަތަމަ ބާވައިލެއްވުނީ  {اقْرَأْ بِاسْمِ رَبِّكَ الَّذِي خَلَقَ} {ކަލޭގެފާނުގެ ވެރި ރައްބުގެ ނަންފުޅުން ކަލޭގެފާނު ކިޔަވައި ވިދާޅުވާށެވެ! އެކަލާނގެއީ (ހުރިހާ ތަކެއްޗެއް) ހެއްދެވި އިލާހެވެ.} [އަލްޢަލަޤު: 1] އެވެ.
ރިވެތި އަޚްލާޤީ ޞިފަތަކާއި ހެޔޮ ޞިފަތަކަކީ، ނުބައިވެގެންވާ ނިމުންތަކުންނާއި، އެކިއެކި ބާވަތްބާވަތުގެ މުޞީބާތްތަކުން ސަލާމަތްވުމުގެ ސަބަބެވެ. ފަހެ، އެމީހެއްގެ ހެޔޮކަން ގިނަވެއްޖެ މީހާގެ ނިމުން ރަނގަޅުވެގެންވެއެވެ. އަދި އޭނާއަށް ދީނާއި ދުނިޔޭގެ ސަލާމަތްތެރިކަން ލިބުމަށް އުންމީދު ކުރެވެއެވެ.
އިންސާނާއަށް އޭނާގެ މޫނުމަތީގައި މަޞްލަޙަތަށްޓަކައި މަދަޙަ ތަޢުރީފުކުރުން ހުއްދަވެގެންވާކަމެވެ.
ބިރުވެރިކަމެއް ކުރިމަތިވެފައިވާ މީހާއަށް ހިތްހަމަޖައްސައިދިނުމާއި، އެމީހަކަށް އުފާވެރި ޚަބަރުދިނުމާއި، ސަލާމަތްވުމަށްވާ ސަބަބުތައް އެމީހަކަށް ބަޔާންކޮށްދޭން ޖެހެއެވެ.
ޚަދީޖާ رضي الله عنها ގެ ފުރިހަމަކަމާއި، އެކަމަނާގެ ވިސްނުންފުޅުގެ ހަރުދަނާކަމާއި، ނަފުސުގެ ވަރުގަދަކަމާއި، ފިޤުހުވެރިކަމުގެ ބޮޑުކަމުގެ މައްޗަށް އޮތް އެންމެ ބޮޑު ދަލީލަކީ އަދި އެންމެ ފުރިހަމަ ޙުއްޖަތަކީ، ފަހެ، ނަބިއްޔާ ﷺ ގެ ޞިފަފުޅުތައް ބަޔާންކުރެއްވުމުގައި މާތްކަމުގެ އަޞްލުތަކުގެ އެންމެހާ ބާވަތްތަކާއި އޭގެ މައިގަނޑުތައް އެކަމަނާ ޖަމަޢަކުރެއްވި ކަމެވެ. އެހެނީ، އިޙްސާންތެރިވުން ވަނީ ގާތްތިމާގެ މީހުންނަށް ކަމުގައި ނުވަތަ ހިލޭ މީހުންނަށް ކަމުގައި ވެދެއެވެ. އަދި ހަށިގަނޑުން ކަމުގައި ނުވަތަ މުދަލުން ކަމުގައި ވެދެއެވެ. އަދި އަމިއްލައަށް ކަންކަން ފުދޭ މީހަކަށް ކަމުގައި ނުވަތަ އެނޫން މީހަކަށް ކަމުގައި ވެދެއެވެ. އަދި ތަފްޞީލުކޮށް ބަޔާންކުރުން މުނާސަބުވާ މަޤާމުގައި އެކަމަނާ ވަނީ ބަސްފުޅުތައް ތަނަވަސްކުރައްވާފައެވެ.
ކަމެއް މެދުވެރިވެއްޖެ މީހާ؛ އޭނާގެ ނަޞޭޙަތަށާއި ރައުޔުގެ ޞައްޙަކަމަށް އިތުބާރުކުރެވޭ މީހަކަށް އެކަން އަންގައި ހާމަކުރުން އެދެވިގެންވެއެވެ.
",,
https://hadeethenc.com/ar/browse/hadith/10094,اذهب بنعلي هاتين، فمن لقيت من وراء هذا الحائط يشهد أن لا إله إلا الله مستيقنا بها قلبه، فبشره بالجنة,عَن أبِي هُرَيْرَةَ رضي الله عنه قَالَ:,كُنَّا قُعُودًا حَوْلَ رَسُولِ اللهِ صَلَّى اللهُ عَلَيْهِ وَسَلَّمَ، مَعَنَا أَبُو بَكْرٍ، وَعُمَرُ فِي نَفَرٍ، فَقَامَ رَسُولُ اللهِ صَلَّى اللهُ عَلَيْهِ وَسَلَّمَ مِنْ بَيْنِ أَظْهُرِنَا، فَأَبْطَأَ عَلَيْنَا، وَخَشِينَا أَنْ يُقْتَطَعَ دُونَنَا، وَفَزِعْنَا، فَقُمْنَا، فَكُنْتُ أَوَّلَ مَنْ فَزِعَ، فَخَرَجْتُ أَبْتَغِي رَسُولَ اللهِ صَلَّى اللهُ عَلَيْهِ وَسَلَّمَ حَتَّى أَتَيْتُ حَائِطًا لِلْأَنْصَارِ لِبَنِي النَّجَّارِ، فَدُرْتُ بِهِ هَلْ أَجِدُ لَهُ بَابًا؟ فَلَمْ أَجِدْ، فَإِذَا رَبِيعٌ يَدْخُلُ فِي جَوْفِ حَائِطٍ مِنْ بِئْرٍ خَارِجَةٍ - وَالرَّبِيعُ الْجَدْوَلُ - فَاحْتَفَزْتُ، فَدَخَلْتُ عَلَى رَسُولِ اللهِ صَلَّى اللهُ عَلَيْهِ وَسَلَّمَ، فَقَالَ: «أَبُو هُرَيْرَةَ» فَقُلْتُ: نَعَمْ يَا رَسُولَ اللهِ، قَالَ: «مَا شَأْنُكَ؟» قُلْتُ: كُنْتَ بَيْنَ أَظْهُرِنَا، فَقُمْتَ فَأَبْطَأْتَ عَلَيْنَا، فَخَشِينَا أَنْ تُقْتَطَعَ دُونَنَا، فَفَزِعْنَا، فَكُنْتُ أَوَّلَ مَنْ فَزِعَ، فَأَتَيْتُ هَذَا الْحَائِطَ، فَاحْتَفَزْتُ كَمَا يَحْتَفِزُ الثَّعْلَبُ، وَهَؤُلَاءِ النَّاسُ وَرَائِي، فَقَالَ: «يَا أَبَا هُرَيْرَةَ» وَأَعْطَانِي نَعْلَيْهِ، قَالَ: «اذْهَبْ بِنَعْلَيَّ هَاتَيْنِ، فَمَنْ لَقِيتَ مِنْ وَرَاءِ هَذَا الْحَائِطَ يَشْهَدُ أَنْ لَا إِلَهَ إِلَّا اللهُ مُسْتَيْقِنًا بِهَا قَلْبُهُ، فَبَشِّرْهُ بِالْجَنَّةِ»، فَكَانَ أَوَّلَ مَنْ لَقِيتُ عُمَرُ، فَقَالَ: مَا هَاتَانِ النَّعْلَانِ يَا أَبَا هُرَيْرَةَ؟ فَقُلْتُ: هَاتَانِ نَعْلَا رَسُولِ اللهِ صَلَّى اللهُ عَلَيْهِ وَسَلَّمَ، بَعَثَنِي بِهِمَا مَنْ لَقِيتُ يَشْهَدُ أَنْ لَا إِلَهَ إِلَّا اللهُ مُسْتَيْقِنًا بِهَا قَلْبُهُ، بَشَّرْتُهُ بِالْجَنَّةِ، فَضَرَبَ عُمَرُ بِيَدِهِ بَيْنَ ثَدْيَيَّ فَخَرَرْتُ لِاسْتِي، فَقَالَ: ارْجِعْ يَا أَبَا هُرَيْرَةَ، فَرَجَعْتُ إِلَى رَسُولِ اللهِ صَلَّى اللهُ عَلَيْهِ وَسَلَّمَ، فَأَجْهَشْتُ بُكَاءً، وَرَكِبَنِي عُمَرُ، فَإِذَا هُوَ عَلَى أَثَرِي، فَقَالَ رَسُولُ اللهِ صَلَّى اللهُ عَلَيْهِ وَسَلَّمَ: «مَا لَكَ يَا أَبَا هُرَيْرَةَ؟» قُلْتُ: لَقِيتُ عُمَرَ، فَأَخْبَرْتُهُ بِالَّذِي بَعَثْتَنِي بِهِ، فَضَرَبَ بَيْنَ ثَدْيَيَّ ضَرْبَةً خَرَرْتُ لِاسْتِي، قَالَ: ارْجِعْ، فَقَالَ رَسُولُ اللهِ صَلَّى اللهُ عَلَيْهِ وَسَلَّمَ: «يَا عُمَرُ، مَا حَمَلَكَ عَلَى مَا فَعَلْتَ؟» قَالَ: يَا رَسُولَ اللهِ، بِأَبِي أَنْتَ، وَأُمِّي، أَبَعَثْتَ أَبَا هُرَيْرَةَ بِنَعْلَيْكَ، مَنْ لَقِيَ يَشْهَدُ أَنْ لَا إِلَهَ إِلَّا اللهُ مُسْتَيْقِنًا بِهَا قَلْبُهُ بَشَّرَهُ بِالْجَنَّةِ؟ قَالَ: «نَعَمْ»، قَالَ: فَلَا تَفْعَلْ، فَإِنِّي أَخْشَى أَنْ يَتَّكِلَ النَّاسُ عَلَيْهَا، فَخَلِّهِمْ يَعْمَلُونَ، قَالَ رَسُولُ اللهِ صَلَّى اللهُ عَلَيْهِ وَسَلَّمَ: «فَخَلِّهِمْ».,صحيح,"رواه مسلم",,"كان النبي صلى الله عليه وسلم جالسًا في جماعة من أصحابه منهم أبو بكر وعمر، فقام صلى الله عليه وسلم ثم أبطأ عليهم، فخشوا أن يصاب بمكروه من عدو؛ إما بأسر وإما بغيره.
فقام الصحابة رضي الله عنهم فزعين، فكان أول من فزع أبو هريرة رضي الله عنه حتى أتى بستانًا لبني النجار، فجعل يطوف به لعله يجد بابًا مفتوحًا فلم يجد، ولكنه وجد فتحة صغيرة في الجدار يدخل منها الماء، فضم جسمه حتى دخل فوجد النبي صلى الله عليه وسلم، فقال له: أنت أبو هريرة؟
قال: نعم.
قال: ما شأنك؟
قال أبو هريرة: كنت بين أظهرنا، فقمت فأبطأت علينا، فخشينا أن تقتطع دوننا، فَفَزَعْنا، فكنت أول من فَزَع، فأتيت هذا الحائط، فاحْتَفَزْتُ كما يَحْتَفِزُ الثعلب، وهؤلاء الناس ورائي.
فأعطاه النبي صلى الله عليه وسلّم نعليه أمارةً وعلامةً أنه صادق، وقال له: اذهب بنعلي هاتين، فمن لقيت من وراء هذا الحائط يشهد أن لا إله إلا الله ولا معبود بحق إلا الله، مستيقنًا به قلبه؛ فمن كانت هذه صفته فهو من أهل الجنة.
فكان أول من لقي عُمَرَ، فقال له: ما هاتان النعلان يا أبا هريرة؟ فقال: هاتان نعلا رسول الله صلى الله عليه وسلم، بعثني بهما من لقيت يشهد أن لا إله إلا الله مستيقنًا بها قلبه، بشرته بالجنة.
فضرب عمر بيده صدر أبي هريرة فسقط على دُبره، فقال: ارجع يا أبا هريرة، فرجعت إلى النبي صلى الله عليه وسلم فَزِعًا مُتَغَيّر الوجه مُتَهَيِّئ للبكاء، وتَبِعَني عمر ومشى خلفي.
فقال صلى الله عليه وسلم: ما لك يا أبا هريرة؟
قلت: لقيت عمر، فأخبرته بالذي بعثتني به، فضربني ضربة سقطتُ على دبري، وقال: ارجع.
فقال صلى الله عليه وسلم: يا عمر، ما حملك على ما فعلت؟
قال عمر: يا رسول الله، بأبي أنت وأمي، أبعثت أبا هريرة بنعليك، من لقي الله يشهد أن لا إله إلا الله مستيقنًا بها قلبه بَشَّرهُ بالجنة؟
قال: نعم.
قال: فلا تفعل، فإني أخشى أن يَتَّكِلَ الناس على قولها فقط دون عمل، فخلهم يعملون.
فقال صلى الله عليه وسلم: فخلهم إذن.","شدة حب الصحابة رضي الله عنهم لرسول الله صلى الله عليه وسلم وحرصهم على سلامته من كل مكروه.
مشروعية البشارة بالخبر السارّ.
الإيمان قول وعمل واعتقاد.
قال القاضي عياض وغيره: وليس فعل عمر رضي الله عنه ومراجعته النبي صلى الله عليه وسلم اعتراضًا عليه وردًّا لأمره؛ إذ ليس فيما بعث به أبا هريرة غير تطييب قلوب الأمة وبشراهم، فرأى عمر رضي الله عنه أنّ كَتْمَ هذا أصلح لهم وأحرى أن لا يتكلوا، وأنه أَعْوَد عليهم بالخير من مُعَجَّلِ هذه البشرى، فلما عرضه على النبي صلى الله عليه وسلم صَوّبَه فيه.
قال النووي: وفي هذا الحديث أن الإمام والكبير مُطلقًا إذا رأى شيئًا ورأى بعض أتباعه خلافه؛ أنه ينبغي للتابع أنْ يَعرضه على المتبوع لينظر فيه فإنْ ظَهر له أن ما قاله التابع هو الصواب رجع إليه وإلا بين للتابع جواب الشبهة التي عرضت له.
جواز الإمساك عن نشر بعض العلوم التي لا حاجة إليها للمصلحة أو خوف المفسدة.
بشارة عظيمة لأهل التوحيد، وأن من مات وهو يشهد أن لا إله إلا الله خالصًا من قلبه فله الجنة.
قوة عمر رضي الله عنه، وحكمته، وسعة فقهه.
قال النووي: وفيه جواز دخول الإنسان ملْكَ غيره بغير إذنه إذا علم أنه يرضى ذلك لمودة بينهما، أو غير ذلك.",,"""صحيح مسلم (1/ 59) (31).
نزهة المتقين شرح رياض الصالحين، لمجموعة من الباحثين (1/ 384).
شرح رياض الصالحين، لابن عثيمين (3/ 317).
كنوز رياض الصالحين، لمجموعة من الباحثين (6/ 563).
بهجة الناظرين شرح رياض الصالحين، لسليم الهلالي (1/ 495).""",,"""ތިމަންކަލޭގެފާނުގެ މި ދެ ފައިވާން ހިފައިގެން ދާށެވެ. ފަހެ، މި ބަގީޗާގެ ފުރަގަހުން، އެމީހެއްގެ ހިތުން ޔަޤީންކޮށްގެން ހުރެ لَا إِلَهَ إِلَّا اللهُ އަށް ހެކިވާ ޙާލު ތިބާއާ ބައްދަލުވެއްޖެ މީހަކަށް ސުވަރުގޭގެ އުފާވެރި ޚަބަރު ދޭށެވެ.""",އަބޫ ހުރައިރާ رضي الله عنه ގެ އަރިހުން ރިވާވެގެންވެއެވެ. އެކަލޭގެފާނު ވިދާޅުވިއެވެ:,"""އަހަރުމެން ﷲ ގެ ރަސޫލާ ﷺ ގެ ވަށައިގެން އިށީންދެގެން ތިބީމެވެ. އަހަރުމެންނާއެކު ޖަމާޢަތެއްގެ ތެރޭގައި އަބޫބަކުރުގެފާނާއި، ޢުމަރުގެފާނުވެސް ތިއްބެވިއެވެ. ދެން އަހަރުމެންގެ ތެރެއިން ﷲ ގެ ރަސޫލާ ﷺ ތެދުވެވަޑައިގަތެވެ. ދެން އެކަލޭގެފާނު އަހަރުމެންގެ ގާތަށް އެނބުރި ވަޑައިގަތުން ލަސްވިއެވެ. އަދި އަހަރުމެންނާ ވަކިން އެކަލޭގެފާނަށް (ދުޝްމަނެއްގެ ފަރާތުން) ކަމެއް ދިމާވެދާނެކަމަށް އަހަރުމެންނަށް ބިރުހީވިއެވެ. ދެން އަހަރުމެން ހާސްވެ، ތެދުވެއްޖައީމުއެވެ. އެންމެ ފުރަތަމަ ހާސްވި މީހަކީ އަހަރެންނެވެ. ދެން އަހަރެން ﷲ ގެ ރަސޫލާ ﷺ ހޯދުމަށް ނުކުމެ، ގޮސް ބަނުއް ނައްޖާރު ވަންހައިގެ އަންޞާރިއްޔަ ބޭކަލެއްގެ ބަގީޗާއަކާ ހަމައަށް އާދެވިއްޖެއެވެ. ދެން އެ ބަގީޗާއަށް ވަންނާނެ ދޮރެއް ފެނޭތޯ އެތާ ވަށައިގެން އަހަރެން ހިނގީމެވެ. ނަމަވެސް (އެއްވެސް ދޮރެއް) ނުފެނުނެވެ. އެހިނދު ބޭރުގައިވާ ވަޅަކުން އެ ބަގީޗާގެ އެތެރެއަށް ފެންދާ ކޯރެއް ފެނުނެވެ. - ރަބީޢުގެ މާނައަކީ ކުޑަ ކޯރެވެ. - ދެން އަހަރެން ބޮނޑިވެލައިގެން (އެ ކޯރުގެ ތެރެއިން) ވަދެ، ﷲ ގެ ރަސޫލާ ﷺ ގެ އަރިހަށް ހިނގައްޖެއީމެވެ. އެހިނދު ޙަދީޘްކުރެއްވިއެވެ: ""އަބޫ ހުރައިރާ ހެއްޔެވެ؟"" އަހަރެން ދެންނެވީމެވެ: އާދެހެވެ. އޭ ﷲ ގެ ރަސޫލާއެވެ. ޙަދީޘްކުރެއްވިއެވެ: ""ތިބާއަށް ކިހިނެއްވީ ހެއްޔެވެ؟"" އަހަރެން ދެންނެވީމެވެ: ކަލޭގެފާނު އިންނެވީ އަހަރުމެންގެ ތެރޭގައެވެ. ދެން ކަލޭގެފާނު ތެދުވެވަޑައިގެން އަހަރުމެންގެ ގާތަށް އެނބުރި ވަޑައިގަތުން ލަސްވުމުން، އަހަރުމެންނާ ވަކިން ކަލޭގެފާނަށް ކަމެއް ދިމާވެދާނެކަމަށް ބިރުހީވެ، އަހަރުމެން ހާސްވީއެވެ. ދެން އެންމެ ފުރަތަމަ ހާސްވި މީހަކަށްވީ އަހަރެންނެވެ. ދެން އަހަރެން މި ބަގީޗާއަށް އައިސް، ހިޔަޅެއް ބޮނޑިވެލާ ފަދައިން ބޮނޑިވެލައިގެން ވަނީއެވެ. އަދި މި ތިބަ މީހުން އަހަރެންގެ ފަހަތު އެބަ ތިއްބެވެ. ދެން އެކަލޭގެފާނު ޙަދީޘްކުރެއްވިއެވެ: ""އޭ އަބޫ ހުރައިރާއެވެ."" އަދި އެކަލޭގެފާނުގެ ދެ ފައިވާންކޮޅު އަހަރެންނަށް ދެއްވިއެވެ. ޙަދީޘްކުރެއްވިއެވެ: ""ތިމަންކަލޭގެފާނުގެ މި ދެ ފައިވާންކޮޅާއިގެން ދާށެވެ. ދެން މި ބަގީޗާގެ ބޭރުން ތިބާއާ ބައްދަލުވާ މީހުންގެ ތެރެއިން، އެމީހެއްގެ ހިތުގައި ފުރިހަމަ ޔަޤީންކަންވާ ޙާލު لَا إِلَهَ إِلَّا اللهُ އަށް ހެކިދޭ މީހަކަށް ސުވަރުގޭގެ އުފާވެރިކަމުގެ ޚަބަރު ދޭށެވެ."" ދެން އެންމެ ފުރަތަމަ އަހަރެންނާ ބައްދަލުވީ ޢުމަރުގެފާނާއެވެ. އެކަލޭގެފާނު ވިދާޅުވިއެވެ: އޭ އަބޫ ހުރައިރާއެވެ! މިއީ ކޮން ދެ ފައިވާނެއް ހެއްޔެވެ؟ ދެން އަހަރެން ދެންނެވީމެވެ: މިއީ ﷲ ގެ ރަސޫލާ ﷺ ގެ ދެ ފައިވާންކޮޅެވެ. މި ދެ ފައިވާނާއިގެން އެކަލޭގެފާނު އަހަރެން ފޮނުއްވީ، އެމީހެއްގެ ހިތުގައި ފުރިހަމަ ޔަޤީންކަންވާ ޙާލު لَا إِلَهَ إِلَّا اللهُ އަށް ހެކިދޭ މީހަކާ ބައްދަލުވެއްޖެނަމަ، އޭނާއަށް ސުވަރުގޭގެ އުފާވެރިކަމުގެ ޚަބަރު ދިނުމަށެވެ. އެހިނދު ޢުމަރުގެފާނު އެކަލޭގެފާނުގެ އަތްޕުޅުން އަހަރެންގެ މޭމަތީގައި ޖެއްސެވިއެވެ. އެއާއެކު އަހަރެން ވެއްޓި ފިނދުކިބަ ޖެހުނެވެ. އަދި ވިދާޅުވިއެވެ: އޭ އަބޫ ހުރައިރާއެވެ! އެނބުރި ދާށެވެ. ދެން އަހަރެން އެނބުރި ﷲ ގެ ރަސޫލާ ﷺ ގެ އަރިހަށް ގޮސް ރޯން ފެށީމެވެ. އަދި ޢުމަރުގެފާނުވެސް އަހަރެންގެ ފަހަތުން ވަޑައިގެން، ހަމަ އަހަރެންގެ ފިޔަވަޅުމަތީގައި ހުންނެވިއެވެ. ދެން ﷲ ގެ ރަސޫލާ ﷺ ޙަދީޘްކުރެއްވިއެވެ: ""އޭ އަބޫ ހުރައިރާއެވެ! ކިހިނެއްވީ ހެއްޔެވެ؟"" އަހަރެން ދެންނެވީމެވެ: އަހަރެންނާ ޢުމަރުގެފާނާ ބައްދަލުވުމުން، ކަލޭގެފާނު އަހަރެން ފޮނުއްވި ކަމުގެ ވާހަކަ ދެންނެވީމެވެ. އެހިނދު އެކަލޭގެފާނު އަހަރެންގެ މޭމަތީގައި ޖެއްސެވިލެއް ބާރުކަމުން، އަހަރެން ވެއްޓި ފިނދުކިބަ ޖެހުނެވެ. ދެން ވިދާޅުވިއެވެ: އެނބުރި ދާށެވެ. ދެން ﷲ ގެ ރަސޫލާ ﷺ ޙަދީޘްކުރެއްވިއެވެ: ""އޭ ޢުމަރެވެ! ތިޔަފަދައިން ކަންތައް ކުރެއްވުމަށް މެދުވެރިވީ ކޮންކަމެއް ހެއްޔެވެ؟"" އެކަލޭގެފާނު ދެންނެވިއެވެ: އޭ ﷲ ގެ ރަސޫލާއެވެ! ތިމަންކަލޭގެފާނުގެ މަންމައާއި ބައްޕަ ކަލޭގެފާނަށްޓަކައި ފިދާވެދާށިއެވެ. ކަލޭގެފާނުގެ ދެ ފައިވާންކޮޅާއިގެން، އެމީހެއްގެ ހިތުގައި ފުރިހަމަ ޔަޤީންކަންވާ ޙާލު لَا إِلَهَ إِلَّا اللهُ އަށް ހެކިދޭ މީހަކާ ބައްދަލުވެއްޖެނަމަ، އޭނާއަށް ސުވަރުގޭގެ އުފާވެރިކަމުގެ ޚަބަރު ދިނުމަށް އަބޫ ހުރައިރާ ފޮނުއްވިންތޯއެވެ؟ ޙަދީޘްކުރެއްވިއެވެ: ""އާނއެކެވެ."" އެކަލޭގެފާނު ދެންނެވިއެވެ: އެހެންނަމަ އެފަދައިން ކަންތައް ނުކުރައްވާށެވެ. އެހެނީ މީސްތަކުން އެކަމަށް ބަރޯސާވެދާނެކަމަށް އަހަރެން ބިރުވެތިވަމެވެ. ފަހެ އެމީހުން (ހެޔޮ) ޢަމަލުކުރުމަށް ދޫކޮށްލައްވާށެވެ. ﷲ ގެ ރަސޫލާ ﷺ ޙަދީޘްކުރެއްވިއެވެ: ""އެހެންވިއްޔާ އެމީހުން ދޫކޮށްލާށެވެ.""",,,,"ނަބިއްޔާ ﷺ އެކަލޭގެފާނުގެ އަޞްޙާބުންގެ ޖަމާޢަތެއްގެ ތެރޭގައި އިށީންދެވަޑައިގެން އިންނެވިއެވެ. އެބޭކަލުންގެ ތެރޭގައި އަބޫބަކުރާއި ޢުމަރު ހިމެނިވަޑައިގަންނަވައެވެ. ދެން އެކަލޭގެފާނު ﷺ ތެދުވެވަޑައިގަތެވެ. ދެން އެބޭކަލުންގެ އަރިހަށް ވަޑައިގަތުން ލަސްވިއެވެ. ދެން ޢަދުއްވުންގެ ފަރާތުން އެކަލޭގެފާނަށް ގެއްލުމެއް ފޯރަފާނެކަމަށް އެބޭކަލުން ބިރުފުޅުގެންވަޑައިގަތެވެ. އެއީ އަސީރުކުރެވިގެން ކަމުގައިވިޔަސް ނުވަތަ އެނޫން ގޮތަކުން ކަމުގައިވިޔަސްމެއެވެ.
ދެން ޞަޙާބީން رضي الله عنهم ބިރުފުޅުންގޮސް ތެދުވެވަޑައިގަތެވެ. ފަހެ އެންމެ ފުރަތަމަ ބިރުފުޅުގަތް ބޭކަލަކީ އަބޫ ހުރައިރާ رضي الله عنه އެވެ. އެހެންގޮސް ބަނޫ އައްނައްޖާރު ވަންހައިގެ ބަގީޗާއަކަށް އެކަލޭގެފާނު ވަޑައިގަތެވެ. ދެން ހުޅުވިފައިވާ ދޮރެއް ފެނިވަޑައިގަންނަވާތޯ އެތާ ވަށައިގެން ހިންގަވަން ފެއްޓެވިއެވެ. ނަމަވެސް އެފަދަ ދޮރެއް ފެނިވަޑައެއް ނުގަތެވެ. އެހެންނަމަވެސް ފާރުގައި ފެން ވަންނަން ހުރި ކުޑަ ބާގަނޑެއް ފެނިވަޑައިގަތެވެ. ދެން ހަށިކޮޅު ކުޑަކުރައްވައިގެން އެތާ ތެރެއަށް ވެދެވަޑައިގަތެވެ. އެހިނދު ނަބިއްޔާ ﷺ ފެނިވަޑައިގަތެވެ. ދެން އެކަލޭގެފާނަށް ޙަދީޘްކުރެއްވިއެވެ: ""ތިޔައީ އަބޫ ހުރައިރާ ހެއްޔެވެ؟""
ދެންނެވިއެވެ: އާނއެކެވެ.
ޙަދީޘްކުރެއްވިއެވެ: ތިބާގެ ކަމަކީ ކޮބައިހެއްޔެވެ؟
އަބޫ ހުރައިރާ ދެންނެވިއެވެ: ""ކަލޭގެފާނު ތިމަންމެންގެ ތެރޭގައި ވަޑައިގެން އިންނެވިއެވެ. ދެން ކަލޭގެފާނު ތެދުވެވަޑައިގަތީމުއެވެ. ފަހެ، ތިމަންމެންގެ ގާތަށް އެނބުރި ވަޑައިގަތުން ލަސްވިއެވެ. ދެން ތިމަންމެންނާ ވަކިން ކަލޭގެފާނަށް ކަމެއް މެދުވެރިވެދާނެކަމަށް ތިމަންމެން ބިރުގަތީމުއެވެ. ފަހެ، ތިމަންމެން ހާސްވެ ކަންބޮޑުވީމުއެވެ. ދެން އެންމެ ފުރަތަމަ ހާސްވި މީހަކީ އަހަރެންނެވެ. ދެން އަހަރެން މި ބަގީޗާގެ ކައިރިއަށް އައީމެވެ. ދެން ހިޔަޅު ފިތިގެން ވަންނަ ފަދައިން، އަހަރެން ފިތިގެން ވަނީމެވެ. އަދި މި މީސްތަކުން އަހަރެންގެ ފަހަތުގައި އެބަ ތިއްބެވެ.""
ދެން ނަބިއްޔާ ﷺ، އެކަލޭގެފާނަކީ ތެދުވެރިއެއްކަމުގެ ނިޝާނެއް އަދި ޢަލާމާތެއްގެ ގޮތުން އެކަލޭގެފާނަށް ދެ ފައިވާންކޮޅު ދެއްވިއެވެ. އަދި ޙަދީޘްކުރެއްވިއެވެ: ""ތިމަންކަލޭގެފާނުގެ މި ދެ ފައިވާންކޮޅު ހިފައިގެން ދާށެވެ. ފަހެ، މި ބަގީޗާގެ ފުރަގަހުން ތިބާއާ ބައްދަލުވާ މީހުންގެ ތެރެއިން، لا إله إلا الله އަށް އަދި ﷲ މެނުވީ ޙައްޤުވެގެން އަޅުކަންވެވޭ އިލާހަކު ނުވާކަމަށް އޭނާގެ ހިތުން ޔަޤީންކުރާ ޙާލު ހެކިވާ މީހަކާ ބައްދަލުވެއްޖެނަމަ؛ ފަހެ، މި ސިފަ ލިބިގެންވާމީހާއީ ސުވަރުގޭގެ އަހުލުވެރިންގެ ތެރެއިންވާ މީހެކެވެ.""
ދެންފަހެ، އެކަލޭގެފާނާ އެންމެ ފުރަތަމަ ބައްދަލުވެވަޑައިގަތީ ޢުމަރެވެ. ދެން އެކަލޭގެފާނު ވިދާޅުވިއެވެ: ""އޭ އަބޫ ހުރައިރާއެވެ! ތިޔައީ ކޮން ދެ ފައިވާނެއް ހެއްޔެވެ؟"" އެކަލޭގެފާނު ދެންނެވިއެވެ: ""މިއީ ﷲ ގެ ރަސޫލާ ﷺ ގެ ދެ ފައިވާންކޮޅެވެ. އެކަލޭގެފާނު ތިމަންކަލޭގެފާނު މި ދެ ފައިވާންކޮޅާއެކު ފޮނުއްވީ، ﷲ މެނުވީ ޙައްޤުވެގެން އަޅުކަންވެވޭ އެހެން އިލާހަކު ނުވާކަމަށް އެމީހެއްގެ ހިތުގެ ޔަޤީންކަމާއެކު ހެކިވާ މީހަކާ ތިމަންކަލޭގެފާނު ބައްދަލުވެއްޖެނަމަ، އެމީހަކަށް ސުވަރުގޭގެ އުފާވެރިކަމުގެ ޚަބަރު ދިނުމަށެވެ.""
އެހިނދު ޢުމަރުގެ އަތްޕުޅުން އަބޫ ހުރައިރާގެ މޭފުޅުގައި ޖެއްސެވިއެވެ. އެހިނދު އެކަލޭގެފާނު ބުޑިމަސްގަނޑުގެ މައްޗަށް ވެއްޓިވަޑައިގަތެވެ. ދެން ވިދާޅުވިއެވެ: ""އޭ އަބޫ ހުރައިރާއެވެ! އެނބުރި ދާށެވެ."" ދެން ބިރުގަނެ، މޫނުގެ ކުލަވަރު ބަދަލުވެ، ރޯން ތައްޔާރުވެފައިވާ ޙާލުގައި އަހަރެން ނަބިއްޔާ ﷺ ގެ އަރިހަށް އެނބުރި ދިޔައީމެވެ. އަދި ޢުމަރު އަހަރެންގެ ފަހަތުން ހިންގަވާފައި ވަޑައިގަތެވެ.
ދެން އެކަލޭގެފާނު ﷺ ޙަދީޘްކުރެއްވިއެވެ: އޭ އަބޫ ހުރައިރާއެވެ! ތިބާއަށް ކިހިނެއްވީ ހެއްޔެވެ؟
ތިމަން ދެންނެވީމެވެ: ""ތިމަންނާއާ ޢުމަރުގެފާނާ ބައްދަލުވިއެވެ. ދެންފަހެ، ކަލޭގެފާނު ތިމަންނާ ފޮނުއްވި ކަމުގެ ޚަބަރު އެކަލޭގެފާނަށް ދިނީމެވެ. އެހިނދު އެކަލޭގެފާނު ތިމަންގެ ގައިގައި ޖެއްސެވި ޖެއްސެވުމަކުން، ތިމަން ފިނދުކިބަ މައްޗަށް ވެއްޓުނެވެ. އަދި ވިދާޅުވިއެވެ: އެނބުރި ދާށެވެ.""
ދެން އެކަލޭގެފާނު ﷺ ޙަދީޘްކުރެއްވިއެވެ: އޭ ޢުމަރެވެ! ތިބާ ތިކަން ކުރުމަށް މެދުވެރިކުރީ ކޮންކަމެއްހެއްޔެވެ؟
ޢުމަރު ވިދާޅުވިއެވެ: ""އޭ ﷲ ގެ ރަސޫލާއެވެ! އަހަރެންގެ ބައްޕައާއި މަންމަ ކަލޭގެފާނަށްޓަކައި ފިދާވެދާށިއެވެ. އެމީހެއްގެ ހިތް އެކަމަށް ޔަޤީންކުރާ ޙާލު، لا إله إلا الله  އަށް ހެކިދީ، ﷲ އާ ބައްދަލުކޮށްފިމީހަކަށް ސުވަރުގޭގެ އުފާވެރި ޚަބަރު ދެއްވުމަށް ކަލޭގެފާނުގެ ފައިވާންޖޯޑުކޮޅާއެކު އަބޫ ހުރައިރާ ފޮނުއްވީމުތޯއެވެ؟""
ޙަދީޘްކުރެއްވިއެވެ: އާނއެކެވެ.
ޢުމަރު ދެންނެވިއެވެ: ""ފަހެ، ކަލޭގެފާނު އެހެން ނުހައްދަވާށެވެ. ހަމަކަށަވަރުން، ޢަމަލުކުރުމެއް ނެތި ހަމައެކަނި އެ ބަހުގެ މައްޗަށް މީސްތަކުން ބަރޯސާވެދާނޭކަމަށް އަހަރެން ބިރުގަނެއެވެ. ފަހެ، އެބައިމީހުން ޢަމަލުކުރުމަށް ދޫކޮށްލައްވާށެވެ.""
ދެން އެކަލޭގެފާނު ﷺ ޙަދީޘްކުރެއްވިއެވެ: ""އެހެންވިއްޔާ އެމީހުން ދޫކޮށްލާށެވެ.""","ޞަޙާބީން رضي الله عنهم، ރަސޫލު ﷲ ﷺ އަށް އިންތިހާއަށް ލޯބިވެލައްވާކަމާއި، އަދި ކޮންމެ ގެއްލުމަކުން އެކަލޭގެފާނު ސަލާމަތްކުރެއްވުމަށް އެބޭކަލުން ފަރުވާތެރިވެ ސަމާލުކަންދެއްވާކަމެވެ.
އުފާވެރި ޚަބަރު ދިނުން ޝަރުޢުވެގެންވާކަމެވެ.
އީމާންކަމަކީ ބަހާއި ޢަމަލާއި އިޢުތިޤާދުކަމެވެ.
ޤާޟީ ޢިޔާޟު އަދި އެނޫން ޢިލްމުވެރިން ވިދާޅުވިއެވެ: ޢުމަރު رضي الله عنه ގެ ޢަމަލުފުޅާއި ނަބިއްޔާ ﷺ އަށް މުރާޖަޢާކުރެއްވި ކުރެއްވުމަކީ، އެކަލޭގެފާނުގެ އަމުރުފުޅަށް ކުރެއްވި އިޢުތިރާޟެއް އަދި ރައްދުކުރެއްވުމެއް ނޫނެވެ. އެހެނީ، އަބޫ ހުރައިރާއާއެކު ފޮނުއްވި ކަންތަކުގައި، އުއްމަތުގެ މީސްތަކުންގެ ހިތްތަކަށް ހަމަޖެހުން ގެނެސްދެއްވުމާއި، އެބައިމީހުންނަށް އުފާވެރިކަމުގެ ޚަބަރު ދެއްވުން ފިޔަވައި އެހެން ކަމެއް ނުވެއެވެ. ފަހެ، ޢުމަރު رضي الله عنه އަށް ފެނިވަޑައިގަތީ މިކަން ސިއްރުކުރުން އެބައިމީހުންނަށް މާ ރަނގަޅުކަމުގައެވެ. އަދި އެމީހުން އެކަމަށް ބަރޯސާވެ އަތްއުރާނުލުމަށް އެންމެ އައުލާ ގޮތް ކަމުގައެވެ. އަދި މި އުފާވެރިކަމުގެ ޚަބަރު އަވަސްކޮށްދެއްވުމަށްވުރެ، އޭގެ ސަބަބުން އެބައިމީހުންނަށް ރުޖޫޢަވާ ހެޔޮކަން ބޮޑުވެގެންވާ ކަމުގައެވެ. ދެންފަހެ، އެކަން ނަބިއްޔާ ﷺ އަށް ހުށަހެޅުއްވުމުން، އެކަމުގައި (ޢުމަރުގެފާނަށް ފެނިވަޑައިގަތް ގޮތަކީ) ރަނގަޅުކަމަށް ނިންމެވިއެވެ.
އައްނަވަވީ ވިދާޅުވިއެވެ: ""އިމާމުމީހާ އަދި ޢާއްމުކޮށް އިސްކޮށް ހުންނަ މީހާއަށް ކަމަކާމެދު ވަކި ގޮތަކަށް ފެނިފައި، އޭނާއަށް ތަބަޢަވާ މީހުންގެ ތެރެއިން ބަޔަކަށް އެއާ ޚިލާފަށް ފެނިއްޖެނަމަ؛ ފަހެ ތަބަޢަވާ މީހާ، ތަބަޢަވެވޭ މީހާއަށް އެކަމާމެދު ވިސްނައި ބެލުމަށްޓަކައި އެކަން ހުށަހެޅުމަކީ އެކަށީގެންވާ ކަމެއްކަން މި ޙަދީޘުން އެނގެއެވެ. ދެންފަހެ، ތަބަޢަވާ މީހާ ބުނި ގޮތަކީ ރަނގަޅު ގޮތްކަން އޭނާއަށް (އިސްމީހާއަށް) ފާޅުވެއްޖެނަމަ، އެގޮތަށް އޭނާ ރުޖޫޢަވާނީއެވެ. އެހެންނޫންނަމަ، ތަބަޢަވާ މީހާއަށް ކުރިމަތިވެފައިވާ ޝުބުހައިގެ (އޮޅުމުގެ) ޖަވާބު އޭނާއަށް ބަޔާންކޮށްދޭނީއެވެ.""
މަޞްލަޙަތަށްޓަކައި، ނުވަތަ ފަސާދައެއް މެދުވެރިވެދާނެކަމަށް ބިރުން، އެއަށް ޙާޖަތެއް ނުވާ ބައެއް ޢިލްމުތައް ނުފަތުރާ ހިފެހެއްޓުން ހުއްދަވެގެންވާކަމެވެ.
ތައުޙީދުގެ އަހުލުވެރިންނަށް އޮތް ބޮޑުވެގެންވާ އުފާވެރިކަމުގެ ޚަބަރެވެ. އަދި އިޚްލާޞްތެރިކަމާއެކު ހިތުން لا إله إلا الله އަށް ހެކިވާ ޙާލު މަރުވާ މީހާއަށް ސުވަރުގެ ވާކަމެވެ.
ޢުމަރު رضي الله عنه ގެ ބާރުގަދަކަމާއި، އެކަލޭގެފާނުގެ ޙިކްމަތްތެރިކަމާއި، އެކަލޭގެފާނުގެ ފިޤުހުވެރިކަމުގެ ތަނަވަސްކަމެވެ.
އައްނަވަވީ ވިދާޅުވިއެވެ: ""އަދި މި ޙަދީޘްގައިވާ އަނެއްކަމަކީ: އިންސާނާއާ އަނެއް މީހާއާ ދެމެދުގައިވާ ލޯބިވެތިކަމެއްގެ ސަބަބުން، ނުވަތަ އެނޫންވެސް ސަބަބަކާހުރެ، އެކަމަށް އޭނާ ރުހޭނެކަން އެނގިއްޖެނަމަ؛ އެހެން މީހެއްގެ އިޛްނައަކާ ނުލައި އޭނާގެ މިލްކުގެ ތެރެއަށް އިންސާނާ ވަނުން ހުއްދަވެގެންވާކަމެވެ.""",,
https://hadeethenc.com/ar/browse/hadith/66382,"تعرض الفتن على القلوب كالحصير عودا عودا",عَنْ حُذَيْفَةَ رضي الله عنه قَالَ: كُنَّا عِنْدَ عُمَرَ رضي الله عنه، فَقَالَ: أَيُّكُمْ سَمِعَ رَسُولَ اللهِ صَلَّى اللهُ عَلَيْهِ وَسَلَّمَ يَذْكُرُ الْفِتَنَ؟ فَقَالَ قوْمٌ: نَحْنُ سَمِعْنَاهُ، فَقَالَ: لَعَلَّكُمْ تَعْنُونَ فِتْنَةَ الرَّجُلِ فِي أَهْلِهِ وَجَارِهِ؟ قَالُوا: أَجَلْ، قَالَ: تِلْكَ تُكَفِّرُهَا الصَّلَاةُ وَالصِّيَامُ وَالصَّدَقَةُ، وَلَكِنْ أَيُّكُمْ سَمِعَ النَّبِيَّ صَلَّى اللهُ عَلَيْهِ وَسَلَّمَ يَذْكُرُ الَّتِي تَمُوجُ مَوْجَ الْبَحْرِ؟ قَالَ حُذَيْفَةُ: فَأَسْكَتَ الْقَوْمُ، فَقُلْتُ: أَنَا، قَالَ: أَنْتَ لِلَّهِ أَبُوكَ، قَالَ حُذَيْفَةُ: سَمِعْتُ رَسُولَ اللهِ صَلَّى اللهُ عَلَيْهِ وَسَلَّمَ يَقُولُ:,«تُعْرَضُ الْفِتَنُ عَلَى الْقُلُوبِ كَالْحَصِيرِ عُودًا عُودًا، فَأَيُّ قَلْبٍ أُشْرِبَهَا نُكِتَ فِيهِ نُكْتَةٌ سَوْدَاءُ، وَأَيُّ قَلْبٍ أَنْكَرَهَا نُكِتَ فِيهِ نُكْتَةٌ بَيْضَاءُ، حَتَّى تَصِيرَ عَلَى قَلْبَيْنِ، عَلَى أَبْيَضَ مِثْلِ الصَّفَا فَلَا تَضُرُّهُ فِتْنَةٌ مَا دَامَتِ السَّمَاوَاتُ وَالْأَرْضُ، وَالْآخَرُ أَسْوَدُ مُرْبَادًّا كَالْكُوزِ، مُجَخِّيًا لَا يَعْرِفُ مَعْرُوفًا، وَلَا يُنْكِرُ مُنْكَرًا، إِلَّا مَا أُشْرِبَ مِنْ هَوَاهُ»، قَالَ حُذَيْفَةُ: وَحَدَّثْتُهُ، أَنَّ بَيْنَكَ وَبَيْنَهَا بَابًا مُغْلَقًا يُوشِكُ أَنْ يُكْسَرَ، قَالَ عُمَرُ: أَكَسْرًا لَا أَبَا لَكَ؟ فَلَوْ أَنَّهُ فُتِحَ لَعَلَّهُ كَانَ يُعَادُ، قُلْتُ: لَا بَلْ يُكْسَرُ، وَحَدَّثْتُهُ أَنَّ ذَلِكَ الْبَابَ رَجُلٌ يُقْتَلُ أَوْ يَمُوتُ حَدِيثًا لَيْسَ بِالْأَغَالِيطِ. قَالَ أَبُو خَالِدٍ: فَقُلْتُ لِسَعْدٍ: يَا أَبَا مَالِكٍ، مَا أَسْوَدُ مُرْبَادٌّ؟ قَالَ: شِدَّةُ الْبَيَاضِ فِي سَوَادٍ، قَالَ: قُلْتُ: فَمَا الْكُوزُ مُجَخِّيًا؟ قَالَ: مَنْكُوسًا.,صحيح,"رواه مسلم",,"كان أمير المؤمنين عمر بن الخطاب رضي الله عنه في مجلسه وعنده جَمْع من الصحابة رضي الله عنهم، فقال لهم:
أيكم سمع رسول الله صلى الله عليه وسلم يذكر الفتن؟
فقال بعضهم: نحن سمعناه يذكر الفتن، فقال عمر رضي الله عنه: لعلكم تقصدون ابتلاء وامتحان الرجل في خاصته؛ في زوجه وولده من فرط محبته لهم، وشحه عليهم، وشغله بهم عن كثير من الخير، أو لتفريطه بما يلزم من القيام بحقوقهم وتأديبهم وتعليمهم، وكذا فتنة الرجل في جاره ونحو ذلك، لعلكم تقصدون ذلك؟
قالوا: أجل، قال: تلك فتن تقتضي المحاسبة، ومنها ذنوب يرجى تكفيرها بالحسنات كالصلاة والصيام والصدقة.
ولكن أيكم سمع النبي صلى الله عليه وسلم يذكر الفتن العامة لشدة عظمها وكثرة شيوعها تضطرب بالناس كاضطراب موج البحر؟
فصمت القوم، فقال حذيفة بن اليمان رضي الله عنهما: أنا سمعته، ففرح عمر رضي الله عنه، وقال له: لله دَرُّ أبيك حيث أتى بمثلك؛ قُل، قال حذيفة: قال صلى الله عليه وسلم:
تظهر الفتن وتَلْصَق بعَرْض وجانب قلب الإنسان كما يلصق فراش الحصير بجنب النائم عليه، ويؤثر في القلب شدة التصاق الفتن به، وتعاد هذه الفتن وتكرر فتنة بعد أخرى، فأي قلب دخلت فيه، وأحبها وخالطته كمخالطة الشراب ودخوله؛ نقط في قلبه نقطة سوداء، وأي قلب ردها نقط فيه نقطة بيضاء، حتى تصير القلوب على نوعين؛ على قلب أبيض لشدته على عقد الإيمان، وسلامته من الخلل، وأن الفتن لم تلصق به، ولم تؤثر فيه كحجر الصفا الأملس الذي لا يعلق به شيء، فلا تضره فتنة حتى يلقى الله.
والقلب الآخر قلب تغير لونه أسود من الفتن كالإبريق المائل أو المقلوب الذي لا يثبت فيه ماء، فكذا هذا القلب لا يَعْلَق به خير ولا حكمة، لا يعرف معروفًا، ولا ينكر منكرًا، إلا ما أحبه وهوته نفسه.
وقال حذيفة لعمر: إن تلك الفتن لا يخرج شيء منها في حياتك، وبينك وبينها بابًا مغلقًا يقرب أن يُكسر، قال عمر: أيكسر كسرًا؟ فلو أنه فتح لعله كان يُعاد فيغلق، قال حذيفة: لا، بل يكسر، وأن ذلك الباب رجل يقتل أو يموت.
وما ذكرته خبر صدق مُحقَّق ليس هو من صُحُف الكتابيين، ولا من اجتهاد ذي رأي، بل من حديث النبي صلى الله عليه وسلم.","خطورة الفتن العامة؛ لما يحصل فيها من سفْك الدماء وذهاب الأموال وزوال الأمن.
الفتن الخاصة إن كانت متعلقة بالدين فصاحبها مذموم؛ لإنها إما بدع أو معاصي، وإن كانت متعلقة بأمور دنيوية، فهي امتحان واختبار لصاحبها، والواجب عليه الصبر.
القلب يتأثر بالفتن التي تُعرض عليه، والموفق من هداه الله للثبات على الهدى.
قال النووي: قال صاحب التحرير: معنى الحديث: أن الرجل إذا تبع هواه وارتكب المعاصي دخل قلبه بكل معصية يتعاطاها ظلمة، وإذا صار كذلك افتتن وزال عنه نور الإسلام، والقلب مثل الكوز فإذا انكب انصب ما فيه ولم يدخله شيء بعد ذلك.
قول عمر لحذيفة: (لا أبا لك) معناه: جِدّ في هذا الأمر، وشَمِّرْ وتأهَّب تأهُّب من ليس له معاون.
فضل عمر رضي الله عنه، وأنه باب مغلق بين الناس وبين الفتنة.",,"""صحيح مسلم (1/ 128-129) (144).
النهاية في غريب الحديث والأثر (606) (649) (471) (521) (340) (139).
شرح النووي على مسلم (2/ 171).""",,ކުނަލެއްގެ އިލޮށިތައް ފަދައިން، އެކައްޗަކަށްފަހު އެކައްޗެއް ހިތްތަކުގެ މައްޗަށް ފިތުނަތައް ހުށަހެޅޭނެއެވެ.,"ޙުޛައިފާ رضي الله عنه ގެ އަރިހުން ރިވާވެގެންވެއެވެ. ވިދާޅުވިއެވެ: އަހަރުމެން ޢުމަރު رضي الله عنه ގެ އަރިހުގައި ތިބީމެވެ. ދެން އެކަލޭގެފާނު ވިދާޅުވިއެވެ: ""ﷲ ގެ ރަސޫލާ ﷺ ފިތުނަތަކުގެ ވާހަކަ ޙަދީޘްކުރައްވަނިކޮށް ތިޔަބައިމީހުންގެ ތެރެއިން އަޑުއެހީ ކާކުހެއްޔެވެ؟"" ދެން ބަޔަކު މީހުން ދެންނެވިއެވެ: ""ތިމަންމެން އެ އަޑުއެހީމެވެ."" ދެން އެކަލޭގެފާނު ވިދާޅުވިއެވެ: ""ތިޔަބައިމީހުން ތި މާނަކުރަނީ މީހަކަށް އޭނާގެ އަހުލުވެރިންނާއި އަވަށްޓެރިންގެ ފަރާތުން ޖެހޭ ފިތުނަކަމުގައި ވެދާނެއެވެ."" އެބައިމީހުން ދެންނެވިއެވެ: ""އާދޭހެވެ."" އެކަލޭގެފާނު ވިދާޅުވިއެވެ: ""އެފަދަ ފިތުނަތަކަކީ ނަމާދާއި، ރޯދައާއި، ޞަދަޤާތުން ކައްފާރާކޮށްދޭ (ފޮހެލެވޭ) ކަންކަމެވެ. އެހެނެއްކަމަކު، ކަނޑުގެ ރާޅުތައް އުތުރިގެން އަންނަފަދައިން އަންނާނެ ފިތުނަތަކުގެ ވާހަކަ ނަބިއްޔާ ﷺ ޙަދީޘްކުރައްވަނިކޮށް ތިޔަބައިމީހުންގެ ތެރެއިން އަޑުއެހީ ކާކުހެއްޔެވެ؟"" ޙުޛައިފާ ވިދާޅުވިއެވެ: ދެން އެމީހުން ހަނުތިބިއެވެ. ދެން އަހަރެން ދެންނެވީމެވެ: ""ތިމަންނައެވެ."" އެކަލޭގެފާނު ވިދާޅުވިއެވެ: ތިބާތާއެވެ! (ތިބާއަކީ އެކަމަށް އަހުލުވެރި މީހެކެވެ.) ތިޔަފަދަ މީހަކު އުފަންކުރި ތިބާގެ ބައްޕައަށް ޘަނާހުއްޓެވެ."" ޙުޛައިފާ ވިދާޅުވިއެވެ: ﷲ ގެ ރަސޫލާ ﷺ ޙަދީޘްކުރައްވަނިކޮށް އަހަރެން އަޑުއެހީމެވެ:","«ކުނަލެއްގެ އިލޮށިތައް ފަދައިން (އެކައްޗަކަށްފަހު އަނެކައްޗެއްގެ ގޮތުގައި) ހިތްތަކަށް ފިތުނަތައް ހުށަހެޅޭނެއެވެ. ދެންފަހެ، އެ ފިތުނަތައް ބޮއެފި (ވަދެ ޤަބޫލުކޮށްފި) ކޮންމެ ހިތެއްގައި ކަޅުކުލައިގެ ލައްގަނޑެއް ޖެހޭނެއެވެ. އަދި އެ ފިތުނަތަކަށް އިންކާރުކޮށްފި ކޮންމެ ހިތެއްގައި ހުދުކުލައިގެ ލައްގަނޑެއް ޖެހޭނެއެވެ. އެހެންގޮސް އެ ހިތްތައް ދެ ވައްތަރުގެ މައްޗަށް ވެއްޖައުމަށް ދާންދެނެވެ. (އެއް ހިތަކީ) އޮމާން ހިލައެއް ފަދަ ހުދުކުލައިގެ ހިތެކެވެ. ފަހެ އުޑުތަކާއި ބިން ދެމިއޮތްހާ ހިނދަކު، ފިތުނައަކުން އެފަދަ ހިތަކަށް ގެއްލުމެއް ނުދޭނެއެވެ. އަދި އަނެއް ހިތަކީ، ބަންޑުން ޖަހާފައިވާ ކަންވާރެއްފަދަ، އަޅިކުލައަކަށްދާ ކަޅުކުލައިގެ ހިތެކެވެ. ހެޔޮކަމެއް ނޭނގޭ، އަދި ނުބައިކަމަކަށް އިންކާރުކުރާކަށްވެސް ނޭނގޭ ހިތެކެވެ. އެހިތުގެ އަމިއްލަ އެދުމުގެ ތެރެއިން އެ ހިތަކަށް ވަދެފައިވާ އެއްޗެއް މެނުވީއެވެ»، ޙުޛައިފާ ވިދާޅުވިއެވެ: އަދި ތިބާއާއި އެ ފިތުނަތަކާ ދެމެދު ބަންދުކުރެވިފައިވާ ދޮރެއް ވާކަމާއި، އެ ދޮރު މާލަސްތަކެއްނުވެ މުގުރާލެވިދާނެ ކަމުގެ ވާހަކަ އަހަރެން އެކަލޭގެފާނަށް (އެބަހީ: ޢުމަރުގެފާނަށް) ކިޔައިދިނީމެވެ. ޢުމަރު ވިދާޅުވިއެވެ: ""ތިބާގެ ބައްޕައެއް ނެތެވެ! ހަމަ އެ ދޮރު މުގުރައިލެވެނީހެއްޔެވެ؟ ފަހެ އެ ދޮރު ހުޅުވުނުނަމަ، ފަހަރެއްގައި އެ އަނބުރާ ލެއްޕިދާނެތާއެވެ."" އަހަރެން ދެންނެވީމެވެ: ""ނޫނެކެވެ. އެކަމަކު އެ ދޮރު މުގުރައިލެވެނީއެވެ."" އަދި އެ ދޮރަކީ ޤަތުލުކުރެވޭ ނުވަތަ މަރުވާނެ މީހެއްކަމާއި، މިއީ އޮޅުންތަކެއް އެކުލެވިގެންވާ ވާހަކައެއް ނޫންކަން އަހަރެން އެކަލޭގެފާނަށް ކިޔައިދިނީމެވެ. އަބޫ ޚާލިދު ވިދާޅުވިއެވެ: ފަހެ ތިމަން، ސަޢުދަށް ދެންނެވީމެވެ: އޭ އަބޫ މާލިކެވެ! «أَسْوَدُ مُرْبَادٌّ» އަކީ ކޮބައިތޯއެވެ؟ އެކަލޭގެފާނު ވިދާޅުވިއެވެ: އެއީ ކަޅުކުލައިގެ ތެރޭގައިވާ ގަދަ ހުދުކުލައެވެ. ވިދާޅުވިއެވެ: ތިމަން ދެންނެވީމެވެ: ދެން «الْكُوزُ مُجَخِّيًا» އަކީ ކޮބައިތޯއެވެ؟"" ވިދާޅުވިއެވެ: އެކޮޅުކޮޅުން ޖަހާފައިވުމެވެ.",,,,"އަމީރުލް މުއުމިނީން ޢުމަރު ބްނުލް ޚައްޠާބު رضي الله عنه އެކަލޭގެފާނުގެ މަޖިލީހުގައި އިންނެވިއެވެ. އަދި އެކަލޭގެފާނުގެ އަރިހުގައި ޞަޙާބީން رضي الله عنهم ގެ ތެރެއިން ޖަމާޢަތެއް ތިއްބެވިއެވެ. ދެން އެބޭކަލުންނަށް ވިދާޅުވިއެވެ:
ﷲ ގެ ރަސޫލާ ﷺ ފިތުނަތަކުގެ ވާހަކަ ދައްކަވަނިކޮށް، ތިޔަބައިމީހުންގެ ތެރެއިން އަޑުއެހީ ކާކުހެއްޔެވެ؟
ދެން އޭގެ ބައެއް ބޭކަލުން ދެންނެވިއެވެ: ތިމަންމެން އެކަލޭގެފާނު ފިތުނަތަކުގެ ވާހަކަ ޛިކުރުކުރައްވަނިކޮށް އަޑުއެހީމެވެ. އެހިނދު ޢުމަރު رضي الله عنه ވިދާޅުވިއެވެ: ފަހަރެއްގައި ތިޔަބައިމީހުން ތިޔަ ޤަޞްދުކުރަނީ، މީހަކަށް އޭނާގެ އެންމެ ގާތް މީހުންގެ ފަރާތުން ކުރިމަތިވާ ބަލާތަކާއި އިމްތިޙާނުތަކުގެ ވާހަކަކަމުގައި ވެދާނެއެވެ. އެއީ އޭނާގެ އަނބިމީހާއާއި ދަރިންދެކެ އިންތިހާއަށް ލޯބިވުމާއި، އެމީހުންނަށްޓަކައި ބަހައްޓާ ދަހިވެތިކަމާއި، އަދި އެމީހުންގެ ކަންކަމުގައި މަޝްޣޫލުވާން ހަދައިގެން ގިނަގުނަ ހެޔޮކަންތައް ދޫކޮށްލައިގެންނެވެ. ނުވަތަ އެމީހުންގެ ޙައްޤުތައް އަދާކުރުމާއި، އެމީހުންނަށް އަދަބުވެރިކަން ދަސްކޮށްދިނުމާއި އުނގަންނައިދިނުމުގައި އޭނާގެ މައްޗަށް ލާޒިމުވާ ކަންކަމާމެދު ފަރުވާކުޑަކުރުމުގެ ސަބަބުންނެވެ. އަދި ހަމައެފަދައިން މީހަކަށް އޭނާގެ އަވަށްޓެރިޔާއާމެދު ކުރިމަތިވާ ފިތުނައާއި އެފަދަ ކަންކަމަށެވެ. ފަހަރެއްގައި ތިޔަބައިމީހުން ތިޔަ ޤަޞްދުކުރަނީ އެކަންތައްތައް ހެއްޔެވެ؟
އެ މީހުން ދެންނެވިއެވެ: ""އާދޭހެވެ."" ވިދާޅުވިއެވެ: ""އެއީ ޙިސާބުބެއްލެވުން ލާޒިމްކުރާ ފިތުނަތަކެކެވެ. އަދި އޭގެ ތެރޭގައި ނަމާދާއި، ރޯދައާއި އަދި ޞަދަޤާތްފަދަ ހެޔޮ ޢަމަލުތަކުގެ ސަބަބުން ފޮހެވިގެންދާނޭކަމަށް އުންމީދުކުރެވޭ ފާފަތައްވެއެވެ.""
އެހެނަސް، އެ ފިތުނަތަކުގެ ބޮޑުކަމުގެ ގަދަފަދަކަމުންނާއި ފެތުރިގެންދާލެއް ގިނަކަމުން، ކަނޑުގެ ރާޅުތައް ކެކޭ ފަދައިން މީސްތަކުން ގުޑުންއަރުވާލާނެ ޢާއްމު ފިތުނަތަކުގެ ވާހަކަ ނަބިއްޔާ ﷺ ޛިކުރުކުރައްވަނިކޮށް ތިޔަބައިމީހުންގެ ތެރެއިން އަޑުއެހީ ކާކު ހެއްޔެވެ؟
ދެން އެބައިމީހުން ހަނުތިބެއްޖެއެވެ. އެހިނދު ޙުޛައިފަތު ބްނުލް ޔަމާން رضي الله عنهما ވިދާޅުވިއެވެ: ""އަހަރެން އޭގެ އަޑުއެހީމެވެ."" ދެން ޢުމަރު رضي الله عنه އުފާކުރައްވާ ވިދާޅުވިއެވެ: ""ﷲ އަށްޓަކައި ތިބާގެ ބައްޕަގެ މޮޅުކަމާއެވެ! އެއީ ތިބާފަދަ އުފަންކޮށް ގެނެސްދިނީމައެވެ. ބުނެބަލާށެވެ."" ޙުޛައިފާ ވިދާޅުވިއެވެ: އެކަލޭގެފާނު ﷺ ޙަދީޘްކުރެއްވިއެވެ:
ފިތުނަތައް ފާޅުވެ، އިންސާނާގެ ހިތުގެ ފަރާތަށާއި އަރިމައްޗަށް ތަތްލައިގަނެއެވެ. އެއީ ކުނަލެއްގެ މަތީގައި ނިދާފައި އޮންނަ މީހާގެ އަރިކަށީގައި އެ ކުނާ ތަތްލާ ފަދައިންނެވެ. އަދި ހިތުގައި ފިތުނަތައް ހަރުލާވަރު ގަދަކަމުން، ހިތަށް އެއިން އަސަރުކުރުވައެވެ. އަދި މި ފިތުނަތައް އެނބުރި އައިސް، އެއް ފިތުނައަކަށްފަހު އަނެއް ފިތުނައެއް ތަކުރާރުވަމުންދެއެވެ. ދެންފަހެ، އެ ފިތުނަތައް ވަދެ، އެކަމަށް ލޯބިކޮށް، ބުއިމެއް އެތެރެވެ ފޯވެގެންދާ ފަދައިން އެ ފިތުނަތަކާ މަސްހުނިވެ ފޯވެއްޖެ ކޮންމެ ހިތެއްގައި؛ ކަޅުކުލައިގެ ތިއްކެއް ޖެހިގެންދެއެވެ. އަދި އެ ފިތުނަތަކަށް އިންކާރުކޮށް ރައްދުކޮށްފި ކޮންމެ ހިތެއްގައި، ހުދުކުލައިގެ ތިއްކެއް ޖެހިގެންދެއެވެ. އެހެންގޮސް އެންމެފަހުން ހިތްތައް ދެ ވައްތަރަކަށް ވެގެންދެއެވެ. އެއް ވައްތަރަކީ: އީމާންކަމުގެ މަތީގައި އެ ހިތް ގަދަފަދަކަމާއެކު ޘާބިތުވެ އޮތުމުގެ ސަބަބުންނާއި، މައްސަލަތަކުން ސަލާމަތްވެގެންވުމުގެ ސަބަބުން، ހުދުކަންމަތީގައިވާ ހިތެވެ. އަދި އެއްވެސް އެއްޗެއް އަޅައިނުގަންނަ އޮމާން ހިލައެއް ފަދައިން، އެ ހިތުގައި ފިތުނަތައް ތަތްނުލަވާ، އޭގެ އަސަރު އެ ހިތަށް ނުކުރެއެވެ. ފަހެ، ﷲ އާ ބައްދަލުވެއްޖައުމަށް ދާންދެން އެއްވެސް ފިތުނައަކުން އެ ހިތަކަށް ގެއްލުމެއް ނުވާނެއެވެ.
އަދި އަނެއް ހިތަކީ: ފިތުނަތަކުގެ ސަބަބުން އޭގެ ކުލަ ބަދަލުވެ ކަޅުވެފައިވާ ހިތެކެވެ. އޭގައި ފެން ހަރުނުލާ ގޮތަށް އަރިއަޅާފައިވާ ނުވަތަ ބަންޑުންވެފައިވާ ކުރައެއް ފަދައިން، މި ހިތުގައިވެސް ހެޔޮކަމެއް އަދި ޙިކުމަތެއްވެސް ހަރުނުލާނެއެވެ. އެ ހިތް ހެޔޮކަމެއް ނުދަންނާނެއެވެ. އަދި މުންކަރާތެއް ދަނެ އިންކާރެއްވެސް ނުކުރާނެއެވެ. އެ ހިތުގެ އަމިއްލަ އަމިއްލަ އެދުން އެދި ލޯބިކުރި ކަމެއް މެނުވީއެވެ.
އަދި ޙުޛައިފާ، ޢުމަރަށް ވިދާޅުވިއެވެ: ""ހަމަކަށަވަރުން ތިބާގެ ޙަޔާތުގައި އެ ފިތުނަތަކުން އެއްވެސް ކަމެއް ފާޅުވެ ނުނިކުންނާނެއެވެ. އަދި ތިބާއާއި އެ ފިތުނަތަކާ ދެމެދުގައި ބަންދުކުރެވިފައިވާ ދޮރެއް ވެއެވެ. އެ ދޮރު ހަލާކުކޮށްލެވުން ގާތްވެގެންވެއެވެ."" ޢުމަރުގެފާނު ވިދާޅުވިއެވެ: ""އެ ދޮރު ހަލާކުކޮށްލެވެނީ ހެއްޔެވެ؟ ފަހެ، އެ ދޮރު ހުޅުވުނުނަމަ، އަލުން ބަންދުކުރެވިދާނެކަމަށް އުންމީދުކުރެވުނީހެވެ."" ޙުޛައިފާ ވިދާޅުވިއެވެ: ""ނޫނެކެވެ. ކިއެއްތަ، އެ ދޮރު ހަލާކުކޮށްލެވޭނީއެވެ. އަދި ހަމަކަށަވަރުން އެ ދޮރަކީ ޤަތުލުކުރެވޭ ނުވަތަ މަރުވާ މީހެކެވެ.""
އަދި ތިމަން މި ބަޔާންކުރި ވާހަކައަކީ ކަށަވަރުވެގެންވާ ތެދު ޚަބަރެކެވެ. އެއީ އަހުލު ކިތާބީންގެ ފޮތްތަކުން އައިސްފައިވާ އެއްޗެއް ނޫނެވެ. އަދި ރައުޔުގެ އަހުލުވެރިއެއްގެ އިޖުތިހާދަކުން އައިސްފައިވާ އެއްޗެއްވެސް ނޫނެވެ. ކިއެއްތަ، އެއީ ނަބިއްޔާ ﷺ ގެ ޙަދީޘްފުޅުން އައިސްފައިވާ އެއްޗެކެވެ.","ޢާއްމު ފިތުނަތަކުގެ ނުރައްކާތެރިކަމެވެ. އޭގައި ލޭ އޮހޮރުވުމާއި، މުދާތައް ގެއްލިދިޔުމާއި، އަމާންކަން ނެތިދިއުން މެދުވެރިވާކަމަށްޓަކައިއެވެ.
ޚާއްޞަ ފިތުނަތަކަށް ބަލާއިރު: އެއީ ދީނާ ގުޅުންހުރި ކަމެއްކަމުގައި ވާނަމަ؛ ފަހެ އޭގެ އަހުލުވެރިޔާ ވަނީ ކުށްވެރިކުރެވިގެންނެވެ. އެހެނީ އެއީ ބިދުޢަތަކެއް ނުވަތަ ފާފަތަކެއް ކަމުގައި ވާތީއެވެ. އަދި އެއީ ދުނިޔަވީ ކަންކަމާ ގުޅުންހުރި ކަމެއްކަމުގައި ވާނަމަ؛ ފަހެ، އެއީ އޭގެ އަހުލުވެރިޔާއަށް ކުރިމަތިވާ އިމްތިޙާނެކެވެ. އަދި އޭނާގެ މައްޗަށް ވާޖިބުވެގެންވަނީ ކެތްތެރިވުމެވެ.
ހިތަށް ހުށަހެޅޭ ފިތުނަތަކުން އެއަށް އަސަރުކުރެއެވެ. އަދި ތައުފީގު ލިބިގެންވާ މީހަކީ، ހިދާޔަތުގެ މަތީގައި ޘާބިތުވުމަށް ﷲ ތެދުމަގު ދައްކަވައިފި މީހާއެވެ.
އައްނަވަވީ ވިދާޅުވިއެވެ: ""އައްތަޙްރީރުގެ މުއައްލިފު ވިދާޅުވިއެވެ: މި ޙަދީޘްގެ މާނައަކީ: ހަމަކަށަވަރުން މީހަކު އޭނާގެ އަމިއްލަ އެދުމަށް ތަބަޢަވެ، ފާފަތަކަށް އަރައިގަނެއްޖެނަމަ؛ އޭނާ ކުރާ ކޮންމެ ފާފައަކާއެކު އޭނާގެ ހިތަށް އަނދިރިކަމެއް ވަންނާނެއެވެ. އަދި އެފަދައިން ކަންތައް ވެއްޖެނަމަ އޭނާ ފިތުނައިގައި ޖެހި، އޭނާގެ ކިބައިން އިސްލާމްކަމުގެ ނޫރު ފިލައިދެއެވެ. އަދި ހިތަކީ ކަންވާރެއްފަދަ އެއްޗެކެވެ. ފަހެ އެ ބަންޑުންވެއްޖެނަމަ، އޭގައިވާ އެއްޗެއް އޮހިގެންދާނެއެވެ. އަދި އޭގެ ފަހުން އޭގެ ތެރެއަށް އެއްވެސް އެއްޗެއް ނުވަދެއެވެ.""
ޢުމަރު ޙުޛައިފާއަށް ވިދާޅުވި ބަސްފުޅު: (لا أبا لك) (ތިބާގެ ބައްޕައެއް ނެތެވެ.) އޭގެ މާނައަކީ: މިކަމުގައި ގަދައަޅައި މަސައްކަތްކުރާށެވެ. އަދި އަތުކުރި އޮޅާލާށެވެ. އަދި އެހީތެރިއަކު ނުވާ މީހަކު ތައްޔާރުވާ ފަދައިން ތައްޔާރުވާށެވެ.
ޢުމަރު رضي الله عنه ގެ މާތްކަމާއި، އެކަލޭގެފާނަކީ މީސްތަކުންނާއި ފިތުނައާ ދެމެދުގައި ބަންދުކުރެވިފައިވާ ދޮރެއްކަން ހާމަވެގެންދެއެވެ.
",,