bookCode,titleAR,titleDV,titleEN
AQD-DFK-aqidatuSalafSoabuni,عقيدة السلف لأبي عثمان الصابوني,އަބޫ ޢުޘްމާން އައްޞާބޫނީ ލިޔުނު ސަލަފުންގެ އަގީދާ,Aqidatu Salaf Soabuni
AQD-nawaqidulIslam,نواقض الإسلام,އިސްލާމްކަން ގެއްލޭ ކަންކަން,Nawaqidul Islam
AQD-qawaidulArbau,‌‌القواعد الأربع,ހަތަރު ގަވާއިދު,Qawaidul Arbau
AQD-usooluThalaatha,الأصول الثلاثة,ތިން އުސޫލު,Usoolu Thalaatha
DFK-AKLQ-ATHR-akhbaruShuyukh,أخبار الشيوخ وأخلاقهم للمروذي,ޝައިޚުންގެ ޚަބަރުތަކާއި އެ ބޭކަލުންގެ އަޚްލާގު,Akhbaru Shuyukh
DFK-AKLQ-ATHR-QRUL-akhlaqHamalathilQuran,أخلاق حملة القرآن للآجري,އާޖުއްރީ ލިޔުނު ގުރްއާން އުފުލާ މީހުންގެ އަޚްލާގު,Akhlaq Hamalathil Quran
DFK-AQD-intisarLiAshabilHadith,الانتصار لأصحاب الحديث للسمعاني,ޙަދީޘްގެ އަސްހާބުންނަށް ނަސްރުދިނުން,Intisar Li Ashabil Hadith
DFK-AQD-kalimathulIkhlas,كلمة الإخلاص لابن رجب,އިބްނު ރަޖަބު ލިޔުނު އިޚްލާސްގެ ކަލިމަ,Kalimathul Ikhlas
DFK-AQD-kitabulEmanAbiUbaid,كتاب الإيمان لأبي عبيد,އަބޫ ޢުބައިދު ލިޔުނު އީމާންކަމުގެ ފޮތް,Kitabul Eman Abi Ubaid
DFK-AQD-talkhisKitabiShariah,تلخيص العقيدة من كتاب الشريعة للآجري,އާޖުއްރީ ލިޔުނު ޝަރީއަތް ފޮތުގެ އަގީދާގެ ޚުލާސާއެއް,Talkhis Kitabi Shariah
DFK-ATHR-kitabulIlmAbiKhaithama,كتاب العلم لأبي خيثمة,އަބޫ ޚައިޘަމާ ލިޔުނު އިލްމުގެ ފޮތް,Kitabul Ilm Abi Khaithama
DRFT-AQD-aqidatuNawawi-HDN,عقيدة النووي,ނަވަވީގެ އަގީދާ,Aqidatu Nawawi
DRFT-AQD-aqidatuRaziyain,عقيدة الرازيين,ދެ ރާޒީންގެ އަގީދާ,Aqidatu Raziyain
DRFT-AQD-sharhuSunnahBarbahari,شرح السنة للبربهاري,ބަރްބަހާރީ ލިޔުނު ސުންނަތުގެ ޝަރަހަ,Sharhu Sunnah Barbahari
DRFT-AQD-usooluSiththa,الأصول الستة,ހަ އުސޫލު,Usoolu Siththa
DRFT-AQD-usooluSunnahAhmed,أصول السنة لأحمد,އަޙްމަދު ލިޔުނު ސުންނަތުގެ އުސޫލުތައް,Usoolu Sunnah Ahmed
DRFT-HDT-arbaoonAajurry,الأربعون للآجري,އާޖުއްރީގެ ސާޅީސް ޙަދީޘް,Arbaoon Aajurry
DRFT-HDT-bulughulMaram,بلوغ المرام,ބުލޫޣުލް މަރާމް,Bulughul Maram
DRFT-HDT-bulughulMaram-FULL-HDN,بلوغ المرام,ބުލޫޣުލް މަރާމް,Bulughul Maram Full
DRFT-HDT-muwattaMalik,موطأ مالك,މުވައްޠައު މާލިކު,Muwatta Malik
DRFT-ZKR-hisnulMuslim,حصن المسلم,މުސްލިމުންގެ ކިއްލާ,Hisnul Muslim
HDT-arbaoonNawawi,الأربعون النووية,ނަވަވީގެ ސާޅީސް ޙަދީޘް,Arbaoon Nawawi
HDT-umdathulAhkam,عمدة الأحكام,ޢުމްދަތުލް އަޙްކާމް,Umdathul Ahkam
IH-DRFT-AQD-mukhtasarTauhidilAsmaWaSifat,مختصر في توحيد الأسماء والصفات,އިސްމުފުޅުތަކާއި ސިފަފުޅުތަކުގައި އެއްކައުވަންތަކުރުމުގެ ޚުލާސާ,Mukhtasar Tauhidil Asma Wa Sifat
IH-huquqDaathIlaihalFitra,حقوق دعت إليها الفطرة,ފިތުރަތުން އެ ކަންކަމަށް ގޮވާލާ ހައްގުތައް,Huquq Daath Ilaihal Fitra
IH-islamDeenRusulullah,الإسلام دين رسل الله,އިސްލާމް ދީނަކީ ﷲ ގެ ރަސޫލުންގެ ދީނެވެ.,Islam Deen Rusulullah
IH-islamDeenulFitrah,الإسلام - دين الفطرة والعقل والسعادة,އިސްލާމް ދީން - ފިޠުރަތާއި ބުއްދިއާއި ބާއްޖަވެރިކަމުގެ ދީން,Islam Deenul Fitrah
IH-manKhalaqaniWaLimaza,من خلقني؟ ولماذا؟,އަހަރެން އުފެއްދެވީ ކޮން ފަރާތަކުން؟ ކޮން މަގުސަދަކަށް؟,Man Khalaqani Wa Limaza
IH-nubzaMujazahAnilIslam,رسالة موجزة عن الإسلام...,...އިސްލާމް ދީނާ ބެހޭ ލުއި ފޮތެއް,Nubza Mujazah Anil Islam
IH-rasoolulIslamMuhammad,رسول الإسلام محمد ﷺ,އިސްލާމް ދީނުގެ ރަސޫލާ މުޙައްމަދު ﷺ,Rasoolul Islam Muhammad
KNSH-hadithmv-DSC,كناشة حديث إم في,ޙަދީޘްއެމްވީގެ ނޯޓުފޮތް,Kunnaasha Hadithmv
KNSH-muhammedMaldheefi-DSC,كناشة محمد المالديفي,މުޙައްމަދު އަލްމާލްދީފީގެ ނޯޓުފޮތް,Kunnaasha Muhammed Maldheefi
QRN-bakurube,ترجمة بكر بي,ބަކުރުބެގެ ތަރުޖަމާ,Quran Bakurube Translation
QRN-DATA-juz_surah_ayahNo_basmalah_ayahImlai,القرآن بالرسم الإملائي,ކީރިތި ގުރްއާން (އިމްލާއީ ރަސްމު),Quran with Imlai Script
QRN-DATA-ayahUthmani,القرآن بالرسم العثماني,ކީރިތި ގުރްއާން (އުޘްމާނީ ރަސްމު),Quran with Uthamni Script
QRN-hadithmv,ترجمة حديث إم في,ޙަދީޘްއެމްވީގެ ތަރުޖަމާ,Quran Hadithmv Translation
RDF-ahmadFahmyDidi,معجم أحمد فهمي ديدي,އަޙްމަދު ފަހްމީ ދީދީގެ ރަދީފު,Radheef Ahmad Fahmy
RDF-all,الجامع في المعاجم,ހުރިހާ ރަދީފުތައް,Radheef All
RDF-AQD-asmaullahilHusna,أسماء الله الحسنى,ﷲގެ އެންމެ ރިވެތި އިސްމުފުޅުތައް,Asmaullahil Husna
RDF-eegaal,(معجم) الإيقاظ,އަލްއީގާޡް,Radheef Eegaal
RDF-hassanAhmedManiku,معجم مانيك الموجز للأصول الاشتقاقية للغة الديفيهية,މަނިކުގެ ދިވެހި އިނގިރޭސި ރަދީފު,Manik’s Concise Etymological Vocabulary
RDF-nanfoiyComb,معجم الأسماء الموحد,އެއްކުރެވިފައިވާ ނަންފޮތް,Radheef Nanfoiy (Comb)
RDF-rasmee,معجم اللغة الديفهية (الرسمية),ދިވެހިބަހުގެ ރަދީފު (ރަސްމީ),Radheef Rasmee