bookCode,titleAR,titleDV,titleEN,tags,indexColumns,version
AQD-aqidatuNawawi-HDN,عقيدة النووي,ނަވަވީގެ އަގީދާ,Nawawi's Aqidah,DRFT,,9ebcc269d59c
AQD-aqidatuRaziyain,عقيدة الرازيين,ދެ ރާޒީންގެ އަގީދާ,Creed of the Two Razis,DRFT,,c988b016c0b8
AQD-nawaqidulIslam,نواقض الإسلام,އިސްލާމްކަން ގެއްލޭ ކަންކަން,Nullifiers of Islam,,,3ba811e5c078
AQD-qawaidulArbau,‌‌القواعد الأربع,ހަތަރު ގަވާއިދު,Four Principles,,,4e6391a64c9c
AQD-sharhuSunnahBarbahari-hmv,شرح السنة للبربهاري,ބަރްބަހާރީ ލިޔުނު ސުންނަތުގެ ޝަރަހަ,Explanation of the Sunnah,DRFT,,b46ee06545f7
AQD-usooluSiththa,الأصول الستة,ހަ އުސޫލު,Six Principles,DRFT,,dc4bd7e0758c
AQD-usooluSunnahAhmed,أصول السنة لأحمد,އަޙްމަދު ލިޔުނު ސުންނަތުގެ އުސޫލުތައް,Foundations of the Sunnah,DRFT,,c27744ac8a57
AQD-usooluThalaatha,الأصول الثلاثة,ތިން އުސޫލު,Three Principles,,,2717f72ab217
DFK-akhbaruShuyukh,أخبار الشيوخ وأخلاقهم للمروذي,ޝައިޚުންގެ ޚަބަރުތަކާއި އެ ބޭކަލުންގެ އަޚްލާގު,Accounts and Character of the Scholars,"ATHR,AKLQ",,735cd0dc1032
DFK-akhlaqHamalathilQuran,أخلاق حملة القرآن للآجري,އާޖުއްރީ ލިޔުނު ގުރްއާން އުފުލާ މީހުންގެ އަޚްލާގު,Character of the Bearers of the Quran,"ATHR,QRUL,AKLQ",,d1ba3f3bb644
DFK-aqidatuSalafSoabuni,عقيدة السلف لأبي عثمان الصابوني,އަބޫ ޢުޘްމާން އައްޞާބޫނީ ލިޔުނު ސަލަފުންގެ އަގީދާ,Aqidah of the Salaf,AQD,,de1bd81d6117
DFK-intisarLiAshabilHadith,الانتصار لأصحاب الحديث للسمعاني,ޙަދީޘްގެ އަސްހާބުންނަށް ނަސްރުދިނުން,In Defense of the People of Hadith,AQD,,1bff041cf757
DFK-kalimathulIkhlas,كلمة الإخلاص لابن رجب,އިބްނު ރަޖަބު ލިޔުނު އިޚްލާސްގެ ކަލިމަ,Statement of Sincerity,AQD,,e838d1f09c5f
DFK-kitabulEmanAbiUbaid,كتاب الإيمان لأبي عبيد,އަބޫ ޢުބައިދު ލިޔުނު އީމާންކަމުގެ ފޮތް,Book of Faith,AQD,,fd980da25962
DFK-kitabulIlmAbiKhaithama,كتاب العلم لأبي خيثمة,އަބޫ ޚައިޘަމާ ލިޔުނު އިލްމުގެ ފޮތް,Book of Knowledge,ATHR,,b1240fcb2cb2
DFK-sharhuSunnahBarbahari,شرح السنة للبربهاري (دفك),ބަރްބަހާރީ ލިޔުނު ސުންނަތުގެ ޝަރަހަ (ދފކ),Explanation of the Sunnah (DFK),AQD,,81bc26bc4f83
DFK-talkhisKitabiShariah,تلخيص العقيدة من كتاب الشريعة للآجري,އާޖުއްރީ ލިޔުނު ޝަރީއަތް ފޮތުގެ އަގީދާގެ ޚުލާސާއެއް,Summary of Aqidah from Aajurry's Shari'ah,AQD,,0ba94d586bd6
HDT-arbaoonAajurry,الأربعون للآجري,އާޖުއްރީގެ ސާޅީސް ޙަދީޘް,Forty Hadith of Aajurry,DRFT,,2e68b6339e36
HDT-arbaoonNawawi,الأربعون النووية,ނަވަވީގެ ސާޅީސް ޙަދީޘް,Forty Hadith of Nawawi,REV,,5e5f5d8794ee
HDT-bulughulMaram,بلوغ المرام,ބުލޫޣުލް މަރާމް,Bulughul Maram,DRFT,,b5aab907c51d
HDT-bulughulMaram-FULL-HDN,بلوغ المرام,ބުލޫޣުލް މަރާމް,Bulughul Maram,DRFT,,ce0984de8a31
HDT-HBK-adabulMufrad,الأدب المفرد,އަދަބުލް މުފްރަދު,Adabul Mufrad,INC,,dfaad74cc8ef
HDT-HBK-jamiuTirmidhi,جامع الترمذي,ޖާމިޢުއް ތިރްމިޛީ,Jamiu Tirmidhi,INC,,7810d1745d83
HDT-HBK-musnadAhmed,مسند أحمد,މުސްނަދު އަޙްމަދު,Musnad Ahmed,INC,,31c112c0c796
HDT-HBK-sahihBukhari,صحيح البخاري,ޞަޙީޙު ބުޚާރީ,Sahih Bukhari,INC,,5f171698c231
HDT-HBK-sahihMuslim,صحيح مسلم,ޞަޙީޙު މުސްލިމް,Sahih Muslim,INC,,3ba8e7b419b8
HDT-HBK-sunanAbiDawud,سنن أبي داود,ސުނަން އަބީ ދާއޫދު,Sunan Abi Dawud,INC,,abb0a4497a92
HDT-HBK-sunanIbnMajah,سنن ابن ماجه,ސުނަން އިބްނު މާޖަހް,Sunan Ibn Majah,INC,,91f93886aa40
HDT-HBK-sunanNasai,سنن النسائي,ސުނަން ނަސާއީ,Sunan Nasai,INC,,35f91a0c2b99
HDT-HMSC-all,الجامع في الأحاديث,އެއްކުރަމުންދާ ޙަދީޘްތައް,Collection of Hadith,DRFT,,5b9556827666
HDT-HMSC-kutubAlbani,كتب الألباني,އަލްބާނީގެ ފޮތްތައް,Books of Albani,DRFT,,7640d5236902
HDT-muwattaMalik,موطأ مالك,މުވައްޠައު މާލިކު,Muwatta Malik,DRFT,,211d44663982
HDT-umdathulAhkam,عمدة الأحكام,ޢުމްދަތުލް އަޙްކާމް,Umdathul Ahkam,,,cf58851f371c
IH-huquqDaathIlaihalFitra,حقوق دعت إليها الفطرة,ފިތުރަތުން އެ ކަންކަމަށް ގޮވާލާ ހައްގުތައް,Rights Advocated by Human Nature,,,5aec4c074c74
IH-islamDeenRusulullah,الإسلام دين رسل الله,އިސްލާމް ދީނަކީ ﷲ ގެ ރަސޫލުންގެ ދީނެވެ.,Islam - Religion of Allah's Messengers,,,aea13e1fea69
IH-islamDeenulFitrah,الإسلام - دين الفطرة والعقل والسعادة,އިސްލާމް ދީން - ފިޠުރަތާއި ބުއްދިއާއި ބާއްޖަވެރިކަމުގެ ދީން,"Islam - Religion of Human Nature,Reason,and Happiness",,,8cfd43ba784a
IH-manKhalaqaniWaLimaza,من خلقني؟ ولماذا؟,އަހަރެން އުފެއްދެވީ ކޮން ފަރާތަކުން؟ ކޮން މަގުސަދަކަށް؟,Who Created Me? And Why?,,,17c370605d35
IH-mukhtasarTauhidilAsmaWaSifat,مختصر في توحيد الأسماء والصفات,އިސްމުފުޅުތަކާއި ސިފަފުޅުތަކުގައި އެއްކައުވަންތަކުރުމުގެ ޚުލާސާ,Summary of the Oneness of Divine Names and Attributes,"DRFT,AQD",,da0401cf0085
IH-nubzaMujazahAnilIslam,رسالة موجزة عن الإسلام,އިސްލާމް ދީނާ ބެހޭ ލުއި ފޮތެއް,A Brief Treatise About Islam,,,f299ab92dcf0
IH-rasoolulIslamMuhammad,رسول الإسلام محمد ﷺ,އިސްލާމް ދީނުގެ ރަސޫލާ މުޙައްމަދު ﷺ,The Messenger of Islam Muhammad ﷺ,,,54b56495cc81
KNSH-hadithmv-DSC,كناشة حديث إم في,ޙަދީޘްއެމްވީގެ ނޯޓުފޮތް,Kunnaasha Hadithmv,,,eac2334bfd5f
KNSH-muhammedMaldheefi-DSC,كناشة محمد المالديفي,މުޙައްމަދު އަލްމާލްދީފީގެ ނޯޓުފޮތް,Notebook of Muhammed Maldheefi,,,487b1abb869e
QRN-bakurube,ترجمة باكرو بي,ބަކުރުބެގެ ތަރުޖަމާ,Quran Translation of Bakurube,,,e88c49beb5af
QRN-DATA-baseFile-1-juzNo_surahNo_ayahNo_basmalah_ayahImlai,القرآن بالرسم الإملائي,ކީރިތި ގުރްއާން (އިމްލާއީ ރަސްމު),Quran in Standard Orthographic Script,,,3f37b13659eb
QRN-DATA-baseFile-2-ayahUthmani,القرآن بالرسم العثماني,ކީރިތި ގުރްއާން (އުޘްމާނީ ރަސްމު),Quran in Uthmani Script,,,f6d678780ee3
QRN-hadithmv,ترجمة حديث إم في,ޙަދީޘްއެމްވީގެ ތަރުޖަމާ,Quran Translation of Hadithmv,DRFT,,f4841616e8de
QRN-jaufarFaiz,تفسير القرآن لجعفر,ޖަޢުފަރުގެ ގުރްއާން ތަފްސީރު,Tafsir of Jaufar Faiz,,,a288de66b903
QRN-mukhtasarAR,المختصر في التفسير,ތަފްސީރު މުޚްތަޞަރު (އަރަބި އެކަނި),Short Tafsir,,,1b81c5ef7a51
QRN-muyassarAR,التفسير الميسر (النص العربي),ތަފްސީރު މުޔައްސަރު (އަރަބި އެކަނި),Easy Tafsir,,,f794e0d3ca33
QRN-rasmee-alt,ترجمة رسمية (بحروف الديفيهية بالكامل),ރަސްމީ ތަރުޖަމާ (އެއްކޮށް ދިވެހިން),Official Dhivehi Quran Translation (transliteration),,,7cbc1ee406fc
QRN-rasmee-og,الترجمة الرسمية (الأصلية),ރަސްމީ ތަރުޖަމާ (އަސްލު),Official Dhivehi Quran Translation (original),,,21f3d936cb85
QRN-soabuniAshari-HDN,ترجمة التفسير الواضح الميسر,އައްޞާބޫނީ އަލްއަޝްޢަރީގެ ބަޔާންވެގެންވާ ފަސޭހަ ތަފްސީރު,Clear and Simplified Tafsir,,,63a477371447
QRUL-ushrulAkhir-ahkamThahimmulMuslim,تفسير العشر الأخير ويليه أحكام تهم المسلم,ފަހު ދިހަބައި ކުޅަ އެއްބައިގެ ތަފްސީރު، އަދި މުސްލިމަކަށް މުހިއްމުވާ ހުކުމްތައް,"Explanation of Last Tenth of Quran, with Important Matters for the Muslim","AQD,REV",,87f6ac2c5491
RDF-ahmadFahmyDidi,معجم أحمد فهمي ديدي,އަޙްމަދު ފަހްމީ ދީދީގެ ރަދީފު,Dictionary of Ahmad Fahmy Didi,,,94cbeb318fc6
RDF-all,الجامع في المعاجم,އެއްކުރަމުންދާ ރަދީފުތައް,Collection of Dictionaries,,,353a068c6062
RDF-asmaullahilHusna,أسماء الله الحسنى,ﷲގެ އެންމެ ރިވެތި އިސްމުފުޅުތައް,Most Beautiful Names of Allah,AQD,,2148e41322c3
RDF-eegaal,(معجم) الإيقاظ,އަލްއީގާޡް,Eegaal Dictionary,,,044974339cbe
RDF-hassanAhmedManiku,معجم مانيك الموجز للأصول الاشتقاقية للغة الديفيهية,މަނިކުގެ ދިވެހި އިނގިރޭސި ރަދީފު,Manik’s Concise Etymological Vocabulary,,,91a3ddfae454
RDF-nanfoiyComb,معجم الأسماء الموحد,އެއްކުރެވިފައިވާ ނަންފޮތް,Unified Dictionary of Names,,,3f20fe23a9fc
RDF-rasmee,معجم اللغة الديفهية (الرسمية),ދިވެހިބަހުގެ ރަދީފު (ރަސްމީ),Official Dhivehi Dictionary,,,2d0d4046436f
RDF-W2W-bakurube,معجم ألفاظ القران (مبني على ترجمة باكرو بي),ގުރްއާނުގެ ލަފްޒުތަކުގެ މާނަ (ބަކުރުބޭގެ ތަރުޖަމާގެ މައްޗަށް ބިނާކުރެވިފަ),Dictionary of Quranic Words (based on Bakurube's Translation),QRUL,,315d1f354bb7
ZKR-hisnulMuslim,حصن المسلم,މުސްލިމުންގެ ކިއްލާ,Fortress of the Muslim,DRFT,,2cfdae8445ff