surahNo,nameAR,nameDV,nameEN,ayahCount,basmalah
1,الفَاتِحَة,ފާތިޙާ,Fatihah,7
2,البَقَرَة,ބަގަރާ,Baqarah,286,بِسْمِ اللَّهِ الرَّحْمَـٰنِ الرَّحِيمِ
3,آل عِمرَان,އާލްޢިމްރާން,Aal-Imran,200,بِسْمِ اللَّهِ الرَّحْمَـٰنِ الرَّحِيمِ
4,النِّسَاء,ނިސާ,Nisa,176,بِسْمِ اللَّهِ الرَّحْمَـٰنِ الرَّحِيمِ
5,المَائِدَة,މާއިދާ,Maidah,120,بِسْمِ اللَّهِ الرَّحْمَـٰنِ الرَّحِيمِ
6,الأَنعَام,އަންއާމް,An'aam,165,بِسْمِ اللَّهِ الرَّحْمَـٰنِ الرَّحِيمِ
7,الأَعرَاف,އައުރާފް,A'raaf,206,بِسْمِ اللَّهِ الرَّحْمَـٰنِ الرَّحِيمِ
8,الأَنفَال,އަންފާލް,Anfaal,75,بِسْمِ اللَّهِ الرَّحْمَـٰنِ الرَّحِيمِ
9,التَّوبَة,ތައުބާ,Tawbah,129
10,يُونُس,ޔޫނުސް,Yunus,109,بِسْمِ اللَّهِ الرَّحْمَـٰنِ الرَّحِيمِ
11,هُود,ހޫދު,Hud,123,بِسْمِ اللَّهِ الرَّحْمَـٰنِ الرَّحِيمِ
12,يُوسُف,ޔޫސުފް,Yusuf,111,بِسْمِ اللَّهِ الرَّحْمَـٰنِ الرَّحِيمِ
13,الرَّعد,ރައުދު,Ra'd,43,بِسْمِ اللَّهِ الرَّحْمَـٰنِ الرَّحِيمِ
14,إِبرَاهِيم,އިބްރާހީމް,Ibrahim,52,بِسْمِ اللَّهِ الرَّحْمَـٰنِ الرَّحِيمِ
15,الحِجر,ޙިޖްރު,Hijr,99,بِسْمِ اللَّهِ الرَّحْمَـٰنِ الرَّحِيمِ
16,النَّحل,ނަޙްލު,Nahl,128,بِسْمِ اللَّهِ الرَّحْمَـٰنِ الرَّحِيمِ
17,الإِسرَاء,އިސްރާ,Isra,111,بِسْمِ اللَّهِ الرَّحْمَـٰنِ الرَّحِيمِ
18,الكَهف,ކަހްފު,Kahf,110,بِسْمِ اللَّهِ الرَّحْمَـٰنِ الرَّحِيمِ
19,مَريَم,މަރްޔަމް,Maryam,98,بِسْمِ اللَّهِ الرَّحْمَـٰنِ الرَّحِيمِ
20,طٰه,ޠާހާ,Ta-Ha,135,بِسْمِ اللَّهِ الرَّحْمَـٰنِ الرَّحِيمِ
21,الأَنبِيَاء,އަންބިޔާ,Anbiya,112,بِسْمِ اللَّهِ الرَّحْمَـٰنِ الرَّحِيمِ
22,الحَجّ,ޙައްޖު,Hajj,78,بِسْمِ اللَّهِ الرَّحْمَـٰنِ الرَّحِيمِ
23,المُؤمِنُون,މުއުމިނޫން,Mu'minun,118,بِسْمِ اللَّهِ الرَّحْمَـٰنِ الرَّحِيمِ
24,النُّور,ނޫރު,Nur,64,بِسْمِ اللَّهِ الرَّحْمَـٰنِ الرَّحِيمِ
25,الفُرقَان,ފުރްޤާން,Furqan,77,بِسْمِ اللَّهِ الرَّحْمَـٰنِ الرَّحِيمِ
26,الشُّعَرَاء,ޝުއަރާ,Shu'ara,227,بِسْمِ اللَّهِ الرَّحْمَـٰنِ الرَّحِيمِ
27,النَّمل,ނަމްލު,Naml,93,بِسْمِ اللَّهِ الرَّحْمَـٰنِ الرَّحِيمِ
28,القَصَص,ގަޞަޞް,Qasas,88,بِسْمِ اللَّهِ الرَّحْمَـٰنِ الرَّحِيمِ
29,العَنكَبُوت,އަންކަބޫތު,Ankabut,69,بِسْمِ اللَّهِ الرَّحْمَـٰنِ الرَّحِيمِ
30,الرُّوم,ރޫމް,Rum,60,بِسْمِ اللَّهِ الرَّحْمَـٰنِ الرَّحِيمِ
31,لقمَان,ލުގްމާން,Luqman,34,بِسْمِ اللَّهِ الرَّحْمَـٰنِ الرَّحِيمِ
32,السَّجدَة,ސަޖްދާ,Sajdah,30,بِسْمِ اللَّهِ الرَّحْمَـٰنِ الرَّحِيمِ
33,الأَحزَاب,އަޙްޒާބު,Ahzab,73,بِسْمِ اللَّهِ الرَّحْمَـٰنِ الرَّحِيمِ
34,سَبَأ,ސަބާ,Saba,54,بِسْمِ اللَّهِ الرَّحْمَـٰنِ الرَّحِيمِ
35,فَاطِر,ފާޠިރު,Fatir,45,بِسْمِ اللَّهِ الرَّحْمَـٰنِ الرَّحِيمِ
36,يٰس,ޔާސީން,Ya-Sin,83,بِسْمِ اللَّهِ الرَّحْمَـٰنِ الرَّحِيمِ
37,الصَّافَّات,ޞާއްފާތު,Saffat,182,بِسْمِ اللَّهِ الرَّحْمَـٰنِ الرَّحِيمِ
38,صٓ,ޞާދު,Sad,88,بِسْمِ اللَّهِ الرَّحْمَـٰنِ الرَّحِيمِ
39,الزُّمَر,ޒުމަރު,Zumar,75,بِسْمِ اللَّهِ الرَّحْمَـٰنِ الرَّحِيمِ
40,غَافِر,ޣާފިރު,Ghafir,85,بِسْمِ اللَّهِ الرَّحْمَـٰنِ الرَّحِيمِ
41,فُصِّلَت,ފުއްޞިލަތު,Fussilat,54,بِسْمِ اللَّهِ الرَّحْمَـٰنِ الرَّحِيمِ
42,الشُّورَىٰ,ޝޫރާ,Shura,53,بِسْمِ اللَّهِ الرَّحْمَـٰنِ الرَّحِيمِ
43,الزُّخرُف,ޒުޚްރުފް,Zukhruf,89,بِسْمِ اللَّهِ الرَّحْمَـٰنِ الرَّحِيمِ
44,الدُّخَان,ދުޚާން,Dukhan,59,بِسْمِ اللَّهِ الرَّحْمَـٰنِ الرَّحِيمِ
45,الجَاثِيَة,ޖާޘިޔާ,Jathiyah,37,بِسْمِ اللَّهِ الرَّحْمَـٰنِ الرَّحِيمِ
46,الأَحْقَاف,އަޙްޤާފް,Ahqaf,35,بِسْمِ اللَّهِ الرَّحْمَـٰنِ الرَّحِيمِ
47,مُحَمَّد,މުޙައްމަދު,Muhammad,38,بِسْمِ اللَّهِ الرَّحْمَـٰنِ الرَّحِيمِ
48,الفَتْح,ފަތްޙު,Fath,29,بِسْمِ اللَّهِ الرَّحْمَـٰنِ الرَّحِيمِ
49,الحُجُرَات,ޙުޖުރާތު,Hujurat,18,بِسْمِ اللَّهِ الرَّحْمَـٰنِ الرَّحِيمِ
50,قٓ,ޤާފް,Qaf,45,بِسْمِ اللَّهِ الرَّحْمَـٰنِ الرَّحِيمِ
51,الذَّارِيَات,ޛާރިޔާތު,Dhariyat,60,بِسْمِ اللَّهِ الرَّحْمَـٰنِ الرَّحِيمِ
52,الطُّور,ޠޫރު,Tur,49,بِسْمِ اللَّهِ الرَّحْمَـٰنِ الرَّحِيمِ
53,النَّجم,ނަޖްމް,Najm,62,بِسْمِ اللَّهِ الرَّحْمَـٰنِ الرَّحِيمِ
54,القَمَر,ޤަމަރު,Qamar,55,بِسْمِ اللَّهِ الرَّحْمَـٰنِ الرَّحِيمِ
55,الرَّحمٰن,ރަޙްމާން,Rahman,78,بِسْمِ اللَّهِ الرَّحْمَـٰنِ الرَّحِيمِ
56,الوَاقِعَة,ވާޤިއާ,Waqi'ah,96,بِسْمِ اللَّهِ الرَّحْمَـٰنِ الرَّحِيمِ
57,الحَدِيد,ޙަދީދު,Hadid,29,بِسْمِ اللَّهِ الرَّحْمَـٰنِ الرَّحِيمِ
58,المُجَادَلَة,މުޖާދަލާ,Mujadilah,22,بِسْمِ اللَّهِ الرَّحْمَـٰنِ الرَّحِيمِ
59,الحَشر,ޙަޝްރު,Hashr,24,بِسْمِ اللَّهِ الرَّحْمَـٰنِ الرَّحِيمِ
60,المُمتَحَنَة,މުމްތަޙަނާ,Mumtahanah,13,بِسْمِ اللَّهِ الرَّحْمَـٰنِ الرَّحِيمِ
61,الصَّفّ,ޞައްފު,Saff,14,بِسْمِ اللَّهِ الرَّحْمَـٰنِ الرَّحِيمِ
62,الجُمُعَة,ޖުމުއާ,Jumu'ah,11,بِسْمِ اللَّهِ الرَّحْمَـٰنِ الرَّحِيمِ
63,المُنَافِقُون,މުނާފިޤޫން,Munafiqun,11,بِسْمِ اللَّهِ الرَّحْمَـٰنِ الرَّحِيمِ
64,التَّغَابُن,ތަޣާބުން,Taghabun,18,بِسْمِ اللَّهِ الرَّحْمَـٰنِ الرَّحِيمِ
65,الطَّلَاق,ޠަލާޤް,Talaq,12,بِسْمِ اللَّهِ الرَّحْمَـٰنِ الرَّحِيمِ
66,التَّحرِيم,ތަޙްރީމް,Tahrim,12,بِسْمِ اللَّهِ الرَّحْمَـٰنِ الرَّحِيمِ
67,المُلك,މުލްކު,Mulk,30,بِسْمِ اللَّهِ الرَّحْمَـٰنِ الرَّحِيمِ
68,القَلَم,ޤަލަމް,Qalam,52,بِسْمِ اللَّهِ الرَّحْمَـٰنِ الرَّحِيمِ
69,الحَاقَّة,ޙާއްޤާ,Haqqah,52,بِسْمِ اللَّهِ الرَّحْمَـٰنِ الرَّحِيمِ
70,المَعَارِج,މައާރިޖު,Ma'arij,44,بِسْمِ اللَّهِ الرَّحْمَـٰنِ الرَّحِيمِ
71,نُوح,ނޫޙް,Nuh,28,بِسْمِ اللَّهِ الرَّحْمَـٰنِ الرَّحِيمِ
72,الجِنّ,ޖިންނި,Jinn,28,بِسْمِ اللَّهِ الرَّحْمَـٰنِ الرَّحِيمِ
73,المُزَّمِّل,މުއްޒައްމިލް,Muzzammil,20,بِسْمِ اللَّهِ الرَّحْمَـٰنِ الرَّحِيمِ
74,المُدَّثِّر,މުއްދައްޘިރު,Muddaththir,56,بِسْمِ اللَّهِ الرَّحْمَـٰنِ الرَّحِيمِ
75,القِيَامَة,ޤިޔާމާ,Qiyamah,40,بِسْمِ اللَّهِ الرَّحْمَـٰنِ الرَّحِيمِ
76,الإِنسَان,އިންސާން,Insan,31,بِسْمِ اللَّهِ الرَّحْمَـٰنِ الرَّحِيمِ
77,المُرسَلَات,މުރްސަލާތު,Mursalat,50,بِسْمِ اللَّهِ الرَّحْمَـٰنِ الرَّحِيمِ
78,النَّبَأ,ނަބާ,Naba,40,بِسْمِ اللَّهِ الرَّحْمَـٰنِ الرَّحِيمِ
79,النَّازِعَات,ނާޒިއާތު,Nazi'at,46,بِسْمِ اللَّهِ الرَّحْمَـٰنِ الرَّحِيمِ
80,عَبَس,އަބަސަ,Abasa,42,بِسْمِ اللَّهِ الرَّحْمَـٰنِ الرَّحِيمِ
81,التَّكوِير,ތަކްވީރު,Takwir,29,بِسْمِ اللَّهِ الرَّحْمَـٰنِ الرَّحِيمِ
82,الانفِطَار,އިންފިޠާރު,Infitar,19,بِسْمِ اللَّهِ الرَّحْمَـٰنِ الرَّحِيمِ
83,المُطَفِّفِين,މުޠައްފިފީން,Mutaffifin,36,بِسْمِ اللَّهِ الرَّحْمَـٰنِ الرَّحِيمِ
84,الانشِقَاق,އިންޝިޤާޤް,Inshiqaq,25,بِسْمِ اللَّهِ الرَّحْمَـٰنِ الرَّحِيمِ
85,البُرُوج,ބުރޫޖު,Buruj,22,بِسْمِ اللَّهِ الرَّحْمَـٰنِ الرَّحِيمِ
86,الطَّارِق,ޠާރިޤް,Tariq,17,بِسْمِ اللَّهِ الرَّحْمَـٰنِ الرَّحِيمِ
87,الأَعلَىٰ,އައުލާ,A'la,19,بِسْمِ اللَّهِ الرَّحْمَـٰنِ الرَّحِيمِ
88,الغَاشِيَة,ޣާޝިޔާ,Ghashiyah,26,بِسْمِ اللَّهِ الرَّحْمَـٰنِ الرَّحِيمِ
89,الفَجر,ފަޖްރު,Fajr,30,بِسْمِ اللَّهِ الرَّحْمَـٰنِ الرَّحِيمِ
90,البَلَد,ބަލަދު,Balad,20,بِسْمِ اللَّهِ الرَّحْمَـٰنِ الرَّحِيمِ
91,الشَّمس,ޝަމްސް,Shams,15,بِسْمِ اللَّهِ الرَّحْمَـٰنِ الرَّحِيمِ
92,اللَّيل,ލައިލް,Layl,21,بِسْمِ اللَّهِ الرَّحْمَـٰنِ الرَّحِيمِ
93,الضُّحَىٰ,ޟުޙާ,Duha,11,بِسْمِ اللَّهِ الرَّحْمَـٰنِ الرَّحِيمِ
94,الشَّرح,ޝަރްޙު,Sharh,8,بِسْمِ اللَّهِ الرَّحْمَـٰنِ الرَّحِيمِ
95,التِّين,ތީން,Tin,8,بِسْمِ اللَّهِ الرَّحْمَـٰنِ الرَّحِيمِ
96,العَلَق,އަލަޤް,Alaq,19,بِسْمِ اللَّهِ الرَّحْمَـٰنِ الرَّحِيمِ
97,القَدر,ޤަދްރު,Qadr,5,بِسْمِ اللَّهِ الرَّحْمَـٰنِ الرَّحِيمِ
98,البَيِّنَة,ބައްޔިނާ,Bayyinah,8,بِسْمِ اللَّهِ الرَّحْمَـٰنِ الرَّحِيمِ
99,الزَّلزَلَة,ޒަލްޒަލާ,Zalzalah,8,بِسْمِ اللَّهِ الرَّحْمَـٰنِ الرَّحِيمِ
100,العَادِيَات,އާދިޔާތު,Adiyat,11,بِسْمِ اللَّهِ الرَّحْمَـٰنِ الرَّحِيمِ
101,القَارِعَة,ޤާރިއާ,Qari'ah,11,بِسْمِ اللَّهِ الرَّحْمَـٰنِ الرَّحِيمِ
102,التَّكَاثُر,ތަކާޘުރު,Takathur,8,بِسْمِ اللَّهِ الرَّحْمَـٰنِ الرَّحِيمِ
103,العَصر,އަޞްރު,Asr,3,بِسْمِ اللَّهِ الرَّحْمَـٰنِ الرَّحِيمِ
104,الهُمَزَة,ހުމަޒާ,Humazah,9,بِسْمِ اللَّهِ الرَّحْمَـٰنِ الرَّحِيمِ
105,الفِيل,ފީލް,Feel,5,بِسْمِ اللَّهِ الرَّحْمَـٰنِ الرَّحِيمِ
106,قُرَيش,ޤުރައިޝް,Quraysh,4,بِسْمِ اللَّهِ الرَّحْمَـٰنِ الرَّحِيمِ
107,المَاعُون,މާއޫން,Ma'un,7,بِسْمِ اللَّهِ الرَّحْمَـٰنِ الرَّحِيمِ
108,الكَوثَر,ކައުޘަރު,Kawthar,3,بِسْمِ اللَّهِ الرَّحْمَـٰنِ الرَّحِيمِ
109,الكَافِرُون,ކާފިރޫން,Kafirun,6,بِسْمِ اللَّهِ الرَّحْمَـٰنِ الرَّحِيمِ
110,النَّصر,ނަޞްރު,Nasr,3,بِسْمِ اللَّهِ الرَّحْمَـٰنِ الرَّحِيمِ
111,المَسَد,މަސަދު,Masad,5,بِسْمِ اللَّهِ الرَّحْمَـٰنِ الرَّحِيمِ
112,الإِخلَاص,އިޚްލާޞް,Ikhlas,4,بِسْمِ اللَّهِ الرَّحْمَـٰنِ الرَّحِيمِ
113,الفَلَق,ފަލަޤް,Falaq,5,بِسْمِ اللَّهِ الرَّحْمَـٰنِ الرَّحِيمِ
114,النَّاس,ނާސް,Nas,6,بِسْمِ اللَّهِ الرَّحْمَـٰنِ الرَّحِيمِ
