source,#,bodyAR,bodyDV,takhrij
سنن النسائي,75,أَخْبَرَنَا يَحْيَى بْنُ حَبِيبِ بْنِ عَرَبِيٍّ، عَنْ حَمَّادٍ - وَالْحَارِثُ بْنُ مِسْكِينٍ قِرَاءَةً عَلَيْهِ وَأَنَا أَسْمَعُ، عَنِ ابْنِ الْقَاسِمِ، حَدَّثَنِي مَالِكٌ. (ح) وَأَخْبَرَنَا سُلَيْمَانُ بْنُ مَنْصُورٍ قَالَ: أَنْبَأَنَا عَبْدُ اللهِ بْنُ الْمُبَارَكِ - وَاللَّفْظُ لَهُ - عَنْ يَحْيَى بْنِ سَعِيدٍ، عَنْ مُحَمَّدِ بْنِ إِبْرَاهِيمَ، عَنْ عَلْقَمَةَ بْنِ وَقَّاصٍ، عَنْ عُمَرَ بْنِ الْخَطَّابِ رَضِيَ اللهُ عَنْهُ قَالَ: قَالَ رَسُولُ اللهِ ﷺ: إِنَّمَا الْأَعْمَالُ بِالنِّيَّةِ، وَإِنَّمَا لِامْرِئٍ مَا نَوَى، فَمَنْ كَانَتْ هِجْرَتُهُ إِلَى اللهِ وَإِلَى رَسُولِهِ فَهِجْرَتُهُ إِلَى اللهِ وَإِلَى رَسُولِهِ، وَمَنْ كَانَتْ هِجْرَتُهُ إِلَى دُنْيَا يُصِيبُهَا أَوِ امْرَأَةٍ يَنْكِحُهَا فَهِجْرَتُهُ إِلَى مَا هَاجَرَ إِلَيْهِ.,ޢުމަރު ބިން އަލްޚައްޠާބު رَضِيَ اللَّهُ عَنْهُ ރިވާ ކުރެއްވިއެވެ: ރަސޫލު ﷲ ﷺ ޙަދީޘް ކުރެއްވިއެވެ: ”ނިޔަތުގެ މައްޗަށް މެނުވީ އަމަލުތައް ބިނާ ވެގެނެއް ނުވެއެވެ. އަދި މީހަކަށް ވަނީ، ހަމައެކަނި އެ މީހަކު ނިޔަތް ގަތް ކަމެކެވެ. ވީމާ، މީހަކު ހިޖުރަ ކުރީ ﷲ އަށް އަދި އެ އިލާހުގެ ރަސޫލާއަށްޓަކައި ނަމަ، ފަހެ އޭނާގެ ހިޖުރަ ވަނީ ﷲ އަށް އަދި އެ އިލާހުގެ ރަސޫލާއަށެވެ. އަދި މީހަކު ހިޖުރަ ކުރީ ދުނިޔެ ހޯދުމަށް ނުވަތަ އަންހެނަކާ އިނުމަށް ކަމުގައި ވަނީ ނަމަ، ފަހެ އެ މީހެއްގެ ހިޖުރަ ވަނީ، އޭނާ އެ ހިޖުރަ ކުރި ކަމަކަށެވެ.“,b1
سنن النسائي,185,أَخْبَرَنَا عَمْرُو بْنُ مَنْصُورٍ قَالَ : حَدَّثَنَا عَلِيُّ بْنُ عَيَّاشٍ قَالَ : حَدَّثَنَا شُعَيْبٌ ، عَنْ مُحَمَّدِ بْنِ الْمُنْكَدِرِ قَالَ : سَمِعْتُ جَابِرَ بْنَ عَبْدِ اللهِ قَالَ : كَانَ آخِرَ الْأَمْرَيْنِ مِنْ رَسُولِ اللهِ صَلَّى اللهُ عَلَيْهِ وَسَلَّمَ تَرْكُ الْوُضُوءِ مِمَّا مَسَّتِ النَّارُ .,أَصْحَابُ ބޭކަލެއްގެ ބަސްފުޅަކުން އެކަން އެނގުން: މިދެންނެވި ވާހަކައިގެ މިސާލަކީ މާތްﷲ ރުއްސުންލެއްވި ޖާބިރުގެފާނުގެ ބަސްފުޅެކެވެ. އެއީ: قَالَ جَابِرُ بنُ عَبْدِ اللهِ (كَانَ آخِرَ الأَمْرَيْنِ مِنْ رَسُولِ اللهِ ﷺ تَرْكُ الْوُضُوءِ مِمَّا مَسَّتِ النَّارُ) (أَخْرَجَهُ أَصْحَابُ السُّنَنِ) މާނައަކީ އަލިފާނުން ކެއްކި އެއްޗެއް ކައިބޮއި ހެދުމުން وُضُوءކުރަން ޖެހުމާއި، وُضُوءކުރަން ނުޖެހުމުގެ ގޮތުން ބަލާއިރު (އެބަހީ: وُضُوء ގެއްލުމާއި وُضُوء ނުގެއްލުމުގެ ގޮތުން ބަލާއިރު) رَسُولُ اللهِގެ އަރިހުން ސާބިތުވާ އެންމެ ފަހުގެ حُكْمއަކީ وُضُوءކުރަން ނުޖެހުމެވެ. އެބަހީ: وُضُوء ނުގެއްލުމެވެ. މިއެވެ.,
سنن النسائي,234,عَنْ سَعْدِ بْنِ هِشَامٍ، أَنَّ عَائِشَةَ، حَدَّثَتْهُ أَنَّ رَسُولَ اللَّهِ ﷺ كَانَ لاَ يُسَلِّمُ فِي رَكْعَتَىِ الْوَتْرِ. وفي لفظ ” كان يوتر بثلاث لا يقعد إلا في آخرهن “,ސަޢުދު އިބްނު ހިޝާމްގެ އަރިހުން ރިވާވެފައިވެއެވެ. ޢާއިޝާ رضي الله عنها އެކަލޭގެފާނު ގާތު ވިދާޅުވިއެވެ. “ހަމަކަށަވަރުން ރަސޫލުﷲ ﷺ ވިތުރި ނަމާދުގައި ދެރަކުޢަތް ކުރެއްވުމަށްފަހު ސަލާމް ނުދެއްވައެވެ.” އަދިވެސް އެހެން ރިވާޔަތެއްގައި ވެއެވެ. މާނަ: (ރަސޫލުﷲ ﷺ) ތިން ރަކުޢަތުން ވިތުރި ކުރައްވައެވެ. އެންމެ ފަހު ރަކުޢަތުގައި މެނުވީ އެކަލޭގެފާނު (އައްތަޙިއްޔާތަކަށް) އިށީނދެވަޑައި ނުގަންނަވައެވެ.”,
سنن النسائي,289,في الرَّجلِ يأتي امرأتَه وَهيَ حائضٌ يتصدَّقُ بدينارٍ أو بنصفِ دينارٍ,އަނބިމީހާ ޙައިޟުގެހާލުގައި ޖިމާޢުވެއްޖެމީހާ، ދީނާރަކުން ނުވަތަ ދީނާރެއްގެ ދެބައިކުޅަ އެއްބައިން ޞަދަގާތްކުރާށެވެ.,
سنن النسائي,609,أيُّ العمَلِ أحبُّ إلى اللَّهِ تَعالى ؟ الصَّلاةُ علَى وقتِها ، وبرُّ الوالدينِ ، والجِهادُ في سبيلِ اللَّهِ عزَّ وجلَّ,"އިބްނު މަސްޢޫދު ވިދާޅުވިއެވެ. ތިމަން ނަބިއްޔާ އަށް ސުވާލުދެންނެވީމެވެ. ﷲ ގެ ހަޒްރަތުގައި އެންމެ ހެޔޮކަންބޮޑު އަމަލަކީ ކޮބައިހެއްޔެވެ؟ ޙަދީޘްކުރެއްވިއެވެ. "" ނަމާދު އޭގެ ވަގުތުގައި އަދާކުރުމެވެ. ތިމަން ދެންނެވީމެވެ. ދެން ކޮންކަމެއްހެއްޔެވެ؟ ޙަދީޘްކުރެއްވިއެވެ. އެއަށްފަހު މައިންބަފައިންނަށް ހެޔޮޮކޮށްހިތުމެވެ...",
سنن النسائي,660,شغلَنا المشرِكونَ يومَ الخندقِ عن صلاةِ الظُّهرِ ، حتَّى غرَبتِ الشَّمسُ وذلِكَ قبلَ أن ينزلَ في القتالِ ما نزلَ ، فأنزلَ اللَّهُ عزَّ وجلَّ وَكَفَى اللَّهُ الْمُؤْمِنِينَ الْقِتَالَ فأمرَ رسولُ اللَّهِ بلالًا فأقامَ لصلاةِ الظُّهرِ فصلَّاها كما كانَ يصلِّيها لوقتِها ثمَّ أقامَ للعصرِ فصلَّاها كما كانَ يصلِّيها في وقتِها ثمَّ أذَّنَ للمَغربِ ، فصلَّاها كما كانَ يصلِّيها في وقتِها,ަބްދުއްރަޙްމާން ބިން އަބޫ ސައީދު އެކަލޭގެފާނުގެ ބައްޕާފުޅުގެ އަރިހުން ރިވާ ކުރެއްވިއެވެ. ބައްޕަ ވިދާޅުވިއެވެ. “ޚަންދަގުގެ ދުވަހުގައި ހަނގުރާމައިގެ ކަންތައްތަކުގައި އުޅެން ޖެހުމުގެ ސަބަބުން މުސްލިމުން މެންދުރު ނަމާދުނުކޮށް އުޅެނިކޮށް އިރު އޮއްސުނެވެ. ނަބިއްޔާ ޞައްލަﷲ ޢަލައިހި ވަސައްލަމަ ބަންގި ގޮވުމަށް ބިލާލުގެފާނަށް އަމުރުކުރެއްވިއެވެ. އޭގެ ފަހުގައި މެންދުރު ނަމާދަށް ގަމަތް ދެއްވިއެވެ. (މެންދުރު ނަމާދު ކުރެއްވިއެވެ.) އޭގެ ފަހުގައި ޢަޞްރު ނަމާދަށް ގަމަތް ދެއްވިއެވެ. (ޢަޞްރު ނަމާދު ކުރެއްވިއެވެ.) އޭގެ ފަހުގައި މަޣްރިބު ނަމާދަށް ގަމަތް ދެއްވިއެވެ. އަދި މަޣްރިބް ނަމާދުގެ ވަގުތުގައި ނަމާދު ކުރައްވާ ބީދައިން އެ ނަމާދުވެސް ކުރެއްވިއެވެ.,
سنن النسائي,660,شغلَنا المشرِكونَ يومَ الخندقِ عن صلاةِ الظُّهرِ ، حتَّى غرَبتِ الشَّمسُ وذلِكَ قبلَ أن ينزلَ في القتالِ ما نزلَ ، فأنزلَ اللَّهُ عزَّ وجلَّ وَكَفَى اللَّهُ الْمُؤْمِنِينَ الْقِتَالَ فأمرَ رسولُ اللَّهِ بلالًا فأقامَ لصلاةِ الظُّهرِ فصلَّاها كما كانَ يصلِّيها لوقتِها ثمَّ أقامَ للعصرِ فصلَّاها كما كانَ يصلِّيها في وقتِها ثمَّ أذَّنَ للمَغربِ ، فصلَّاها كما كانَ يصلِّيها في وقتِها,ޢަބްދުއްރަޙްމާން ބިން އަބޫ ސައީދު އެކަލޭގެފާނުގެ ބައްޕާފުޅުގެ އަރިހުން ރިވާ ކުރެއްވިއެވެ. ބައްޕަ ވިދާޅުވިއެވެ. “ޚަންދަގުގެ ދުވަހުގައި ހަނގުރާމައިގެ ކަންތައްތަކުގައި އުޅެން ޖެހުމުގެ ސަބަބުން މުސްލިމުން މެންދުރު ނަމާދުނުކޮށް އުޅެނިކޮށް އިރު އޮއްސުނެވެ. ނަބިއްޔާ ޞައްލަﷲ ޢަލައިހި ވަސައްލަމަ ބަންގި ގޮވުމަށް ބިލާލުގެފާނަށް އަމުރުކުރެއްވިއެވެ. އޭގެ ފަހުގައި މެންދުރު ނަމާދަށް ގަމަތް ދެއްވިއެވެ. (މެންދުރު ނަމާދު ކުރެއްވިއެވެ.) އޭގެ ފަހުގައި ޢަޞްރު ނަމާދަށް ގަމަތް ދެއްވިއެވެ. (ޢަޞްރު ނަމާދު ކުރެއްވިއެވެ.) އޭގެ ފަހުގައި މަޣްރިބު ނަމާދަށް ގަމަތް ދެއްވިއެވެ. އަދި މަޣްރިބް ނަމާދުގެ ވަގުތުގައި ނަމާދު ކުރައްވާ ބީދައިން އެ ނަމާދުވެސް ކުރެއްވިއެވެ.”,
سنن النسائي,850,"عَنْ أَبِي هُرَيْرَةَ، قَالَ جَاءَ أَعْمَى إِلَى رَسُولِ اللَّهِ ﷺ فَقَالَ إِنَّهُ لَيْسَ لِي قَائِدٌ يَقُودُنِي إِلَى الصَّلاَةِ فَسَأَلَهُ أَنْ يُرَخِّصَ لَهُ أَنْ يُصَلِّيَ فِي بَيْتِهِ فَأَذِنَ لَهُ فَلَمَّا وَلَّى دَعَاهُ قَالَ لَهُ "" أَتَسْمَعُ النِّدَاءَ بِالصَّلاَةِ "" . قَالَ نَعَمْ . قَالَ "" فَأَجِبْ "" .","އަބޫ ހުރައިރާ ރަޟީޔަﷲ ޢަންހުގެ ކިބައިން ރިވާވެގެންވެެވެ. ލޯފަންބޭކަލެއް ރަސޫލުﷲ ﷺ ގެ އަރިހަށް އައިސް ދެންނެވިއެވެ. ހަމަަކަށަވަރުން ތިމަންނާއަށް ނަމާދަށް ގެންގޮސްދީ ގެނެސްދޭނޭ މީހަކުނުވެއެވެ. އަދި އެކަލޭގެފާނު ގޭގައި ނަމާދުކުރުމަށް ހުއްދަ ދެއްވުމަށް ދެންނެވިއެވެ. ދެން ނަބިއްޔާ އެބޭކަލަކަށް ހުއްދަ ދެއްވިއެވެ. ދެން އެބޭކަލެއް އެނބުރި ދާންފެށުމުން ނަބިއްޔާ އެބޭކަލަކަށް ގޮވާލައްވާފައި ޙަދީޘްކުރެއްވިއެވެ: ""ނަމާދަށް ގޮވާ ބަންގީގެ އަޑު ތިބާއަށް އިވޭ ހެއްޔެވެ؟"" ދެންނެވިއެވެ. އާނއެކެވެ. ޙަދީޘްކުރެއްވިއެވެ: ""އިޖާބަދޭށެވެ""",
سنن النسائي,1297,"قَالَ رَسُولُ اللَّهِ ﷺ: ""مَنْ صَلَّى عَلَىَّ صَلاَةً وَاحِدَةً صَلَّى اللَّهُ عَلَيْهِ عَشْرَ صَلَوَاتٍ وَحُطَّتْ عَنْهُ عَشْرُ خَطِيئَاتٍ وَرُفِعَتْ لَهُ عَشْرُ دَرَجَاتٍ"".",ރަސޫލު ﷲ ﷺ ޙަދީޘް ކުރެއްވިއެވެ: ”ތިމަން ނަބިއްޔާގެ މައްޗަށް އެއް ސަލަވާތް ލައްވައިފި މީހަކަށް، ﷲ ދިހަ ސަލަވާތް އޭނާގެ މައްޗަށް ލައްވާނެއެވެ. އަދި އޭނާގެ ކިބައިން ދިހަ ފާފަ ފޮހެވޭނެއެވެ. އަދި އޭނާއަށް ދިހަ ދަރަޖަ އުފުލެވޭނެއެވެ.“,
سنن النسائي,1301,"حَدَّثَهُ أَنَّ رَسُولَ اللَّهِ صلى الله عليه وسلم دَخَلَ الْمَسْجِدَ إِذَا رَجُلٌ قَدْ قَضَى صَلاَتَهُ وَهُوَ يَتَشَهَّدُ فَقَالَ اللَّهُمَّ إِنِّي أَسْأَلُكَ يَا اللَّهُ بِأَنَّكَ الْوَاحِدُ الأَحَدُ الصَّمَدُ الَّذِي لَمْ يَلِدْ وَلَمْ يُولَدْ وَلَمْ يَكُنْ لَهُ كُفُوًا أَحَدٌ أَنْ تَغْفِرَ لِي ذُنُوبِي إِنَّكَ أَنْتَ الْغَفُورُ الرَّحِيمُ ‏.‏ فَقَالَ رَسُولُ اللَّهِ صلى الله عليه وسلم ‏ ""‏ قَدْ غُفِرَ لَهُ ‏""‏ ‏.‏ ثَلاَثًا ‏.‏",އޭ ﷲ އެވެ. ހަމަކަށަވަރުން މި އަޅާ އިބަ އިލާހަށް އެދި ދަންނަވަމެވެ. އޭ ﷲ އެވެ. ހަމަކަށަވަރުން އިބަ އިލާހީ އަލްވާޙިދުލް އަޙަދުއް ޞަމަދެވެ. (އެބަހީ: އެއްކައުވަންތަ އިލާހެވެ. ހަމައެކަނި އިލާހެވެ. އަދި ޚަލްގުތަކުންގެ އެންމެހާ ބޭނުންތަކެއް ފުއްދަވާދެއްވާ އިލާހެވެ.) އެ އިލާހަށް (އެއްވެސް ދަރިކަލަކު) އުފަންވެފައި ނުވާ، އެ އިލާހު (އެއްވެސް ފަރާތަކަށް) އުފަންވެވޮޑިގެން ނުވާ، އަދި އެ އިލާހާ ކުފޫހަމަވާ، އެ އިލާހާ އެއްފަދަވެގެންވާ އެއްވެސް ފަރާތަކު ނުވާ އިލާހެވެ. ވީމާ، މި އަޅާގެ ފާފަތައް ފުއްސަވާދެއްވުން އެދި އިބަ އިލާހުގެ ހަޒްރަތުގައި ދަންނަވަމެވެ. ހަމަކަށަވަރުން އިބަ އިލާހީ އަލްޣަފޫރުއް ރަޙީމެވެ. (އެބަހީ: ގިނަގިނައިން ފާފަ ފުއްސަވާ، ރަޙީމްވަންތަ އިލާހެވެ.),
سنن النسائي,1389,يَوْمُ الجُمُعة ثِنْتَا عَشْرَةَ سَاعَةً ، لَا يُوجَدُ فِيهَا عَبْدٌ مُسْلِمٌ يَسْأَلُ اللهَ شَيْئاً إِلَّا آتَاهُ إِيَّاهُ ، فَالْتَمِسُوهَا آخِرَ سَاعَةٍ بَعْدَ العَصْر,ހުކުރު ދުވަހުގައި ބާރަ ސާޢަތްވެއެވެ. މުސްލިމު އަޅަކު އެވަގުތުގައި ﷲއަށް ދެންނެވިކަމެއް ނުދެއްވާ ދޫކޮށް ނުލައްވާނެތެވެ. ޢަޞްރުވަގުތުގެ ފަހުން އެންމެ ފަހު ސާޢަތުގައި ތިޔަބައިމީހުން އެވަގުތު ހޯދައިގަންނާށެވެ.,
سنن النسائي,1556,كَانَ لَكُمْ يَوْمَانِ تَلْعَبُونَ فِيهِمَا وَقَدْ أَبْدَلَكُمُ اللَّهُ بِهِمَا خَيْرًا مِنْهُمَا يَوْمَ الْفِطْرِ وَيَوْمَ الأَضْحَى,ތިޔަބައިމީހުން އެ ދެދުވަހުގައި ކުޅެ އުޅުނު ދެ ދުވަހެއް (ޖާހިލިއްޔަތު ޒަމާނުގައި) ވިއެވެ. އަދި ހަމަކަށަވަރުން މާތް ﷲ އެ ދެ ދުވަހުގެ ބަދަލުގައި އެޔަށް ވުރެ ހެޔޮ ދެ ދުވަސް ލައްވައިފިއެވެ. ފިޠުރު (ޢީދު) ދުވަހާއި އަޟްޙާ (ޢީދު) ދުވަހެވެ.,
سنن النسائي,2106,قَالَ رَسُولُ اللَّهِ ﷺ: أَتَاكُمْ رَمَضَانُ شَهْرٌ مُبَارَكٌ فَرَضَ اللَّهُ عَزَّ وَجَلَّ عَلَيْكُمْ صِيَامَهُ تُفْتَحُ فِيهِ أَبْوَابُ السَّمَاءِ وَتُغْلَقُ فِيهِ أَبْوَابُ الْجَحِيمِ وَتُغَلُّ فِيهِ مَرَدَةُ الشَّيَاطِينِ لِلَّهِ فِيهِ لَيْلَةٌ خَيْرٌ مِنْ أَلْفِ شَهْرٍ مَنْ حُرِمَ خَيْرَهَا فَقَدْ حُرِمَ.,ރަސޫލު ﷲ ﷺ ޙަދީޘް ކުރެއްވިއެވެ: ”ތިޔަބައިމީހުންގެ ގާތަށް ރަމަޟާން މަސް އަތުވެއްޖެއެވެ. (އެއީ) ބަރަކާތްތެރި މަހެކެވެ. ﷲ ޢައްޒަ ވަޖައްލަ ވަނީ އެ މަހުގެ ރޯދަ ތިޔަބައިމީހުންގެ މައްޗަށް ފަރުޟު ކުރައްވާފައެވެ. އެ މަހުގައި އުޑުތަކުގެ ދޮރުތައް ހުޅުވިގެންދެއެވެ. އަދި އެ މަހުގައި ނަރަކައިގެ ދޮރުތައް ބަންދުވެގެންދެއެވެ. އަދި އެ މަހުގައި މާރިދު ޝައިތާނުންތައް ކަސްތަޅު އެޅުވިގެންދެއެވެ. ﷲ އަށް އެއްހާސް މައްސަރަށްވުރެ ހެޔޮކަން ބޮޑު ރެއެއް އެ މަހުގައި ވެއެވެ. އެ ރޭގެ ހެޔޮކަމުން މަހްރޫމުވެއްޖެ މީހާ، ފަހެ ހަމަކަށަވަރުން މަހްރޫމުވެއްޖެއެވެ.“,
سنن النسائي,2209,أَخْبَرَنَا مُحَمَّدُ بْنُ عَبْدِ اللهِ بْنِ الْمُبَارَكِ قَالَ : حَدَّثَنَا أَبُو هِشَامٍ قَالَ : حَدَّثَنَا الْقَاسِمُ بْنُ الْفَضْلِ قَالَ : حَدَّثَنَا النَّضْرُ بْنُ شَيْبَانَ قَالَ : قُلْتُ لِأَبِي سَلَمَةَ بْنِ عَبْدِ الرَّحْمَنِ : حَدِّثْنِي بِشَيْءٍ سَمِعْتَهُ مِنْ أَبِيكَ سَمِعَهُ أَبُوكَ مِنْ رَسُولِ اللهِ صَلَّى اللهُ عَلَيْهِ وَسَلَّمَ ، لَيْسَ بَيْنَ أَبِيكَ وَبَيْنَ رَسُولِ اللهِ صَلَّى اللهُ عَلَيْهِ وَسَلَّمَ أَحَدٌ - فِي شَهْرِ رَمَضَانَ ! قَالَ : نَعَمْ ؛ حَدَّثَنِي أَبِي قَالَ : قَالَ رَسُولُ اللهِ صَلَّى اللهُ عَلَيْهِ وَسَلَّمَ : إِنَّ اللهَ تَبَارَكَ وَتَعَالَى فَرَضَ صِيَامَ رَمَضَانَ عَلَيْكُمْ ، وَسَنَنْتُ لَكُمْ قِيَامَهُ ، فَمَنْ صَامَهُ وَقَامَهُ إِيمَانًا وَاحْتِسَابًا خَرَجَ مِنْ ذُنُوبِهِ كَيَوْمِ وَلَدَتْهُ أُمُّهُ .,"قَالَ رَسُولُ اللهِ صَلَّى اللهُ عَلَيهِ وَسَلَّم: ""إِنَّ اللهَ فَرَضَ عَلَيكُم صِيَامَ رَمَضَانَ وَسَنَنْتُ لَكُمْ قِيَامَهُ"" أَخرجه النَّسائيّ والبيهقيّމިحَدِيثގެ މާނައަކީ، رَسُولُ الله حَدِيث ކުރެއްވިއެވެ. ހަމަކަށަވަރުން ﷲ، ތިޔަބައިމީހުންނަށް ރޯދަމަހުގެ ރޯދަ فَرْضُ ކުރައްވައިފިއެވެ. އަދި އެމަހުގެ قِيَامُ الَّليلِއަކީ (އެބަހީ: އެމަހުގެ ރޭއަޅުކަމަކީ) ތިޔަބއިމީހުންނަށް މަންދޫބުކަމެއް ކަމުގައި ތިމަންކަލޭގެފާނު ލައްވައިފީމެވެ.",
سنن النسائي,2372,عَنْ هُنَيْدَةَ بْنِ خَالِدٍ، عَنِ امْرَأَتِهِ، قَالَتْ حَدَّثَتْنِي بَعْضُ، نِسَاءِ النَّبِيِّ ﷺ أَنَّ النَّبِيَّ ﷺ كَانَ يَصُومُ يَوْمَ عَاشُورَاءَ وَتِسْعًا مِنْ ذِي الْحِجَّةِ وَثَلاَثَةَ أَيَّامٍ مِنَ الشَّهْرِ أَوَّلَ اثْنَيْنِ مِنَ الشَّهْرِ وَخَمِيسَيْنِ.,ނަބިއްޔާ ﷺ ގެ ބައެއް އަނބިކަނބަލުންގެ އަރިހުން ރިވާވެގެންވެއެވެ: ހަމަކަށަވަރުން ނަބިއްޔާ ﷺ ޢާޝޫރާ ދުވަހާއި، ހައްޖު މަހުގެ (ފުރަތަމަ) ނުވަ ދުވަހާއި، އަދި ކޮންމެ މަހަކު ތިން ދުވަހު؛ މަހުގެ އެންމެ ފުރަތަމަ ހޯމައާއި (ޖެހިގެން އަންނަ) ދެ ބުރާސްފަތީގައި ރޯދަ ހިއްޕަވައެވެ.,
سنن النسائي,2413,أنَّ رسولَ اللَّهِ صلَّى اللَّهُ علَيهِ وسلَّمَ كانَ يصومُ ثلاثةَ أيَّامٍ من كلِّ شَهْرٍ,رسول الله ﷺ ކޮންމެ މަހެއްގައި ތިން ރޯދަހިތްޕަވައެވެ.,
سنن النسائي,2416,عَنْ حَفْصَةَ قَالَتْ: أَرْبَعٌ لَمْ يَكُنْ يَدَعُهُنَّ النَّبِيُّ ﷺ؛ صِيَامَ عَاشُورَاءَ، وَالْعَشْرَ، وَثَلَاثَةَ أَيَّامٍ مِنْ كُلِّ شَهْرٍ، وَرَكْعَتَيْنِ قَبْلَ الْغَدَاةِ.,ޙަފްޞާ ވިދާޅުވިކަމަށް ރިވާވެގެން ވެއެވެ: ހަތަރު ކަމެއް ރަސޫލު ﷲ ﷺ ދޫނުކުރައްވައެވެ. އެއީ ޢާޝޫރާ ދުވަހު ރޯދަ ހިއްޕެވުމާއި، (ހައްޖު މަހުގެ ފުރަތަމަ) ދިހަ ދުވަހު ރޯދަ ހިއްޕެވުމާއި، ކޮންމެ މަހެއްގެ ތިން ދުވަހު ރޯދަ ހިއްޕެވުމާއި، އަދި ފަތިސް ނަމާދުގެ ކުރީގައި ދެ ރަކުއަތް ކުރެއްވުމެވެ.,
سنن النسائي,2526,"أَخْبَرَنَا عَبْدُ الْوَهَّابِ بْنُ عَبْدِ الْحَكَمِ، عَنْ حَجَّاجٍ، قَالَ ابْنُ جُرَيْجٍ: أَخْبَرَنِي عُثْمَانُ بْنُ أَبِي سُلَيْمَانَ، عَنْ عَلِيٍّ الْأَزْدِيِّ، عَنْ عُبَيْدِ بْنِ عُمَيْرٍ، عَنْ عَبْدِ اللهِ بْنِ حُبْشِيٍّ الْخَثْعَمِيِّ أَنَّ النَّبِيَّ ﷺ سُئِلَ: أَيُّ الْأَعْمَالِ أَفْضَلُ؟ قَالَ: "" إِيمَانٌ لَا شَكَّ فِيهِ، وَجِهَادٌ لَا غُلُولَ فِيهِ، وَحَجَّةٌ مَبْرُورَةٌ "". قِيلَ: فَأَيُّ الصَّلَاةِ أَفْضَلُ؟ قَالَ: "" طُولُ الْقُنُوتِ ""، قِيلَ: فَأَيُّ الصَّدَقَةِ أَفْضَلُ؟ قَالَ: "" جُهْدُ الْمُقِلِّ ""، قِيلَ: فَأَيُّ الْهِجْرَةِ أَفْضَلُ؟ قَالَ: "" مَنْ هَجَرَ مَا حَرَّمَ اللهُ عَزَّ وَجَلَّ ""، قِيلَ: فَأَيُّ الْجِهَادِ أَفْضَلُ؟ قَالَ: "" مَنْ جَاهَدَ الْمُشْرِكِينَ بِمَالِهِ وَنَفْسِهِ ""، قِيلَ: فَأَيُّ الْقَتْلِ أَشْرَفُ؟ قَالَ: "" مَنْ أُهَرِيقَ دَمُهُ وَعُقِرَ جَوَادُهُ.",ޢަބްދު ﷲ ބިން ޙުބްޝީ އަލްޖަޘްޢަމީ ރިވާ ކުރެއްވިއެވެ: ނަބިއްޔާ ﷺ އަށް ސުވާލު ކުރެއްވުނެވެ: އެންމެ ހެޔޮވެގެންވާ އަމަލަކީ ކޮބައިތޯއެވެ؟ ނަބިއްޔާ ޙަދީޘް ކުރެއްވިއެވެ: ”އެއްވެސް ޝައްކުކަމެއް ނެތް އީމާންކަމެވެ. އަދި ޣަނީމާ މުދަލަށް ޚިޔާނާތްތެރިވުމެއް ނެތް ޖިހާދެވެ. އަދި ގަބޫލު ކުރެވިގެންވާ ފުރިހަމަ ޙެއްޖެވެ.“ ނަބިއްޔާއަށް ދެންނެވުނެވެ: ފަހެ އެންމެ ހެޔޮވެގެންވާ ނަމާދަކީ ކޮބައިތޯއެވެ؟ ނަބިއްޔާ ޙަދީޘް ކުރެއްވިއެވެ: ”ދާއިމީ ގޮތެއްގައި ކުރެވޭ ނަމާދެވެ.“ ނަބިއްޔާއަށް ދެންނެވުނެވެ: ފަހެ އެންމެ ހެޔޮވެގެންވާ ޞަދަގާތަކީ ކޮބައިތޯއެވެ؟ ނަބިއްޔާ ޙަދީޘް ކުރެއްވިއެވެ: ”މުދާ މަދުން ލިބިފައި ހުރި މީހާ (އޭނައަށް ވީވަރަކުން) ކުރާ ޞަދަގާތެވެ.“ ނަބިއްޔާއަށް ދެންނެވުނެވެ: ފަހެ އެންމެ ހެޔޮވެގެންވާ ހިޖުރައަކީ ކޮބައިތޯއެވެ؟ ނަބިއްޔާ ޙަދީޘް ކުރެއްވިއެވެ: ”ﷲ ޢައްޒަ ވަޖައްލަ ޙަރާމް ކުރެއްވި ކަންތައްތައް ދޫކޮށްލި މީހާއެވެ.“ ނަބިއްޔާއަށް ދެންނެވުނެވެ: ފަހެ އެންމެ ހެޔޮވެގެންވާ ޖިހާދަކީ ކޮބައިތޯއެވެ؟ ނަބިއްޔާ ޙަދީޘް ކުރެއްވިއެވެ: ”އެ މީހެއްގެ މުދަލާއި ފުރާނައިން މުޝްރިކުންނާ ދެކޮޅަށް ޖިހާދުކުރި މީހާއެވެ.“ ނަބިއްޔާއަށް ދެންނެވުނެވެ: ފަހެ އެންމެ ޝަރަފުވެރި ގަތުލުވުމަކީ ކޮބައިތޯއެވެ؟ ނަބިއްޔާ ޙަދީޘް ކުރެއްވިއެވެ: ”އެ މީހެއްގެ ލޭ އޮހޮރެވި، އަދި އޭނާގެ އަސް މަރާލެވޭ ނުވަތަ ކޮށާލެވޭ މީހާއެވެ.“,
سنن النسائي,2526,"أَخْبَرَنَا عَبْدُ الْوَهَّابِ بْنُ عَبْدِ الْحَكَمِ، عَنْ حَجَّاجٍ، قَالَ ابْنُ جُرَيْجٍ: أَخْبَرَنِي عُثْمَانُ بْنُ أَبِي سُلَيْمَانَ، عَنْ عَلِيٍّ الْأَزْدِيِّ، عَنْ عُبَيْدِ بْنِ عُمَيْرٍ، عَنْ عَبْدِ اللهِ بْنِ حُبْشِيٍّ الْخَثْعَمِيِّ أَنَّ النَّبِيَّ ﷺ سُئِلَ: أَيُّ الْأَعْمَالِ أَفْضَلُ؟ قَالَ: "" إِيمَانٌ لَا شَكَّ فِيهِ، وَجِهَادٌ لَا غُلُولَ فِيهِ، وَحَجَّةٌ مَبْرُورَةٌ "". قِيلَ: فَأَيُّ الصَّلَاةِ أَفْضَلُ؟ قَالَ: "" طُولُ الْقُنُوتِ ""، قِيلَ: فَأَيُّ الصَّدَقَةِ أَفْضَلُ؟ قَالَ: "" جُهْدُ الْمُقِلِّ ""، قِيلَ: فَأَيُّ الْهِجْرَةِ أَفْضَلُ؟ قَالَ: "" مَنْ هَجَرَ مَا حَرَّمَ اللهُ عَزَّ وَجَلَّ ""، قِيلَ: فَأَيُّ الْجِهَادِ أَفْضَلُ؟ قَالَ: "" مَنْ جَاهَدَ الْمُشْرِكِينَ بِمَالِهِ وَنَفْسِهِ ""، قِيلَ: فَأَيُّ الْقَتْلِ أَشْرَفُ؟ قَالَ: "" مَنْ أُهَرِيقَ دَمُهُ وَعُقِرَ جَوَادُهُ.",ޢަބްދު ﷲ ބިން ޙުބްޝީ އަލްޖަޘްޢަމީ ރިވާ ކުރެއްވިއެވެ: ނަބިއްޔާ ﷺ އަށް ސުވާލު ކުރެވުނެވެ: އެންމެ ހެޔޮވެގެންވާ އަމަލަކީ ކޮބައިތޯއެވެ؟ ނަބިއްޔާ ޙަދީޘް ކުރެއްވިއެވެ: ”އެއްވެސް ޝައްކުކަމެއް ނެތް އީމާންކަމެވެ. އަދި ޣަނީމާ މުދަލަށް ޚިޔާނާތްތެރިވުމެއް ނެތް ޖިހާދެވެ. އަދި ގަބޫލު ކުރެވިގެންވާ ފުރިހަމަ ޙެއްޖެވެ.“ ނަބިއްޔާއަށް ދެންނެވުނެވެ: ފަހެ އެންމެ ހެޔޮވެގެންވާ ނަމާދަކީ ކޮބައިތޯއެވެ؟ ނަބިއްޔާ ޙަދީޘް ކުރެއްވިއެވެ: ”ދާއިމީ ގޮތެއްގައި ކުރެވޭ ނަމާދެވެ.“ ނަބިއްޔާއަށް ދެންނެވުނެވެ: ފަހެ އެންމެ ހެޔޮވެގެންވާ ޞަދަގާތަކީ ކޮބައިތޯއެވެ؟ ނަބިއްޔާ ޙަދީޘް ކުރެއްވިއެވެ: ”މުދާ މަދުން ލިބިފައި ހުރި މީހާ (އޭނައަށް ވީވަރަކުން) ކުރާ ޞަދަގާތެވެ.“ ނަބިއްޔާއަށް ދެންނެވުނެވެ: ފަހެ އެންމެ ހެޔޮވެގެންވާ ހިޖުރައަކީ ކޮބައިތޯއެވެ؟ ނަބިއްޔާ ޙަދީޘް ކުރެއްވިއެވެ: ”ﷲ ޢައްޒަ ވަޖައްލަ ޙަރާމް ކުރެއްވި ކަންތައްތައް ދޫކޮށްލި މީހާއެވެ.“ ނަބިއްޔާއަށް ދެންނެވުނެވެ: ފަހެ އެންމެ ހެޔޮވެގެންވާ ޖިހާދަކީ ކޮބައިތޯއެވެ؟ ނަބިއްޔާ ޙަދީޘް ކުރެއްވިއެވެ: ”އެ މީހެއްގެ މުދަލާއި ފުރާނައިން މުޝްރިކުންނާ ދެކޮޅަށް ޖިހާދުކުރި މީހާއެވެ.“ ނަބިއްޔާއަށް ދެންނެވުނެވެ: ފަހެ އެންމެ ޝަރަފުވެރި ގަތުލުވުމަކީ ކޮބައިތޯއެވެ؟ ނަބިއްޔާ ޙަދީޘް ކުރެއްވިއެވެ: ”އެ މީހެއްގެ ލޭ އޮހޮރެވި، އަދި އޭނާގެ އަސް މަރާލެވޭ ނުވަތަ ކޮށާލެވޭ މީހާއެވެ.“,
سنن النسائي,2630,تَابِعُوا بَيْنَ الْحَجِّ وَالْعُمْرَةِ فَإِنَّهُمَا يَنْفِيَانِ الْفَقْرَ وَالذُّنُوبَ كَمَا يَنْفِي الْكِيرُ خَبَثَ الْحَدِيدِ,ޙައްޖާއި ޢުމްރާ ތަކުރާރުކޮށް ކުރާށެވެ. ފަހެ އެ ދެ ކަންތަކަކީ ވެސް (ކަނބުރުވެރިޔާ) ގިރުނބަލަކުން ދަގަނޑުގައި ވާ ދަގުއި (ހަޑިކަން) ފިލުވާ ފަދައިން، ފަޤީރުކަމާއި ފާފަތައް ފޮހެލަނިވި ދެކަމެވެ.,
سنن النسائي,3062,خُذُوا عَنِّي مناسكَكم,ތިމަން ނަބިއްޔާގެ އަރިހުން ތިޔަބައިމީހުންގެ (ހައްޖުގެ) އަޅުކަންތައްތައް ނަގައިގަންނާށެވެ,
سنن النسائي,3111,وَلاَ يَجْتَمِعُ الشُّحُّ وَالإِيمَانُ فِي قَلْبِ عَبْدٍ أَبَدًا,އަޅެއްގެ ހިތުގައި ދަހިވެތިކަމާއި އީމާންކަން އެކުގައި ޖަމާ ނުވާނެތެވެ.,
سنن النسائي,3133,"عن فَضَالَةَ بْنَ عُبَيْدٍ، يَقُولُ سَمِعْتُ رَسُولَ اللَّهِ ﷺ يَقُولُ "" أَنَا زَعِيمٌ لِمَنْ آمَنَ بِي وَأَسْلَمَ وَهَاجَرَ بِبَيْتٍ فِي رَبَضِ الْجَنَّةِ وَبِبَيْتٍ فِي وَسَطِ الْجَنَّةِ وَأَنَا زَعِيمٌ لِمَنْ آمَنَ بِي وَأَسْلَمَ وَجَاهَدَ فِي سَبِيلِ اللَّهِ بِبَيْتٍ فِي رَبَضِ الْجَنَّةِ وَبِبَيْتٍ فِي وَسَطِ الْجَنَّةِ وَبِبَيْتٍ فِي أَعْلَى غُرَفِ الْجَنَّةِ مَنْ فَعَلَ ذَلِكَ فَلَمْ يَدَعْ لِلْخَيْرِ مَطْلَبًا وَلاَ مِنَ الشَّرِّ مَهْرَبًا يَمُوتُ حَيْثُ شَاءَ أَنْ يَمُوتَ ""","ަޟާލާ ބިން ޢުބައިދުގެ ކިބައިން އެކަލޭގެފާނު ވިދާޅުވިކަމަސް ރިވާވެގެންވެއެވެ. ތިމަންކަލޭގެފާނު ރަސޫލުﷲ ﷺ ޙަދީޘްކުރައްވާތީ އަޑުއެއްސެވީމެވެ. ""ތިމަންކަލޭގެފާނަށް އީމާންވެ އިސްލާމްވެ އަދި ހިޖުރަކުރާ މީހާއަށް ސުވަރުގޭގެ ވަށައިގެންވާ ހިސާބުތަކުން އަދި ސުވަރުގޭގެ މެދުތެރެއިން ގެޔެއް ދެއްވުމަށް ތިމަންކަލޭގެފާނު ޖާމިނުވެ ވޮޑިގަންނަވަމެވެ. އަދި ތިމަންކަލޭގެފާނަށް އީމާންވެ އަދި އިސްލާމްވެ ﷲގެ މަގުގައި ޖިހާދުކުރާމީހާއަށް ސުވަރުގޭގެ ވަށައިގެންވާ ހިސާބުތަކުންނާއި އަދި ސުވަރުގޭގެ މެދުތެރެއިންނާއި އަދި ސުވަރުގޭގެ އެންމެ އުހުގައިވާ ކޮޓަރިތަކުން ގެޔެއްދެއްވުމަށް ތިމަންކަލޭގެފާނު ޖާމިނުވެ ވޮޑިގަންނަވަމެވެ. އަދި އެފަދައިން ކަންތައްކޮށް އަދި ހެޔޮކަން ކުރުން ކޮންމެގޮތެއްގެ މަތީގައިވެސް ދޫނުކޮށް، އަދި ނުބައިކަންކަން ކޮންމެގޮތަކުންވެސް ދޫކުރުންމަތީގައިވެއްޖެމީހާ، ފަހެ އެމީހަކު މަރުވާން ބޭނުން ކޮންމެ ތަނެއްގައި މަރުވާހުށިކަމެވެ.""",
سنن النسائي,3161,عن أَبِي هُرَيْرَةَ رَضيَ الله عنهُ أَنَّ رَسُولَ اللَّهِ صَلَّى اللَّهُ عَلَيْهِ وَسَلَّمَ قَالَ: (مَا يَجِدُ الشَّهِيدُ مِنْ مَسِّ الْقَتْلِ إِلَّا كَمَا يَجِدُ أَحَدُكُمْ مَسَّ الْقَرْصَةِ),"އަބޫ ހުރައިރާ ރަޟިޔަﷲ އަންހުގެ އަރިހުން ރިވާވެގެންވެއެވެ. ރަސޫލުﷲ ﷺ ޙަދީޘްކުރެއްވިއެވެ. ""ތިޔަބައިމީހުންގެ ތެރެއިން މީހެއްގެ ގައިގައި ވިކާލުމުން(ނުވަތަ ހިންޏެއް ދަތްއެޅުމުން) ތަދު އިހުސާސްވާ ފަދައިން މެނުވީ، ޝަހީދުވާ މީހާ މަރުވާ އިރު(މަރުގެ އެތިފަހަރުގައި) ތަދުނުވާހުއްޓެވެ""",
سنن النسائي,3169,"عن عُثْمَانَ بْنَ عَفَّانَ، رضى الله عنه يَقُولُ سَمِعْتُ رَسُولَ اللَّهِ ﷺ يَقُولُ : ""رِبَاطُ يَوْمٍ فِي سَبِيلِ اللَّهِ خَيْرٌ مِنْ أَلْفِ يَوْمٍ فِيمَا سِوَاهُ مِنَ الْمَنَازِلِ ""","އުޘްމާނު ބިން ޢައްފާނު ރަޟިޔަﷲ ޢަންހު ވިދާޅުވިކަމަށް ރިވާވެގެންވެއެވެ. ރަސޫލުﷲ ﷺ ޙަދީޘްކުރައްވަނިކޮށް އަޑުއެއްސެވީމެވެ. ""ﷲގެ މަގުގައި ޖިހާދުގެ މައިދާނުގައި(ރިބާޠުގައި) އެއްދުވަސް ހޭދަކުރުން، ގެތަކުގައި އޭނޫން އެއްހާސް ދުވަސް ހޭދަކުރުމަށްވުރެ ހެޔޮވެގެންވެއެވެ.""",
سنن النسائي,3186,"عَنْ خُرَيْمِ بْنِ فَاتِكٍ، قَالَ قَالَ رَسُولُ اللَّهِ ﷺ: "" مَنْ أَنْفَقَ نَفَقَةً فِي سَبِيلِ اللَّهِ كُتِبَتْ لَهُ بِسَبْعِمِائَةِ ضِعْفٍ ""","ޚުރައިމު ބިން ފާތިކް ރަޟިޔަﷲ ޢަންހުގެ ކިބައިން ރިވާވެގެންވެއެވެ. ރަސޫލުﷲ ﷺ ޙަދީޘްކުރެއްވިއެވެ. ""ﷲގެ މަގުގައި ޖިހާދަށް ހޭދައެއްކޮށްފި މީހާގެ މައްޗަށް ހަތްސަތޭކަ ގުނައިތުރަށް (އަޖުރު) ލިޔުއްވޭ ހުއްޓެވެ",
سنن النسائي,3437,أَخْبَرَنَا عَمْرُو بْنُ مَنْصُورٍ قَالَ: حَدَّثَنَا عَبْدُ اللهِ بْنُ مَسْلَمَةَ قَالَ: حَدَّثَنَا مَالِكٌ، وَالْحَارِثُ بْنُ مِسْكِينٍ قِرَاءَةً عَلَيْهِ وَأَنَا أَسْمَعُ، عَنِ ابْنِ الْقَاسِمِ قَالَ: أَخْبَرَنِي مَالِكٌ، عَنْ يَحْيَى بْنِ سَعِيدٍ، عَنْ مُحَمَّدِ بْنِ إِبْرَاهِيمَ، عَنْ عَلْقَمَةَ بْنِ وَقَّاصٍ، عَنْ عُمَرَ بْنِ الْخَطَّابِ رَضِيَ اللهُ عَنْهُ، وَفِي حَدِيثِ الْحَارِثِ أَنَّهُ سَمِعَ عُمَرَ يَقُولُ: قَالَ رَسُولُ اللهِ ﷺ: إِنَّمَا الْأَعْمَالُ بِالنِّيَّةِ، وَإِنَّمَا لِامْرِئٍ مَا نَوَى، فَمَنْ كَانَتْ هِجْرَتُهُ إِلَى اللهِ وَرَسُولِهِ فَهِجْرَتُهُ إِلَى اللهِ وَرَسُولِهِ، وَمَنْ كَانَتْ هِجْرَتُهُ لِدُنْيَا يُصِيبُهَا أَوِ امْرَأَةٍ يَتَزَوَّجُهَا فَهِجْرَتُهُ إِلَى مَا هَاجَرَ إِلَيْهِ.,ޢުމަރު ބިން އަލްޚައްޠާބު ރިވާ ކުރެއްވިއެވެ: ރަސޫލު ﷲ ﷺ ޙަދީޘް ކުރެއްވިއެވެ: ”ނިޔަތުގެ މައްޗަށް މެނުވީ އަމަލުތައް ބިނާ ވެގެނެއް ނުވެއެވެ. އަދި މީހަކަށް ވަނީ، ހަމައެކަނި އެ މީހަކު ނިޔަތް ގަތް ކަމެކެވެ. ވީމާ، މީހަކު ހިޖުރަ ކުރީ ﷲ އާއި އެ އިލާހުގެ ރަސޫލާއަށްޓަކައި ނަމަ، ފަހެ އޭނާގެ ހިޖުރަ ވަނީ ﷲ އާއި އެ އިލާހުގެ ރަސޫލާއަށެވެ. އަދި މީހަކު ހިޖުރަ ކުރީ ދުނިޔެ ހޯދުމަށް ނުވަތަ އަންހެނަކާ އިނުމަށް ކަމުގައި ވަނީ ނަމަ، ފަހެ އެ މީހެއްގެ ހިޖުރަ ވަނީ، އޭނާ އެ ހިޖުރަ ކުރި ކަމަކަށެވެ.“,b1
سنن النسائي,3782,أَخْبَرَنَا يُوسُفُ بْنُ عِيسَى قَالَ : حَدَّثَنَا الْفَضْلُ بْنُ مُوسَى قَالَ : حَدَّثَنَا مِسْعَرٌ ، عَنْ مَعْبَدِ بْنِ خَالِدٍ ، عَنْ عَبْدِ اللهِ بْنِ يَسَارٍ ، عَنْ قُتَيْلَةَ امْرَأَةٍ مِنْ جُهَيْنَةَ : أَنَّ يَهُودِيًّا أَتَى النَّبِيَّ صَلَّى اللهُ عَلَيْهِ وَسَلَّمَ فَقَالَ : إِنَّكُمْ تُنَدِّدُونَ ، وَإِنَّكُمْ تُشْرِكُونَ ، تَقُولُونَ : مَا شَاءَ اللهُ وَشِئْتَ ، وَتَقُولُونَ : وَالْكَعْبَةِ فَأَمَرَهُمُ النَّبِيُّ صَلَّى اللهُ عَلَيْهِ وَسَلَّمَ إِذَا أَرَادُوا أَنْ يَحْلِفُوا أَنْ يَقُولُوا : وَرَبِّ الْكَعْبَةِ ، وَيَقُولُونَ : مَا شَاءَ اللهُ ، ثُمَّ شِئْتَ .,"އިބްނު ޢައްބާސް رضي الله عنه ގެ އަރިހުން ރިވާވެގެންވެއެވެ. (أَنَّ رَجُلًا، أَتَى النَّبِيَّ صَلَّى اللهُ عَلَيْهِ وَسَلَّمَ فَكَلَّمَهُ فِي بَعْضِ الْأَمْرِ، فَقَالَ: مَا شَاءَ اللهُ وَشِئْتَ، فَقَالَ النَّبِيُّ صَلَّى اللهُ عَلَيْهِ وَسَلَّمَ: "" أَجَعَلْتَنِي لِله عَدْلًا؟ قُلْ: مَا شَاءَ اللهُ وَحْدَهُ."") މާނައީ: ""މީހަކު ނަބިއްޔާ ؛ ގެ އަރިހަށް އައިސް އެކަލޭގެފާނާއި ވާހަކަދައްކަމުން ބުންޏެވެ: 'ﷲ އިރާދަކުރެއްވިގޮތް އަދި ކަލޭގެފާނު އެދިލެއްވިގޮތެވެ.' އެހިނދު ޙަދީޘްކުރެއްވިއެވެ: 'ކަލެއަށް ހަލާކުހުއްޓެވެ! ތިމަންކަލޭގެފާނީ ﷲ އާއި އެއްފަދަ ފަރާތެއްކަމުގައި ތިބާ ހެދީހެއްޔެވެ!؟ ބުނާށެވެ: ﷲ އެކަނި އިރާދަކުރެއްވި ގޮތެވެ."" رواه ابن ماجه: 2117، والنسائي في السنن الكبرى: 10759، وأحمد: 2561",
سنن النسائي,3803,أَخْبَرَنَا إِسْحَاقُ بْنُ إِبْرَاهِيمَ قَالَ: أَنْبَأَنَا سَلِيمُ بْنُ حَيَّانَ قَالَ: حَدَّثَنَا يَحْيَى بْنُ سَعِيدٍ، عَنْ مُحَمَّدِ بْنِ إِبْرَاهِيمَ، عَنْ عَلْقَمَةَ بْنِ وَقَّاصٍ، عَنْ عُمَرَ بْنِ الْخَطَّابِ، عَنِ النَّبِيِّ ﷺ قَالَ: إِنَّمَا الْأَعْمَالُ بِالنِّيَّةِ، وَإِنَّمَا لِامْرِئٍ مَا نَوَى، فَمَنْ كَانَتْ هِجْرَتُهُ إِلَى اللهِ وَرَسُولِهِ فَهِجْرَتُهُ إِلَى اللهِ وَرَسُولِهِ، وَمَنْ كَانَتْ هِجْرَتُهُ لِدُنْيَا يُصِيبُهَا أَوِ امْرَأَةٍ يَتَزَوَّجُهَا، فَهِجْرَتُهُ إِلَى مَا هَاجَرَ إِلَيْهِ.,ޢުމަރު ބިން އަލްޚައްޠާބު ރިވާ ކުރެއްވިއެވެ: ނަބިއްޔާ ﷲ ﷺ ޙަދީޘް ކުރެއްވިއެވެ: ”ނިޔަތުގެ މައްޗަށް މެނުވީ އަމަލުތައް ބިނާ ވެގެނެއް ނުވެއެވެ. އަދި މީހަކަށް ވަނީ، ހަމައެކަނި އެ މީހަކު ނިޔަތް ގަތް ކަމެކެވެ. ވީމާ، މީހަކު ހިޖުރަ ކުރީ ﷲ އާއި އެ އިލާހުގެ ރަސޫލާއަށްޓަކައި ނަމަ، ފަހެ އޭނާގެ ހިޖުރަ ވަނީ ﷲ އާއި އެ އިލާހުގެ ރަސޫލާއަށެވެ. އަދި މީހަކު ހިޖުރަ ކުރީ ދުނިޔެ ހޯދުމަށް ނުވަތަ އަންހެނަކާ އިނުމަށް ކަމުގައި ވަނީ ނަމަ، ފަހެ އެ މީހެއްގެ ހިޖުރަ ވަނީ، އޭނާ އެ ހިޖުރަ ކުރި ކަމަކަށެވެ.“,b1
سنن النسائي,3940,وجعلَتْ قرةُ عَيني في الصلاةِ,"""އަދި ތިމަންކަލޭގެފާނުގެ ލޮލުގެ ފިނިކަން (ހިތުގެ ހަމަޖެހުން) ލެއްވިގެންވަނީ ނަމާދުގައެވެ.""",
سنن النسائي,3950,حُبِّبَ إليَّ النساءُ ، والطيبُ ، وجعلَتْ قرةُ عَيني في الصلاةِ,އަދި ތިމަންކަލޭގެފާނުގެ ލޮލުގެ ފިނިކަން (ހިތުގެ ހަމަޖެހުން) ލެއްވިގެންވަނީ ނަމާދުގައެވެ.,
سنن النسائي,4067,عن سَعدِ بنِ أبي وقَّاصٍ رَضِيَ اللهُ عنه قال: لَمَّا كان يومُ فتحِ مكَّةَ اختبأ عبدُ اللهِ بنُ سعدِ بنِ أبي سَرحٍ عند عُثمانَ بنِ عَفَّانَ، فجاء به حتى أوقفه على النَّبيِّ صلَّى اللهُ عليه وسلَّم، فقال: يا رسولَ اللهِ، بَايِعْ عبدَ اللهِ، فرفع رأْسَه، فنظر إليه، ثلاثًا، كلُّ ذلك يأبى، فبايَعَه بعد ثلاثٍ، ثمَّ أقبل على أصحابِه فقال: ((أمَا كان فيكم رَجُلٌ رَشِيدٌ يقومُ إلى هذا حيثُ رآني كَفَفَتُ يَدِي عن بَيْعَتِه، فيَقْتُلُه؟!)) فقالوا: ما ندري يا رسولَ اللهِ ما في نَفْسِك، ألا أوْمَأْتَ إلينا بعَيْنِك؟ قال: ((إنَّه لا يَنْبَغِي لنبيٍّ أن تكونَ له خائنةُ الأَعْيُنِ)),"ސަޢުދު ބިން އަބޫ ވައްގާޞް ރަޟިޔަﷲ ޢަންހުގެ ކިބައިން ރިވާވެގެންވެއެވެ. އެކަލޭގެފާނު ވިދާޅުވިއެވެ: ""މައްކާ ފަތަޙަ ކުރެއްވި ދުވަހު ޢަބްދުﷲ ބިން އަބީ ޝަރްޙު ޢުޘްމާން ރަޟިޔަﷲ ޢަންހުގެ އަރިހަށް ވަދެ ފިލިއެވެ. ދެން އުޘްމާން ރަޟިޔަﷲ ޢަންހު އޭނާ ގޮވައިގެން އައިސް ނަބިއްޔާ ﷺ ގެ ކުރިމައްޗަށް ޙާޟިރުކޮށްފިއެވެ. އަދި ދެންނެވިއެވެ: އޭ ރަސޫލުފﷲއެވެ. ޢަބްދުﷲއަށް ބައިޢަތު ހިއްޕަވާށެވެ. ދެން ރަސޫލާ ﷺ ތިން ފަހަރު އިސްއުފުލައި އޭނާއަށް ބަލާލިއެވެ. އެއިން ކޮންމެ ފަހަރަކުވެސް (ބައިޢާ ހިއްޕެވުމަށް) ދެކޮޅު ހައްދަވައެވެ. އަދި ތިން ވަނަ ފަހަރަށް ފަހު ބައިޢަތު ހިއްޕެވިއެވެ. އެޔަށްފަހު އެކަލޭގެފާނުގެ އަޞްޙާބު ބޭކަލުންނަށް ޙަދީޘްކުރެއްވިއެވެ: ""މީނާއަށް ބައިއަތު ހިފުމަށް ތިމަންކަލޭގެފާނު ދުރުވެގަންތަން ފެނުމުން ތެދުވެ، އޭނާ ގަތުލުކޮށްލަން ކެރޭވަރު ބުއްދިވެރި ފިރިހެނަކު ތިޔަބައިމީހުން ތެރޭން ނުވަނީ ހެއްޔެވެ؟"" ޞަޙާބީ ބޭކަލުން ދެންނެވިއެވެ: ކަލޭގެފާނުގެ ހިތްޕުޅުގައިވާ އެއްޗެއް ތިމަންބޭކަލުންނަކަށް ނޭނގެއެވެ. ކަލޭގެފާނުގެ ލޮލުން އިޝާރާތެއް ކޮށްލެއްވިނަމަ ނޫންތޯއެވެ؟ ޙަދީޘްކުރެއްވިއެވެ: ""ހަމަކަށަވަރުން ނަބީ ބޭކަލަކަށް ލޯތަކުންވާ ޚިޔާނާތްތެރިކަން (ލޮލުން އިޝާރާތުން އެހެން އަމަލުކުރަން) އެކަށީގެން ނުވެއެވެ""",
سنن النسائي,4070,عنِ ابْنِ عَبَّاسٍ؛ - أَنَّ أَعْمَى كَانَتْ لَهُ أُمُّ وَلَدَ تَشْتُمُ النَّبِيَّ ﷺ وَتَقَعُ فِيهِ، فَيَنْهَاهَا، فَلَا تَنْتَهِي، فَلَمَّا كَانَ ذَاتَ لَيْلَةٍ أَخْذَ الْمِعْوَلَ، فَجَعَلَهُ فِي بَطْنِهَا، وَاتَّكَأَ عَلَيْهَا. فَقَتَلَهَا فَبَلَغَ ذَلِكَ النَّبِيَّ ﷺ فَقَالَ: «أَلَا اشْهَدُوا أَنَّ دَمَهَا هَدَرٌ».,"އިބުނު ޢައްބާސް ރަޟިޔަﷲ ޢަންހުގެ ކިބައިން ރިވާވެގެންވެއެވެ. ހަމަކަށަވަރުން ލޯފަން ބޭކަލެއް އެކަލޭގެފާނުގެ ދަރިންގެ މަންމަ ކަމުގައިވާ އަޅުއަންހެނެއް (ނުވަތަ އެކަލޭގެފާނުގެ އަންހެނުން) ނަބިއްޔާ ﷺ އަށް ފުރައްސާރަކޮށް ބަދުބަސް ބުނެ އުޅުނެވެ. އަދި އެކަލޭގެފާނު އެއަންހެނާއަށް އެކަން ނަހީކޮށް އުޅެއެވެ. އެކަމަކު އެއަންހެނާ އެކަމެއް ނުހުއްޓައެވެ. ދެން އެއްރެޔަކު މިޢުވަލް(ދެކޮޅަށް މިޔަ އޮންނަ ކޯރާޑިވައްތަރު އޮޑައެއް) ނަގާ އަންހެނާގެ ބަނޑުގައި އަޅައި އޭގެ މައްޗަށް އޮބާގެންނެވިއެވެ. އަދި އެއަންހެނާ ގަތުލުކޮށްފިއެވެ. ދެން އެވާހަކަ ނަބިއްޔާ ﷺ ގެ އަރިހަށް ފޯރައިފިއެވެ. ދެން ޙަދީޘްކުރެއްވިއެވެ: ""ދަންނާށެވެ. ތިޔަބައިމީހުން ހެކިވާށެވެ. ހަމަކަށަވަރުން އަންހެނާގެ ލެޔަށް އެއްވެސް ދިޔައެއް ނުވަތަ ކައްފާރާއެއް ދައްކާކަށް ނުޖެހޭނެއެވެ""",
سنن النسائي,4165,أَخْبَرَنَا أَحْمَدُ بْنُ عَبْدِ اللهِ بْنِ الْحَكَمِ، قَالَ: حَدَّثَنَا مُحَمَّدُ بْنُ جَعْفَرٍ، قَالَ: حَدَّثَنَا شُعْبَةُ، عَنْ عَمْرِو بْنِ مُرَّةَ، عَنْ عَبْدِ اللهِ بْنِ الْحَارِثِ، عَنْ أَبِي كَثِيرٍ، عَنْ عَبْدِ اللهِ بْنِ عَمْرٍو، قَالَ: قَالَ رَجُلٌ: يَا رَسُولَ اللهِ، أَيُّ الْهِجْرَةِ أَفْضَلُ؟ قَالَ: أَنْ تَهْجُرَ مَا كَرِهَ رَبُّكَ عَزَّ وَجَلَّ. وَقَالَ رَسُولُ اللهِ ﷺ: الْهِجْرَةُ هِجْرَتَانِ: هِجْرَةُ الْحَاضِرِ، وَهِجْرَةُ الْبَادِي، فَأَمَّا الْبَادِي فَيُجِيبُ إِذَا دُعِيَ، وَيُطِيعُ إِذَا أُمِرَ، وَأَمَّا الْحَاضِرُ فَهُوَ أَعْظَمُهُمَا بَلِيَّةً، وَأَعْظَمُهُمَا أَجْرًا.,ޢަބްދު ﷲ ބިން ޢަމްރު ރިވާ ކުރެއްވިއެވެ: މީހަކު ދެންނެވިއެވެ: އޭ ﷲގެ ރަސޫލާއެވެ. އެންމެ ހެޔޮވެގެންވާ ހިޖުރައަކީ ކޮބައިތޯއެވެ؟ ނަބިއްޔާ ޙަދީޘް ކުރެއްވިއެވެ: ”ތިބާގެ ރައްބު، ﷲ ޢައްޒަ ވަޖައްލަ ރުހިވޮޑިގެން ނުވާ ކަންތައްތައް ތިބާ ދޫކޮށްލުމެވެ.“ އަދި ރަސޫލު ﷲ ﷺ ޙަދީޘް ކުރެއްވިއެވެ: ”ދެ ވައްތަރެއްގެ ހިޖުރަވެއެވެ. ރަށްފުށުގެ އަހުލުވެރިޔާގެ ހިޖުރައާއި، ބާދިޔާގެ އަހުލުވެރިޔާގެ ހިޖުރައެވެ. ބާދިޔާގެ އަހުލުވެރިޔާގެ (ހިޖުރައިގައި)، ފަހެ އޭނާއަކަށް (ވަޠަން ދޫކޮށް ހިޖުރަ ކުރުމެއް ނެތެވެ. އެހެނެއްކަމަކު) އޮތީ (ޖިހާދަށް) އޭނާއަށް ގޮވާލެވޭ ހިނދު އިޖާބަ ދިނުމާއި، (ވެރިމީހާ) އޭނާ އަމުރެއް ކުރާ ހިނދު ތަބާވުމެވެ. އަދި ރަށްފުށުގެ އަހުލުވެރިޔާގެ (ހިޖުރައިގައި)، ފަހެ އޭނާއީ އެ ދެމީހުންކުރެ ބޮޑަށް އިމްތިޚާނު ކުރެވޭނޭ އަދި ބޮޑަށް ސަވާބު ލިބޭނޭ މީހާއެވެ.“,
سنن النسائي,4165,أَخْبَرَنَا أَحْمَدُ بْنُ عَبْدِ اللهِ بْنِ الْحَكَمِ، قَالَ: حَدَّثَنَا مُحَمَّدُ بْنُ جَعْفَرٍ، قَالَ: حَدَّثَنَا شُعْبَةُ، عَنْ عَمْرِو بْنِ مُرَّةَ، عَنْ عَبْدِ اللهِ بْنِ الْحَارِثِ، عَنْ أَبِي كَثِيرٍ، عَنْ عَبْدِ اللهِ بْنِ عَمْرٍو، قَالَ: قَالَ رَجُلٌ: يَا رَسُولَ اللهِ، أَيُّ الْهِجْرَةِ أَفْضَلُ؟ قَالَ: أَنْ تَهْجُرَ مَا كَرِهَ رَبُّكَ عَزَّ وَجَلَّ. وَقَالَ رَسُولُ اللهِ ﷺ: الْهِجْرَةُ هِجْرَتَانِ: هِجْرَةُ الْحَاضِرِ، وَهِجْرَةُ الْبَادِي، فَأَمَّا الْبَادِي فَيُجِيبُ إِذَا دُعِيَ، وَيُطِيعُ إِذَا أُمِرَ، وَأَمَّا الْحَاضِرُ فَهُوَ أَعْظَمُهُمَا بَلِيَّةً، وَأَعْظَمُهُمَا أَجْرًا.,ޢަބްދު ﷲ ބިން ޢަމްރު ރިވާ ކުރެއްވިއެވެ: މީހަކު ދެންނެވިއެވެ: އޭ ﷲ ގެ ރަސޫލާއެވެ! އެންމެ ހެޔޮވެގެންވާ ހިޖުރައަކީ ކޮބައިތޯއެވެ؟ ނަބިއްޔާ ޙަދީޘް ކުރެއްވިއެވެ: ”ތިބާގެ ރައްބު، ﷲ ޢައްޒަ ވަޖައްލަ ރުހިވޮޑިގެން ނުވާ ކަންތައްތައް ތިބާ ދޫކޮށްލުމެވެ.“ އަދި ރަސޫލު ﷲ ﷺ ޙަދީޘް ކުރެއްވިއެވެ: ”ދެ ވައްތަރެއްގެ ހިޖުރަވެއެވެ. ރަށްފުށުގެ އަހުލުވެރިޔާގެ ހިޖުރައާއި، ބާދިޔާގެ އަހުލުވެރިޔާގެ ހިޖުރައެވެ. ބާދިޔާގެ އަހުލުވެރިޔާގެ (ހިޖުރައިގައި)، ފަހެ އޭނާއަކަށް (ވަޠަން ދޫކޮށް ހިޖުރަ ކުރުމެއް ނެތެވެ. އެހެނެއްކަމަކު) އޮތީ (ޖިހާދަށް) އޭނާއަށް ގޮވާލެވޭ ހިނދު އިޖާބަ ދިނުމާއި، (ވެރިމީހާ) އޭނާ އަމުރެއް ކުރާ ހިނދު ތަބާވުމެވެ. އަދި ރަށްފުށުގެ އަހުލުވެރިޔާގެ (ހިޖުރައިގައި)، ފަހެ އޭނާއީ އެ ދެމީހުންކުރެ ބޮޑަށް އިމްތިޚާނު ކުރެވޭނޭ އަދި ބޮޑަށް ސަވާބު ލިބޭނޭ މީހާއެވެ.“,
سنن النسائي,4181,ِنِّي لاَ أُصَافِحُ النِّسَاءَ إِنَّمَا قَوْلِي لِمِائَةِ امْرَأَةٍ كَقَوْلِي لاِمْرَأَةٍ وَاحِدَةٍ أَوْ مِثْلِ قَوْلِي لاِمْرَأَةٍ وَاحِدَةٍ ‏,ހަމަކަށަވަރުން ތިމަންކަލޭގެފާނު (ހިލޭ) އަންހެނުންނާ އަތާއަތް ޖޯޑު(ކޮށް ސަލާމް) ނުކުރައްވަމެވެ. (އަދި) ހަމަކަށަވަރުން ތިމަންކަލޭގެފާނު ސަތޭކަ އަންހެނުންނަށް ބުނާ ބަސް ވަނީ ތިމަންކަލޭގެފާނު އެންމެ އަންހެނަކަށް ބުނާ ބަސް ފަދައިންނެވެ. ނުވަތަ އެންމެ އަންހެނަކަށް ތިމަންކަލޭގެފާނު ބުނާ ބަހާ އެއްފަދައެވެ.,
سنن النسائي,4219,"""عَقَّ رَسُولُ اللَّهِ صَلَّى اللهُ عَلَيْهِ وَسَلَّمَ عَنِ الْحَسَنِ وَالْحُسَيْنِ رَضِيَ اللَّهُ عَنْهُمَا بِكَبْشَيْنِ كَبْشَيْنِ""","""ރަސޫލާ ޞައްލަﷲ ޢަލައިހި ވަސައްލަމަ ހަސަންގެފާނާއި ޙުސައިންގެފާނުގެ ކިބައިން ދެކަންބަޅިން ދެކަންބަޅިން ޢަގީގާ ކަތިލެއްވިއެވެ.""",
سنن النسائي,4456,أَخْبَرَنَا عَمْرُو بْنُ عَلِيٍّ، قَالَ: أَنْبَأَنَا وَهْبُ بْنُ جَرِيرٍ، قَالَ: حَدَّثَنِي أَبِي، عَنْ يُونُسَ، عَنِ الْحَسَنِ، عَنْ عَمْرِو بْنِ تَغْلِبَ، قَالَ: قَالَ رَسُولُ اللهِ ﷺ: إِنَّ مِنْ أَشْرَاطِ السَّاعَةِ أَنْ يَفْشُوَ الْمَالُ وَيَكْثُرَ، وَتَفْشُوَ التِّجَارَةُ، وَيَظْهَرَ الْعِلْمُ، وَيَبِيعَ الرَّجُلُ الْبَيْعَ، فَيَقُولَ: لَا، حَتَّى أَسْتَأْمِرَ تَاجِرَ بَنِي فُلَانٍ، وَيُلْتَمَسَ فِي الْحَيِّ الْعَظِيمِ الْكَاتِبُ فَلَا يُوجَدُ.,ޢަމްރު ބިން ތަޢްލިބު ރިވާ ކުރެއްވިއެވެ: ރަސޫލު ﷲ ﷺ ޙަދީޘް ކުރެއްވިއެވެ: ”ހަމަކަށަވަރުން ގިޔާމަތުގެ އަލާމާތްތަކު ތެރޭގައި (މި ކަންކަން) ހިމެނެއެވެ: މުދާ ގިނަވެ އާންމުވުމާއި، ވިޔަފާރި އާންމުވުމާއި، ޢިލްމު ނެތިދިއުމާއި، އަދި މީހަކު އެއްޗެއް ވިއްކަން އުޅުމުން ދެންނެވޭނެއެވެ: ނޫނެކެވެ. މިވެނި ގަބީލާއެއްގެ ވިޔަފާރިވެރިއެއް ގާތު އަހާ އޮޅުންފިލުވުމަށް ދާންދެން މަޑުކުރާށޭވެ. އަދި ބޮޑު އަވަށެއްގައި ލިޔާނެ މީހަކު ހޯދަން އުޅުމުން ފެނިގެން ނުދާނެއެވެ.“,
سنن النسائي,5016,أَخْبَرَنَا مُحَمَّدُ بْنُ عَبْدِ اللهِ بْنِ عَمَّارٍ قَالَ: حَدَّثَنَا الْمُعَافَى - يَعْنِي: ابْنَ عِمْرَانَ، عَنْ حَنْظَلَةَ بْنِ أَبِي سُفْيَانَ، عَنْ عِكْرِمَةَ بْنِ خَالِدٍ، عَنِ ابْنِ عُمَرَ أَنَّ رَجُلًا قَالَ لَهُ: أَلَا تَغْزُو؟ قَالَ: سَمِعْتُ رَسُولَ اللهِ ﷺ يَقُولُ: بُنِيَ الْإِسْلَامُ عَلَى خَمْسٍ؛ شَهَادَةِ أَنْ لَا إِلَهَ إِلَّا اللهُ، وَإِقَامِ الصَّلَاةِ، وَإِيتَاءِ الزَّكَاةِ، وَالْحَجِّ، وَصِيَامِ رَمَضَانَ.,އިބްނު ޢުމަރަށް މީހަކު ދެންނެވިއެވެ: ތިބާ (ﷲ ގެ މަގުގައި ޖިހާދު ކުރުމަށް) ޣަޒްވާއަކަށް ނުނިކުންނަމުތޯއެވެ؟ އިބްނު ޢުމަރު ވިދާޅުވިއެވެ: ރަސޫލު ﷲ ﷺ ޙަދީޘް ކުރައްވަނިކޮށް ތިމަން އަޑު އެހީމެވެ: ”އިސްލާމް (ދީން) ބިނާވެގެން ވަނީ ފަސް ކަމެއްގެ މައްޗަށެވެ. އެއީ ﷲ ފިޔަވައި އެހެން އެއްވެސް އިލާހަކު ނުވާކަމަށް ހެކިވުމާއި، ނަމާދު ގާއިމު ކުރުމާއި، (މުދަލު) ޒަކާތް ދިނުމާއި، ޙައްޖުވުމާއި، ރަމަޟާން މަހުގެ ރޯދަ ހިފުމެވެ.“,b8
سنن النسائي,5232,كان رسولُ اللهِ رجُلاً مربوعًا عريضًا ما بين المَنكِبين، كثَّ اللحيةِ، تَعلُوه حُمرةٌ، جُمَّتُه إلى شحمتي أذنَيه، لقد رأيتُه في حُلَّةٍ حمراءَ ما رأيتُ أحسنَ منه.,ﷲ ގެ ރަސޫލާއަކީ އިސްކޮޅުގައި މެދުމިނުގެ، ބައިމަތިފުޅާ ބޭކަލެކެވެ. އަދި އެކަލޭގެފާނުގެ ތުނބުޅިފުޅުގެ އިސްތަށި ނުހަނު ބޮލެވެ.,
سنن النسائي,5470,"نَّ النَّبِيَّ صلى الله عليه وسلم كَانَ يَدْعُو بِهَذِهِ الدَّعَوَاتِ ‏""‏ اللَّهُمَّ إِنِّي أَعُوذُ بِكَ مِنْ عِلْمٍ لاَ يَنْفَعُ وَقَلْبٍ لاَ يَخْشَعُ وَدُعَاءٍ لاَ يُسْمَعُ وَنَفْسٍ لاَ تَشْبَعُ ‏""‏ ‏.‏ ثُمَّ يَقُولُ ‏""‏ اللَّهُمَّ إِنِّي أَعُوذُ بِكَ مِنْ هَؤُلاَءِ الأَرْبَعِ ‏""‏ ‏.‏",އޭ ﷲ އެވެ. މި އަޅާ އިބަ އިލާހުގެ ހަޒްރަތުން މަންފާކުރަނިވި އިލްމަކަށް އެދި ދަންނަވަމެވެ. އަދި މަންފާއެއް ނުކުރާ އިލްމަކުން މި އަޅާ އިބަ އިލާހުގެ ހަޒްރަތުން ރައްކާތެރިކަން އެދެމެވެ.,
سنن النسائي,5502,"عَنْ أَبِي هُرَيْرَةَ، قَالَ قَالَ رَسُولُ اللَّهِ صلى الله عليه وسلم ‏ ""‏ تَعَوَّذُوا بِاللَّهِ مِنْ جَارِ السَّوْءِ فِي دَارِ الْمُقَامِ فَإِنَّ جَارَ الْبَادِيَةِ يَتَحَوَّلُ عَنْكَ ‏""‏ ‏.‏",އޭ ﷲ އެވެ. ހަމަކަށަވަރުން ދިރިއުޅޭ ތަނުގައިވާ ނުބައި އަވައްޓެރިއެއްގެ ކިބައިން މި އަޅާ އިބަ އިލާހުގެ ހަޒްރަތުން ރައްކާތެރިކަން އެދެމެވެ. އެހެނީ ހަމަކަށަވަރުން ބާދިޔާގައި (އެބަހީ: ދަތުރުމަތީގައި) އަވައްޓެރިޔާ ބަދަލުވެގެން ދެއެވެ.,
سنن النسائي,5519,"عَنْ عَائِشَةَ، أَنَّهَا قَالَتْ قَالَ رَسُولُ اللَّهِ صلى الله عليه وسلم ‏ ""‏ اللَّهُمَّ رَبَّ جِبْرَائِيلَ وَمِيكَائِيلَ وَرَبَّ إِسْرَافِيلَ أَعُوذُ بِكَ مِنْ حَرِّ النَّارِ وَمِنْ عَذَابِ الْقَبْرِ ‏""‏ ‏.‏",އޭ ﷲ އެވެ. ޖިބްރީލާއި، މީކާއީލުގެ ރައްބެވެ. އަދި އިސްރާފީލުގެ ރައްބެވެ. ނަރަކައިގެ ހޫނުކަމުންނާއި ކަށްވަޅުގެ އަޒާބުން، އިބަ އިލާހުގެ ހަޒްރަތުން މި އަޅާ ރައްކާތެރިކަން އެދެމެވެ.,
سنن النسائي,5521,مَنْ سَأَلَ اللَّهَ الْجَنَّةَ ثَلَاثَ مَرَّاتٍ قَالَتِ الْجَنَّةُ: اللَّهُمَّ أَدْخِلْهُ الْجَنَّةَ وَمَنِ اسْتَجَارَ مِنَ النَّارِ ثَلَاثَ مَرَّاتٍ قَالَتِ النَّارُ: اللَّهُمَّ أَجِرْهُ مِنَ النَّارِ,"ﷲގެ ހަޟްރަތުން ސުވަރުގެ ދެއްވުމަށް އެދި ތިންފަހަރު ދަންނަވައިފި މީހަކަށްޓަކައި ސުވަރުގެ ބުނާނެތެވެ: "" ޔާ ﷲ! އޭނާ ސުވަރުގެ ވައްދަވާންދޭވެ!"" އަދި ނަރަކައިން ރައްކާތެރިކޮށްދެވުން އެދި (ﷲއަށް) ތިންފަހަރު ދަންނަވައިފި މީހަކަށްޓަކައި ނަރަކަ ބުނާނެތެވެ: "" ޔާ ﷲ! އޭނާ ނަރަކައިން ރައްކާތެރިކޮށްދެއްވާދޭވެ!""",
سنن النسائي,5666,أَخْبَرَنَا سُوَيْدٌ قَالَ: أَنْبَأَنَا عَبْدُ اللهِ، عَنْ مَعْمَرٍ، عَنِ الزُّهْرِيِّ، عَنْ أَبِي بَكْرِ بْنِ عَبْدِ الرَّحْمَنِ بْنِ الْحَارِثِ، عَنْ أَبِيهِ قَالَ: سَمِعْتُ عُثْمَانَ رَضِيَ اللهُ عَنْهُ يَقُولُ: اجْتَنِبُوا الْخَمْرَ؛ فَإِنَّهَا أُمُّ الْخَبَائِثِ، إِنَّهُ كَانَ رَجُلٌ مِمَّنْ خَلَا قَبْلَكُمْ تَعَبَّدَ، فَعَلِقَتْهُ امْرَأَةٌ غَوِيَّةٌ فَأَرْسَلَتْ إِلَيْهِ جَارِيَتَهَا، فَقَالَتْ لَهُ: إِنَّا نَدْعُوكَ لِلشَّهَادَةِ، فَانْطَلَقَ مَعَ جَارِيَتِهَا فَطَفِقَتْ كُلَّمَا دَخَلَ بَابًا أَغْلَقَتْهُ دُونَهُ، حَتَّى أَفْضَى إِلَى امْرَأَةٍ وَضِيئَةٍ، عِنْدَهَا غُلَامٌ، وَبَاطِيَةُ خَمْرٍ، فَقَالَتْ: إِنِّي وَاللهِ مَا دَعَوْتُكَ لِلشَّهَادَةِ، وَلَكِنْ دَعَوْتُكَ لِتَقَعَ عَلَيَّ، أَوْ تَشْرَبَ مِنْ هَذِهِ الْخَمْرَةِ كَأْسًا، أَوْ تَقْتُلَ هَذَا الْغُلَامَ. قَالَ: فَاسْقِينِي مِنْ هَذَا الْخَمْرِ كَأْسًا، فَسَقَتْهُ كَأْسًا، قَالَ: زِيدُونِي فَلَمْ يَرِمْ حَتَّى وَقَعَ عَلَيْهَا، وَقَتَلَ النَّفْسَ، فَاجْتَنِبُوا الْخَمْرَ؛ فَإِنَّهَا وَاللهِ لَا يَجْتَمِعُ الْإِيمَانُ وَإِدْمَانُ الْخَمْرِ إِلَّا لَيُوشِكُ أَنْ يُخْرِجَ أَحَدُهُمَا صَاحِبَهُ.,ޢަބްދުއްރަޙްމާން ބިން އަލްޙާރިޘް ރިވާ ކުރެއްވިއެވެ: ޢުޘްމާން ބިން ޢައްފާނު رَضِيَ اللَّهُ عَنْهُ ވިދާޅުވި އަޑު ތިމަން އެހީމެވެ: ތިޔަބައިމީހުން ރަލާ ދުރުވެގަންނާށެވެ. އެހެނީ ހަމަކަށަވަރުން އެއީ ހުރިހާ ހަޑިމުޑުދާރު ނުބައި ކަމެއްގެ މަންމައެވެ. ހަމަކަށަވަރުން ތިޔަބައިމީހުންގެ ކުރީގެ (އުއްމަތްތަކުގެ ތެރެއިން) މީހާކު އަޅުކަމައިގެން ހުސްވެއުޅުނެވެ. ދެން ފާޙިޝް އަންހެނަކު އޭނާއަށް ހިތާވެގަތެވެ. އަދި އެ އަންހެނާގެ އަޅު އަންހެން ކުއްޖަކު އެ މީހާ ގާތަށް ފޮނުވިއެވެ. އެ ކުއްޖާ އައިސް ދެންނެވިއެވެ: ތިމަންމެން ތިބާއަށް މި ގޮވާލަނީ ކަމަކަށް ހެކުކުރަންށެވެ. ދެން އެ ކުއްޖާއާއެކު އެ އަޅުވެރިޔާ ހިނގައްޖެއެވެ. (އެ އަންހެނާގެ ގޭގައި) އެ އަޅުވެރިޔާ ވަތް ކޮންމެ ދޮރަކަށް ފަހު، ފަހަތުން އެ އަޅު ކުއްޖާ އެ ދޮރެއް ތަޅުލިއެވެ. ދެން އެ އަޅުވެރިޔާ ވަރަށް ރީތި އަންހެނަކާ ހިސާބަށް ފޯރައިފިއެވެ. އެ އަންހެނާއާއެކު ޚާދިމު ޅަ ފިރިހެން ކުއްޖަކާއި ބޮޑު ރާ ތައްޓެއް ހުއްޓެވެ. ދެން އަޅުވެރިޔާއަށް އެ އަންހެނާ ބުނެފިއެވެ: ﷲ ގަންދީ ބުނަމެވެ. ތިބާއަށް މި ގޮވާލީކީ ކަމަކަށް ހެކުކުރާކަށެއް ނޫނެވެ. އެހެނެއްކަމަކު ތިބާއަށް މި ގޮވާލީ ތިމަންނައާއެކު ޒިނޭ ކުރުމަށެވެ. ނޫނީ މި ރާއެތިން ތައްޓެއް ބޯށެވެ. ނޫނީ މި ޚާދިމު ޅަ ފިރިހެން ކުއްޖާ މަރާލާށެވެ. އެ މީހާ (އެންމެ ލުއި ގޮތަކަށް ވިސްނާފައި) ދެންނެވިއެވެ: އެހެންކަމުގައި ވަނީ ނަމަ، މި ރާއެތިން ތިމަންނައަށް ތައްޓެއް ބޯން ދޭށެވެ. ދެން އެ އަންހެނާ އޭނާއަށް ތައްޓެއް ބޯންދިނެވެ. (އެއް ތައްޓަށް ފަހު ބޯ ހިތްވެގަނެވެން) އެ މީހާ ދެންނެވިއެވެ: ތިމަންނައަށް އިތުރަށް ދޭށެވެ. ދެން އެހެން ބޮމުން ބޮމުން ގޮސް (މަސްތުވެގެން) އެ އަންހެނާއާއެކު ޒިނޭކޮށް، އަދި އެ ޅަ ފިރިހެން ކުއްޖާ މަރާލުމަށް ދާންދެން ރާބުއިން ހުއްޓާނުލިއެވެ. ވީމާ ތިޔަބައިމީހުން ރަލާ ދުރުވެގަންނާށެވެ. އެހެނީ ހަމަކަށަވަރުން ﷲ ގަންދީ ބުނަމެވެ. އީމާންކަމާއި ރަލަށް ދެވިހިފުން އެއްކޮށެއް ނޫޅެވޭނެއެވެ. އެހެނަސް އޭގެ ތެރެއިން އެކަތި އަނެކަތި ބޭރުކުރާނެކަން ކަށަވަރެވެ.,
سنن النسائي,5666,أَخْبَرَنَا سُوَيْدٌ قَالَ: أَنْبَأَنَا عَبْدُ اللهِ، عَنْ مَعْمَرٍ، عَنِ الزُّهْرِيِّ، عَنْ أَبِي بَكْرِ بْنِ عَبْدِ الرَّحْمَنِ بْنِ الْحَارِثِ، عَنْ أَبِيهِ قَالَ: سَمِعْتُ عُثْمَانَ رَضِيَ اللهُ عَنْهُ يَقُولُ: اجْتَنِبُوا الْخَمْرَ؛ فَإِنَّهَا أُمُّ الْخَبَائِثِ، إِنَّهُ كَانَ رَجُلٌ مِمَّنْ خَلَا قَبْلَكُمْ تَعَبَّدَ، فَعَلِقَتْهُ امْرَأَةٌ غَوِيَّةٌ فَأَرْسَلَتْ إِلَيْهِ جَارِيَتَهَا، فَقَالَتْ لَهُ: إِنَّا نَدْعُوكَ لِلشَّهَادَةِ، فَانْطَلَقَ مَعَ جَارِيَتِهَا فَطَفِقَتْ كُلَّمَا دَخَلَ بَابًا أَغْلَقَتْهُ دُونَهُ، حَتَّى أَفْضَى إِلَى امْرَأَةٍ وَضِيئَةٍ، عِنْدَهَا غُلَامٌ، وَبَاطِيَةُ خَمْرٍ، فَقَالَتْ: إِنِّي وَاللهِ مَا دَعَوْتُكَ لِلشَّهَادَةِ، وَلَكِنْ دَعَوْتُكَ لِتَقَعَ عَلَيَّ، أَوْ تَشْرَبَ مِنْ هَذِهِ الْخَمْرَةِ كَأْسًا، أَوْ تَقْتُلَ هَذَا الْغُلَامَ. قَالَ: فَاسْقِينِي مِنْ هَذَا الْخَمْرِ كَأْسًا، فَسَقَتْهُ كَأْسًا، قَالَ: زِيدُونِي فَلَمْ يَرِمْ حَتَّى وَقَعَ عَلَيْهَا، وَقَتَلَ النَّفْسَ، فَاجْتَنِبُوا الْخَمْرَ؛ فَإِنَّهَا وَاللهِ لَا يَجْتَمِعُ الْإِيمَانُ وَإِدْمَانُ الْخَمْرِ إِلَّا لَيُوشِكُ أَنْ يُخْرِجَ أَحَدُهُمَا صَاحِبَهُ.,ޢަބްދުއްރަޙްމާން ބިން އަލްޙާރިޘް ރިވާ ކުރެއްވިއެވެ: ޢުޘްމާން ބިން ޢައްފާނު رَضِيَ اللَّهُ عَنْهُ ވިދާޅުވި އަޑު ތިމަން އެހީމެވެ: ތިޔަބައިމީހުން ރަލާ ދުރުވެގަންނާށެވެ. އެހެނީ ހަމަކަށަވަރުން އެއީ ހުރިހާ ހަޑިމުޑުދާރު ނުބައި ކަމެއްގެ މަންމައެވެ. ހަމަކަށަވަރުން ތިޔަބައިމީހުންގެ ކުރީގެ (އުއްމަތްތަކުގެ ތެރެއިން) މީހާކު އަޅުކަމައިގެން ހުސްވެއުޅުނެވެ. ދެން ފާޙިޝް އަންހެނަކު އޭނާއަށް ހިތާވެގަތެވެ. އަދި އެ އަންހެނާގެ އަޅު އަންހެން ކުއްޖަކު އެ މީހާ ގާތަށް ފޮނުވިއެވެ. އެ ކުއްޖާ އައިސް ދެންނެވިއެވެ: ތިމަންމެން ތިބާއަށް މި ގޮވާލަނީ ކަމަކަށް ހެކުކުރަންށެވެ. ދެން އެ ކުއްޖާއާއެކު އެ އަޅުވެރިޔާ ހިނގައްޖެއެވެ. (އެ އަންހެނާގެ ގޭގައި) އެ އަޅުވެރިޔާ ވަތް ކޮންމެ ދޮރަކަށް ފަހު، ފަހަތުން އެ އަޅު ކުއްޖާ އެ ދޮރެއް ތަޅުލިއެވެ. ދެން އެ އަޅުވެރިޔާ ވަރަށް ރީތި އަންހެނަކާ ހިސާބަށް ފޯރައިފިއެވެ. އެ އަންހެނާއާއެކު ޚާދިމު ޅަ ފިރިހެން ކުއްޖަކާއި ބޮޑު ރާ ތައްޓެއް ހުއްޓެވެ. ދެން އަޅުވެރިޔާއަށް އެ އަންހެނާ ބުނެފިއެވެ: ﷲ ގަންދީ ބުނަމެވެ. ތިބާއަށް މި ގޮވާލީކީ ކަމަކަށް ހެކުކުރާކަށެއް ނޫނެވެ. އެހެނެއްކަމަކު ތިބާއަށް މި ގޮވާލީ ތިމަންނައާއެކު ޒިނޭ ކުރުމަށެވެ. ނޫނީ މި ރާއެތިން ތައްޓެއް ބޯށެވެ. ނޫނީ މި ޚާދިމު ޅަ ފިރިހެން ކުއްޖާ މަރާލާށެވެ. އެ މީހާ (އެންމެ ލުއި ގޮތަކަށް ވިސްނާފައި) ދެންނެވިއެވެ: އެހެންކަމުގައި ވަނީ ނަމަ، މި ރާއެތިން ތިމަންނައަށް ތައްޓެއް ބޯން ދޭށެވެ. ދެން އެ އަންހެނާ އޭނާއަށް ތައްޓެއް ބޯންދިނެވެ. (އެއް ތައްޓަށް ފަހު ބޯ ހިތްވެގަނެވެން) އެ މީހާ ދެންނެވިއެވެ: ތިމަންނައަށް އިތުރަށް ދޭށެވެ. ދެން އެހެން ބޮމުން ބޮމުން ގޮސް (މަސްތުވެގެން) އެ އަންހެނާއާއެކު ޒިނޭކޮށް، އަދި އެ ޅަ ފިރިހެން ކުއްޖާ މަރާލުމަށް ދާންދެން ރާބުއިން ހުއްޓާނުލިއެވެ. ވީމާ ތިޔަބައިމީހުން ރަލާ ދުރުވެގަންނާށެވެ. އެހެނީ ހަމަކަށަވަރުން ﷲ ގަންދީ ބުނަމެވެ. އީމާންކަމާއި ރަލަށް ދެވިހިފުން އެއްކޮށެއް ނޫޅެވޭނެއެވެ. އެހެނަސް އޭގެ ތެރެއިން އެކަތި އަނެކަތި ބޭރުކުރާނެކަން ކަށަވަރެވެ.,