source,#,bodyAR,bodyDV,takhrij
سنن أبي داود,83,"هُوَ الطَّهُورُ مَاؤُهُ الْحِلُّ مَيْتَتُهُ""","""ކަނޑަކީ އެތާނގެ ފެންޠާހިރު އަދި އެތާނގެ މުޅަތަކެތި ޙަލާލު ކުރެވިފައިވާ ތަނެކެވެ.""",
سنن أبي داود,219,أنَّ النبيَّ صلَّى اللهُ عليهِ وسلَّمَ طاف ذات يومٍ على نسائِه يغتسلُ عند هذه وعند هذه قال قلتُ له يا رسولَ اللهِ ألا تجعلُه غسلًا واحدًا قال هذا أزكى وأطيبُ وأطهرُ,ހަމަކަށަވަރުން ނަބިއްޔާ صلى الله عليه و سلم އެއްދުވަހެއްގައި އެކަލޭގެފާނުގެ އަނބިއަނބިކަނބަލުންގެ އަރިހުގައި އެއްދާންކޮށް، ކޮންމެ އަނބިކަނބަލެއްގެ ގެކޮޅުގައި ހިނައިވަޑައިގަންނަވަމުން ގެންދެވިއެވެ. އަބޫ ރާފިޢު ވިދާޅުވިއެވެ. ފަހެ ތިމަން އެކަލޭގެފާނަށް ދެންނެވީމެވެ. އޭ ﷲގެ ރަސޫލާއެވެ! ހުރިހާ ހިނައިގަތުމެއް އެއް ހިނައިގަތުމަކަށް ނަހައްދަވަނީ ކީއްވެގެންތޯއެވެ؟ އެކަލޭގެފާނު ޙަދީޘްކުރެއްވިއެވެ. ” މިގޮތް މޮޅުއިތުރުވެފައި، ރިވެތިވެ، ޠާހިރުކަން ބޮޑުވެގެންވެއެވެ.,
سنن أبي داود,228,كان رسولُ اللهِ صلَّى اللهُ عليْهِ وسلَّمَ ينامُ وهوَ جنبٌ من غيرِ أن يمسَّ ماءً,ފެނުގައި ބީހުމެއްނެތި (ވުޟޫ އަދި ހިނައިގަތުމަކާއި ނުލާ) ޖުނުބުވެރި ހާލުގައި ރަސޫލުﷲ ﷺ އަވަހާރަފުޅުލައްޕަވައެވެ. އެއަށްފަހު ހޭފުޅުލައްވައި ހިނައިވަޑައިގަންނަވައެވެ.,
سنن أبي داود,258,أن اليهود كانت إذا حاضت منهم المرأة أخرجوها من البيت ولم يؤاكلوها ولم يشاربوها ولم يجامعوها في البيت فسئل رسول اللهِ ﷺ عن ذلك فأنزل الله سبحانه ( ويسألونك عن المحيض قل هو أذى فاعتزلوا النساء في المحيض ) إلى آخر الآية فقال رسول اللهِ ﷺ جامعوهن في البيوت واصنعوا كل شيء غير النكاح فقالت اليهود ما يريد هذا الرجل أن يدع شيئا من أمرنا إلا خالفنا فيه فجاء أسيد بن حضير وعبًاد بن بشر إلى النبي ﷺ فقالا يا رسول اللهِ إن اليهود تقول كذا وكذا أفلا ننكحهن في المحيض فتمعر وجه رسول اللهِ ﷺ حتى ظننا أن قد وجد عليهما فخرجا فاستقبلتهما هدية من لبن إلى رسول اللهِ ﷺ فبعث في آثارهما فسقاهما فظننا أنه لم يجد عليهما,ހަމަކަށަވަރުން ޔަހޫދީން، އެބައިމީހުންގެ ތެރެއިން އަންހެނަކު ޙައިޟުވެއްޖެކަމުގައި ވަނީނަމަ އޭނާ ގެއިން ނެރެލައެވެ. އަދި އޭނާއާ އެކީ ކެއިންބުއިމުން ދުރުވެއެވެ. އަދި އޭނާއާއި ގޭތެރޭގައި އެކުވެނޫޅެއެވެ. ފަހެ މިކަމާއި ބެހޭގޮތުން ރަސޫލﷲ صلى الله عليه و سلم އާއި ސުވާލުކުރެވުނެވެ. ދެން ﷲ ތަޢާލާ އެކަމާއި ބެހޭގޮތުން ވަހީ ބާވައިލެއްވިއެވެ. ( وَيَسْأَلُونَكَ عَنِ الْمَحِيضِ ۖ قُلْ هُوَ أَذًى فَاعْتَزِلُوا النِّسَاءَ فِي الْمَحِيضِ ۖ وَلَا تَقْرَبُوهُنَّ حَتَّىٰ يَطْهُرْنَ ۖفَإِذَا تَطَهَّرْنَ فَأْتُوهُنَّ مِنْ حَيْثُ أَمَرَكُمُ اللَّـهُ ۚ إِنَّ اللَّـهَ يُحِبُّ التَّوَّابِينَ وَيُحِبُّ الْمُتَطَهِّرِينَ ) سورة البقرة 222 މާނައީ: ” އަދި ޙައިޟާމެދު، ކަލޭގެފާނާ އެއުރެން ސުވާލުކުރެތެވެ. ކަލޭގެފާނު ވިދާޅުވާށެވެ! އެއީ އުނދަގޫ (ލިބެނިވި) ކަމެކެވެ. ފަހެ، ޙައިޟުގެ ދުވަސްވަރުގައި ތިޔަބައިމީހުން އަންހެނުންނާ ދުރުހެލިވާށެވެ! (އެބަހީ: ޖިމާޢުނުވާށެވެ!) އަދި އެކަނބަލުން ޙައިޟުގެކަންތައް ނިމި ޠާހިރު ވެއްޖައުމަށްދާނދެން ތިޔަބައިމީހުން އެކަނބަލުންނާ ގާތްނުވާށެވެ! ފަހެ އެކަނބަލުން ހިނައި ޠާހިރުވެއްޖެނަމަ، ﷲ ތިޔަބައިމީހުންނަށް އަމުރުކުރައްވާފައިވާ ފަދައިން އެކަނބަލުން ގާތަށް ތިޔަބައިމީހުން ދާށެވެ! (އެބަހީ: ޖިމާޢުވުން ހުއްދައެވެ.) ހަމަކަށަވަރުން، ގިނަގިނައިން ތައުބާވާ މީހުންދެކެ ﷲ ލޯބިވެ ވޮޑިގެންވެއެވެ. އަދި ޠާހިރުވާ މީހުން ދެކެވެސް އެކަލާނގެ ލޯބިވެވޮޑިގެންވެއެވެ. “ ފަހެ އެކަލޭގެފާނު ވިދާޅުވިއެވެ. އަނބިންނާއެކީ ގެތަކުގައި އެކުވެ އުޅޭށެވެ. އަދި ޖިމާޢުވުން ފިޔަވައި ހުރިހާކަމެއް ކުރާށެވެ. ފަހެ ޔަހޫދީން ބުންޏެވެ. ” އަހަރެމެންކުރާ އެއްވެސްކަމެއް، އެކަމަކާ ޚިލާފުނުވެ ދޫކޮށްލާކަށް މި ކަލޭގެފާނު ބޭނުންފުޅުނުވެއެވެ. ފަހެ އުސައިދު ބުން ޙުޟައިރާއި ޢައްބާދު ބުން ބިޝްރު ނަބިއްޔާ صلى الله عليه و سلم ގެ އަރިހަށް ވަޑައިގެން ވިދާޅުވިއެވެ. އޭ ﷲގެ ރަސޫލާއެވެ! ހަމަކަށަވަރުން ޔަހޫދީން އެވެނި މިވެނި އެއްޗެއް އެބަބުނެއެވެ. ފަހެ ޙައިޟުގެ ދުވަސްވަރުގައި އަނބިންނާއެކީ ތިމަންބޭކަލުން ޖިމާޢު ނުވާންވީހެއްޔެވެ؟ ހަމަކަށަވަރުން އެކަލޭގެފާނު އެދެބޭކަލުންނަށް ކޯފާއިސްކުރެއްވީކަމަށް ތިމަންބޭކަލުންނަށް ހީވާމިންވަރަށް ފަހެ އެކަލޭގެފާނުގެ މޫނުފުޅުގެ ކުލަ ތަޣައްޔަރުވިއެވެ. ފަހެ އެދެބޭކަލުން ނުކުވެވަޑައިގަތެވެ. އެހިނދު ރަސޫލުﷲ صلى الله عليه و سلم އަށް ހަދިޔާއެއްގެ ގޮތުގައި ކިރު ގެނެވުނެވެ. ދެން އެދެބޭކަލުން ވީތަނެއް ހޯއްދަވައި ގެންނެވައި އެކިރުން ބޯންދެއްވިއެވެ. ދެންފަހެ އެކަލޭގެފާނު އެދެބޭކަލުންނަށް ކޯފާއިސްނުކުރައްވާކަމުގައި ތިމަންބޭކަލުންނަށް ޔަގީންވިއެވެ.,
سنن أبي داود,268,ان رَسولُ اللهِ صلَّى اللهُ عليه وسلَّم يأمُرُ إحدانا إذا كانت حائِضًا أن تتَّزِرَ ثمَّ يُضاجِعُها زَوجُها. وقال مَرَّةً: يُباشِرُها,އެކަމަނާ ވިދާޅުވިއެވެ. ތިމަންބޭކަނބަލުންގެ ތެރެއިން ބޭކަނބަލަކު ޙައިޟުގެ ހާލުގައި ވަނީނަމަ އުނަގަނޑުން ތިރީގައި ފޮތިގަނޑެއް އަނުމަށް ރަސޫލުﷲ صلى الله عليه و سلم އަމުރުކުރައްވާކަމުގައި ވިއެވެ. އެއްއަށްފަހު އެބޭކަނބަލަކާއެކީ އަވަހާރަފުޅުލައްޕަވައެވެ. އެހެން ރިވާޔަތެއްގައި އެކަމަނާ ވިދާޅުވެފައިވެއެވެ. (އެއަށްފަހު) އެބޭކަނބަލަކާއެކީ ލޯބިކުރައްވައެވެ.,
سنن أبي داود,272,أنَّ النَّبيَّ صلَّى اللَّهُ عليهِ وسلَّمَ كانَ إذا أرادَ منَ الحائضِ شيئًا ألقى على فَرجِها ثوبًا,ހަމަކަށަވަރުން ރަސޫލުﷲ صلى الله عليه و سلم ހަޢިޟުވެރިވެފައިވާ އަނބިކަނބަލެއްގެ ކިބައިން ކަމެއް ބޭނުންވެއްޖެ ހިނދެއްގައި (އެބަހީ: ލޯބިކުރައްވަން އެދިވަޑައިގެންފި ހިނދެއްގައި) އެކަނބަލެއްގެ ޢައުރަ ގުނަވަން ފޮތިކޮޅަކުން ނިވާކުރައްވައެވެ. އެއަށްފަހު އެކަލޭގެފާނު އެދިވަޑައިގަންނަވާކަންތައް ކުރައްވައެވެ. (އެބަހީ: ލޯބިކުރައްވައެވެ.),
سنن أبي داود,345,من غسَّلَ يومَ الجمعةِ واغتسلَ ثمَّ بَكَّرَ وابتَكرَ ومشى ولم يرْكب ودنا منَ الإمامِ فاستمعَ ولم يلغُ كانَ لَهُ بِكلِّ خطوةٍ عملُ سنةٍ أجرُ صيامِها وقيامِها,أوس بن أوس رضي الله عنه ވިދާޅުވެފައި ވެއެވެ. ތިމަންނަ ރަސޫލާ صلى الله عليه و سلم ޙަދީޘްފުޅު ކުރައްވަނިކޮށް އަޑުއެއްސެވީމެވެ. “ހުކުރު ދުވަހުގައި މީހަކު ހިނައިގަނެ، އެ ހިނައިގަތުން ފުރިހަމަ ހިނެއިގަތުމެއްގައި ހަދައި، އެދުވަހުގައި ވީހާވެސް ކުރިން މިސްކިތައް ގޮސް، އަދި އޭނާ އެދުވަހުގައި ހުކުރުނަމާދަށް ދިޔައީ ހިނގާފަ، އެއްވެސް ސަވާރީއަކަށް ނާރައެވެ. އަދި މިސްކިތުގައި އިމާމާއި ވީހާވެސް ކައިރިއަށް ޖެހި އެގޮތުގައި ގާއިމްވެ އިދެ، އިމާމްގެ ޚުޠުބާއަށް އަޑުއެހުމުގައި ދެމިހުރެ އިތުރު އެއްވެސް ބޭކާރު ކަމެއް ނުކުރެއެވެ. އޭނާއަށް ޘަވާބުގެ ގޮތުގައި އެ ނަމާދަށް ދިއުމަށްޓަކައި އެޅި ކޮންމެ ފިޔަވަޅަކަށް އެއް އަހަރުގެ ޘަވާބުވެއެވެ. އެއީ ކޮންމެ ފިޔަވަޅަކަށް އެއްއަހަރުގެ ރޯދައާއި އެއްއަހަރުގެ ނަމާދު ގާއިމްކުރުމުގެ އަޖުރެވެ.”,
سنن أبي داود,354,مَن تَوضَّأَ يَومَ الجُمُعةِ فبِها ونِعمَتْ، ومَنِ اغتَسَلَ فهو أفضَلُ.,ހުކުރު ދުވަހު (ހުކުރު ނަމާދަށް) ވުޟޫކޮށްފި މީހަކަށް އެކަން ފުދިގެންވެއެވެ. އަދި ހިނައިގެންފި މިހާ ދަންނާށެވެ. ފަހެ ހިނައިގަތުން އިތުރުކަން ބޮޑުވެގެންވެއެވެ.,
سنن أبي داود,494,مُرُوا الصبيَّ بالصلاةِ إذا بلغ سَبْعَ سِنِينَ ، وإذا بلغ عَشْرَ سِنِينَ فاضرِبوه عليها,ހަތްއަހަރު ފުރުމުން ދަރިފުޅަށް ނަމާދުކުރަން އަމުރު ކުރާށެވެ. އަދި ދިހައަހަރުވުމުން އަދަބުދީގެން ނަމަވެސް ނަމާދުކުރުވާށެވެ.,
سنن أبي داود,495,مُرُوا أولادَكم بالصَّلاةِ وهم أبناءُ سَبعِ سِنينَ، واضربوهم عليها وهم أبناءُ عَشرٍ، وفَرِّقوا بينهم في المضاجِعِ,ތިޔަބައިމީހުންގެ ދަރިންނަށް އެކުދިންގެ ޢުމުރުން 7 އަހަރުވުމުން ނަމާދަށް އަމުރުކުރާށެވެ. އަދި އެކުދިންގެ ޢުމުރުން 10 އަހަރުވުމުން ނަމާދު ނުކުރާނަމަ ތަޅައިގެންވިޔަސް އެކަން ކުރުވާށެވެ. އަދި އެކުދިންގެ ތަންމަތިތައް ވަކިކުރާށެވެ.,
سنن أبي داود,650,"بَيْنَمَا رَسُولُ اللَّهِ صَلَّى اللهُ عَلَيْهِ وَسَلَّمَ يُصَلِّي بِأَصْحَابِهِ إِذْ خَلَعَ نَعْلَيْهِ فَوَضَعَهُمَا عَنْ يَسَارِهِ، فَلَمَّا رَأَى ذَلِكَ الْقَوْمُ أَلْقَوْا نِعَالَهُمْ، فَلَمَّا قَضَى رَسُولُ اللَّهِ صَلَّى اللهُ عَلَيْهِ وَسَلَّمَ صَلَاتَهُ، قَالَ: «مَا حَمَلَكُمْ عَلَى إِلْقَاءِ نِعَالِكُمْ» ، قَالُوا: رَأَيْنَاكَ أَلْقَيْتَ نَعْلَيْكَ فَأَلْقَيْنَا نِعَالَنَا، فَقَالَ رَسُولُ اللَّهِ صَلَّى اللهُ عَلَيْهِ وَسَلَّمَ: "" إِنَّ جِبْرِيلَ صَلَّى اللهُ عَلَيْهِ وَسَلَّمَ أَتَانِي فَأَخْبَرَنِي أَنَّ فِيهِمَا قَذَرًا..""","""(އެއްފަހަރަކު) ރަސޫލާ ޞައްލަﷲ ޢަލައިހި ވަސައްލަމަ އެކަލޭގެފާނު އަޞްޙާބުންނާއިއެކު (ފައިވާން ޖޯޑުކޮޅުތަކުގައި) ނަމާދުކުރައްވަނިކޮށް (އަޞްޙާބު ބޭކަލުންނަށް ފެނިވަޑައިގަތީ) ކީރިތި ރަސޫލާ ޞައްލަﷲ ޢަލައިހި ވަސައްލަމަ އެކަލޭގެފާނުގެ ފައިވާން ޖޯޑުކޮޅު ކުއްލިއަކަށް ބާލުއްވައި އެކަލޭގެފާނުގެ ވައަތްޕުޅުގައި ބެހެއްޓެވި ތަނެވެ. އެތަން އަޞްޙާބު ބޭކަލުންނަށް ފެނިވަޑައިގަތުމުން އެބޭކަލުންވެސް އެބޭކަލުންގެ ފައިވާން ޖޯޑުކޮޅުތައް ބާލުއްވައިފިއެވެ. ދެން، ނަމާދުކޮށް އަވަދިވެވަޑައިގެން، ރަސޫލާ ޞައްލަﷲ ޢަލައިހި ވަސައްލަމަ އެބޭކަލުންނަށް ޙަދީޘް ކުރެއްވިއެވެ. ""ތިޔަބޭކަލުން، ފައިވާން ޖޯޑުކޮޅުތައް ބޭލެއްވީ ފަހެ ކީއްވެގެންތޯއެވެ؟"" އެބޭކަލުން ދެންނެވިއެވެ. ""އެއީ ކަލޭފެފާނު ފައިވާން ޖޯޑުކޮޅު (ބާލައްވާފައި) ބެހެއްޓެވި ތަން ތިމަންމެންނަށް ފެނުނީމާ ތިމަންމެންވެސް ފައިވާން ޖޯޑުތައް (ބާލާފައި) ބެހެއްޓީއެވެ."" ފަހެ، ރަސޫލާ ޞައްލަﷲ ޢަލައިހި ވަސައްލަމަ ޙަދީޘް ކުރެއްވިއެވެ. "" (ތިމަންކަލޭގެފާނު، ތިމަންކަލޭގެފާނުގެ ފައިވާން ޖޯޑުކޮޅު ބޭލީ) (ހަމަކަށަވަރުން) ޖިބްރީލްގެފާނު ވަޑައިގެން ތިމަންކަލޭގެފާނު ފައިވާން ޖޯޑުކޮޅުގައި ނަޖިހެއް އެބަހުރިކަމަށް ތިމަންކަލޭގެފާނަށް އެންގެވީމައެވެ.""... """,
سنن أبي داود,775,أعوذُ باللهِ السميعِ العليمِ من الشيطانِ الرجيمِ من هَمْزِهِ وَنَفْخِهِ وَنَفْثِهِ ثم يقرأُ,'ރަޙްމަތުން ބޭރު ކުރެވިގަންވާ ޝައިޠާނާގެ ނުބައި ކަމުން، ހުރިހާ ކަމެއް މޮޅަށް ދެނެވޮޑިގަންނަވާ އައްސަވާ ވޮޑިގަންނަވާ މާތްﷲ ގެ ރައްކާތެރިކަމަށް އެދެމެވެ. އެ ޝައިޠާނާގެ ސަބަބުން ވާ މޮޔަކަމާއި، އޭގެ ބޮޑާކަމާއި، އޭގެ ނުބައި ކިޔެވެލިފަތި ތަކުންނެވެ.'',
سنن أبي داود,1047,حَدَّثَنَا هَارُونُ بْنُ عَبْدِ اللهِ ، نَا حُسَيْنُ بْنُ عَلِيٍّ ، عَنْ عَبْدِ الرَّحْمَنِ بْنِ يَزِيدَ بْنِ جَابِرٍ ، عَنْ أَبِي الْأَشْعَثِ الصَّنْعَانِيِّ ، عَنْ أَوْسِ بْنِ أَوْسٍ ، قَالَ : قَالَ رَسُولُ اللهِ صَلَّى اللهُ عَلَيْهِ وَسَلَّمَ : إِنَّ مِنْ أَفْضَلِ أَيَّامِكُمْ يَوْمَ الْجُمُعَةِ ، فِيهِ خُلِقَ آدَمُ وَفِيهِ قُبِضَ ، وَفِيهِ النَّفْخَةُ ، وَفِيهِ الصَّعْقَةُ ، فَأَكْثِرُوا عَلَيَّ مِنَ الصَّلَاةِ فِيهِ ، فَإِنَّ صَلَاتَكُمْ مَعْرُوضَةٌ عَلَيَّ ، قَالَ : قَالُوا : يَا رَسُولَ اللهِ : وَكَيْفَ تُعْرَضُ صَلَاتُنَا عَلَيْكَ ، وَقَدْ أَرِمْتَ ، قَالَ : يَقُولُونَ : بَلِيتَ ، فَقَالَ : إِنَّ اللهَ عَزَّ وَجَلَّ حَرَّمَ عَلَى الْأَرْضِ أَجْسَادَ الْأَنْبِيَاءِ .,އައުސް ބިން އައުސް ރިވާ ކުރެއްވިއެވެ: ރަސޫލު ﷲ ﷺ ޙަދީޘް ކުރެއްވިއެވެ: ”ހަމަކަށަވަރުން ތިޔަބައިމީހުންގެ ދުވަސްތަކުގެ ތެރެއިން އެންމެ ހެޔޮވެގެން ވަނީ ހުކުރު ދުވަހެވެ. އެ ދުވަހު އާދަމްގެފާނު ޚަލްގު ކުރެވުނެވެ. އަދި އެ ދުވަހު އެކަލޭގެފާނުގެ ފުރާނަފުޅު ހިއްޕެވުނެވެ. އަދި (ގިޔާމަތުގެ) ތާޅަފިލި ފުމެލެއްވޭނީ އެ ދުވަހުގައެވެ. ފަހެ އެ ދުވަހުގައި ތިޔަބައިމީހުން ތިމަން ނަބިއްޔާއަށް ސަލަވާތްލެއްވުން ގިނަ ކުރާށެވެ. އެހެނީ ހަމަކަށަވަރުން ތިޔަބައިމީހުންގެ ސަލަވާތް ތިމަން ނަބިއްޔާއަށް ހުށަހެޅިގެން ދާނެއެވެ.“ މީސްތަކުން ދެންނެވިއެވެ: އޭ ﷲ ގެ ރަސޫލާއެވެ. އިބަ ނަބިއްޔާގެ ހަށިކޮޅު ފަނާވެ ދިޔުމަށް ފަހު، ތިމަންމެންގެ ސަލަވާތް އިބަ ނަބިއްޔާއަށް ހުށަހެޅިގެން ދާނީ ކިހިނަކުންތޯއެވެ؟ ނަބިއްޔާ ﷺ ޙަދީޘް ކުރެއްވިއެވެ: ”ހަމަކަށަވަރުން ﷲ ޢައްޒަ ވަޖައްލަ ވަނީ ނަބިއްޔުންގެ ހަށިކޮޅުތައް (ފަނާކުރުން) ބިމަށް ހަރާމް ކުރައްވާފައެވެ.“,صححه الألباني في صحيح الترغيب والترهيب 1674
سنن أبي داود,1047,إِنَّ مِنْ أَفْضَلِ أَيَّامِكُمْ يَوْمَ الْجُمُعَةِ فِيهِ خُلِقَ آدَمُ وَفِيهِ قُبِضَ وَفِيهِ النَّفْخَةُ وَفِيهِ الصَّعْقَةُ فَأَكْثِرُوا عَلَىَّ مِنَ الصَّلاَةِ فِيهِ فَإِنَّ صَلاَتَكُمْ مَعْرُوضَةٌ عَلَىَّ,ހަމަކަށަވަރުން ތިޔަބައިމީހުންގެ ދުވަސްތަކުގެ ތެރެއިން އެންމެހެޔޮކަންބޮޑުވެގެންވާ ދުވަހަކީ ހުކުރު ދުވަހެވެ، ފަހެ އެހެންކަމުން އެދުވަހު ތިމަންކަލޭގެފާނަށް ޞަލަވާތްކިޔެވުން ތިޔަބައިމީހުން ގިނަ ކުރާށެވެ! ފަހެ ހަމަކަށަވަރުންތިޔަބައިމީހުންގެ ޞަލަވާތްތަށް ތިމަންކަލޭގެފާނަށް ހުށަހެޅިގެންދާނެއެވެ.,
سنن أبي داود,1048,يَوْمُ الجُمُعة ثِنْتَا عَشْرَةَ سَاعَةً ، لَا يُوجَدُ فِيهَا عَبْدٌ مُسْلِمٌ يَسْأَلُ اللهَ شَيْئاً إِلَّا آتَاهُ إِيَّاهُ ، فَالْتَمِسُوهَا آخِرَ سَاعَةٍ بَعْدَ العَصْر,ހުކުރު ދުވަހުގައި ބާރަ ސާޢަތްވެއެވެ. މުސްލިމު އަޅަކު އެވަގުތުގައި ﷲއަށް ދެންނެވިކަމެއް ނުދެއްވާ ދޫކޮށް ނުލައްވާނެތެވެ. ޢަޞްރުވަގުތުގެ ފަހުން އެންމެ ފަހު ސާޢަތުގައި ތިޔަބައިމީހުން އެވަގުތު ހޯދައިގަންނާށެވެ.,
سنن أبي داود,1052,حَدَّثَنَا مُسَدَّدٌ ، نَا يَحْيَى ، عَنْ مُحَمَّدِ بْنِ عَمْرٍو ، حَدَّثَنِي عَبِيدَةُ بْنُ سُفْيَانَ الْحَضْرَمِيُّ ، عَنْ أَبِي الْجَعْدِ الضَّمْرِيِّ وَكَانَتْ لَهُ صُحْبَةٌ ، أَنَّ رَسُولَ اللهِ صَلَّى اللهُ عَلَيْهِ وَسَلَّمَ قَالَ : مَنْ تَرَكَ ثَلَاثَ جُمَعٍ تَهَاوُنًا بِهَا طَبَعَ اللهُ عَلَى قَلْبِهِ .,އަބުލް ޖަޢުދުލް ޟަމްރީ ރިވާ ކުރެއްވިއެވެ: ރަސޫލު ﷲ ﷺ ޙަދީޘް ކުރެއްވިއެވެ:”ފަރުވާ ކުޑަކޮށްގެން ތިން ހުކުރު އަޅައިފި މީހެއްގެ ހިތުގައި ﷲ ސިއްކަ ޖައްސަވާނެއެވެ.“,قال الألباني في صحيح الترغيب والترهيب 727: حسن صحيح
سنن أبي داود,1052,مَن ترَكَ ثلاثَ جُمَعٍ تهاوُنًا بها، طبَعَ اللهُ على قلبِه.,ފަރުވާކުޑަކަމާއެކު ތިން ހުކުރު އަޅައިފިމީހާ ދަންނައެވެ. ﷲ ތަޢާލާ އޭނާގެ ހިތުގައި ސިއްކަޖައްސަވާ ހުއްޓެވެ.,
سنن أبي داود,1091,"""لَمَّا اسْتَوَى رَسُولُ اللَّهِ صَلَّى اللهُ عَلَيْهِ وَسَلَّمَ يَوْمَ الْجُمُعَةِ، قَالَ: «اجْلِسُوا» ، فَسَمِعَ ذَلِكَ ابْنُ مَسْعُودٍ، فَجَلَسَ عَلَى بَابِ الْمَسْجِدِ، فَرَآهُ رَسُولُ اللَّهِ صَلَّى اللهُ عَلَيْهِ وَسَلَّمَ، فَقَالَ: «تَعَالَ يَا عَبْدَ اللَّهِ بْنَ مَسْعُودٍ»""","""ރަސޫލާ ޞައްލަﷲ ޢަލައިހި ވަސައްލަމަ ހުކުރު ދުވަހު (މިންބަރަށް) އަރަވަޑައިގެންހިނދު އެކަލޭގެފާނު ޙަދީޘްކުރެއްވިއެވެ. ""ތިޔަބައިމީހުން އިށީނދެ ތިބޭށެވެ!""(އެވަގުތު މިސްކިތަށް ވަދެވަޑައިގަންނަމުން އައި) ޢަބްދުﷲ ބުން މަސްޢޫދަށް މިބަސްފުޅު އިވިވަޑައިގަތުމާއިއެކު، އެކަލޭގެފާނު (އެހުންނެވިތަނުގައި) މިސްކިތުގެ ދޮރުމަތީގައި އިށީންދެވަޑައިގަތެވެ. ފަހެ، ރަސޫލާ ޞައްލަﷲ ޢަލައިހި ވަސައްލަމައަށް އެކަލޭގެފާނު ފެނިވަޑައިގެން ޙަދީޘްކުރެއްވިއެވެ. ""އޭ ޢަބްދުﷲ ބުން މަސްޢޫދެވެ.! ކުރިއަށް ވަޑައިގަންނަވާށެވެ.""",
سنن أبي داود,1269,عَنْ أَبِي هُرَيْرَةَ قَالَ : أَوْصَانِي خَلِيلِي صَلَّى اللَّه عَلَيْهِ وَسَلَّمَ بِثَلَاثٍ لَا أَدَعُهُنَّ فِي سَفَرٍ وَلَا حَضَرٍ رَكْعَتَيِ الضُّحَى وَصَوْمِ ثَلاثَةِ أَيَّامٍ مِنَ الشَّهْرِ وَأَنْ لَا أَنَامَ إِلَّا عَلَى وِتْرٍ .,"އަބޫ ހުރައިރާ ރަޟިޔަﷲ ޢަންހުގެ ވިދާޅުވިއެވެ. ""އަހުރެންގެ އެކުވެރިޔާ ޞައްލަﷲ ޢަލައިހި ވަސައްލަމަ، ދުނިޔޭގައި ހުރިހާ ހިނދަކު ތިންކަމެއް ދޫނުކުރުމަށް އަހުރެންނަށް ވަޞިއްޔަތް ކުރެއްވިއެވެ. އަހުރެން ދަތުރެއްގެ މަތީގައިވެސް އަދި ޙާޟިރުވެ ހުންނައިރުވެސް އެކަންކަން ދޫނުކުރާހުށީމެވެ. އެއީ، ޟުޙާ ނަމާދުގެ ދެރަކްޢަތް ކުރުމާއި، ކޮންމެ މަހަކު ތިން ދުވަހު ރޯދަހިފުމާއި، ވިތުރިކޮށްފައި ނޫނީ ނުނިދުމެވެ.""",
سنن أبي داود,1398,عَنْ عَبْدِ اللَّهِ بْنِ عَمْرِو بْنِ الْعَاصِ قَالَ قَالَ رَسُولُ اللَّهِ صَلَّى اللَّهُ عَلَيْهِ وَسَلَّمَ مَنْ قَامَ بِعَشْرِ آيَاتٍ لَمْ يُكْتَبْ مِنْ الْغَافِلِينَ وَمَنْ قَامَ بِمِائَةِ آيَةٍ كُتِبَ مِنْ الْقَانِتِينَ وَمَنْ قَامَ بِأَلْفِ آيَةٍ كُتِبَ مِنْ الْمُقَنْطِرِينَ,"ޢަބްދު ﷲ ބިން ޢަމްރު ބިން އަލްޢާޞް ވިދާޅުވިކަމަށް ރިވާވެގެންވެއެވެ. ރަސޫލު ﷲ ﷺ ޙަދީޘްކުރެއްވިއެވެ: ”ރޭއަޅުކަމުގައި ދިހަ އާޔަތް ކިޔަވައިފި މީހާ، ޣާފިލުވި މީހުންގެ ތެރެއިން ނުލިޔުވޭހުއްޓެވެ. އަދި ރޭއަޅުކަމުގައި ސަތޭކަ އާޔަތް ކިޔަވައިފި މީހާ، ގާނިތުން (އެބަހީ: ކިޔަމަންތެރިކަމާއި އަޅުވެރިކަމުގައި ދެމިތިބޭ މީހުން) ގެ ތެރެއިން ލިޔެވޭހުއްޓެވެ. އަދި ރޭއަޅުކަމުގައި އެއް ހާސް އާޔަތް ކިޔަވައިފި މީހާ، މުގަންޠިރީން (އެބަހީ: ގިންޠާރުގެ މިންވަރަށް ގިނަގުނަ ސަވާބު ހޯދާ މީހުން) ގެ ތެރެއިން ލިޔެވޭހުއްޓެވެ.“
(ނޯޓު: ގިންޠާރަކީ ހަތްދިހަ ހާސް ދީނާރުކަމަށް ބުނެވެއެވެ.)",
سنن أبي داود,1469,لَيْسَ مِنَّا مَنْ لَمْ يَتَغَنَّ بِالْقُرْآنِ,ރިވެތިކޮށް ރާގުގައި ގުރުއާން ނުކިޔަވާ މީހާ ފަހެ އަހުރެމެންގެ ތެރެއިން ނުވެއެވެ.,
سنن أبي داود,1516,"عَنِ ابْنِ عُمَرَ، قَالَ إِنْ كُنَّا لَنَعُدُّ لِرَسُولِ اللَّهِ ﷺ فِي الْمَجْلِسِ الْوَاحِدِ مِائَةَ مَرَّةٍ "" رَبِّ اغْفِرْ لِي وَتُبْ عَلَىَّ إِنَّكَ أَنْتَ التَّوَّابُ الرَّحِيمُ "" .","އިބުނު ޢުމަރު ގެ ކިބައިން ރިވާވެގެންވެއެވެ. ""މަޖިލީހެއްގައި(ބައްދަލުވުމެއްގައި) ނަބިއްޔާ ﷺ ސަތޭކަ ފަހަރު މިފަދައިން ކިޔުއްވަނިކޮށް ތިމަންމެން ގުނީމެވެ. رَبِّ اغْفِرْ لِي وَتُبْ عَلَىَّ إِنَّكَ أَنْتَ التَّوَّابُ الرَّحِيمُ (މާނައީ: އޭ މިއަޅާގެ ރައްބެވެ. މިއަޅާއަށް ފާފަ ފުއްސަވާށިއެވެ. މިއަޅާ ތައުބާލައްވާށިއެވެ. ހަމަކަށަވަރުން ގިނަގިނައިން ތައުބާދެއްވާ އަދި ގިނަގިނައިން ރަޙުމްކުރައްވާ އިލާހެއްކަމުގައި އިބައިލާހުވެގެންވެއެވެ.",
سنن أبي داود,1516,"عَنِ ابْنِ عُمَرَ، قَالَ إِنْ كُنَّا لَنَعُدُّ لِرَسُولِ اللَّهِ ﷺ فِي الْمَجْلِسِ الْوَاحِدِ مِائَةَ مَرَّةٍ "" رَبِّ اغْفِرْ لِي وَتُبْ عَلَىَّ إِنَّكَ أَنْتَ التَّوَّابُ الرَّحِيمُ "" .","އިބުނު ޢުމަރު ގެ ކިބައިން ރިވާވެގެންވެއެވެ. ""މަޖިލީހެއްގައި(ބައްދަލުވުމެއްގައި) ނަބިއްޔާ ﷺ ސަތޭކަ ފަހަރު މިފަދައިން ކިޔުއްވަނިކޮށް ތިމަންމެން ގުނީމެވެ. رَبِّ اغْفِرْ لِي وَتُبْ عَلَىَّ إِنَّكَ أَنْتَ التَّوَّابُ الرَّحِيمُ (މާނައީ: އޭ މިއަޅާގެ ރައްބެވެ. މިއަޅާއަށް ފާފަ ފުއްސަވާށިއެވެ. މިއަޅާ ތައުބާލައްވާށިއެވެ. ހަމަކަށަވަރުން ގިނަގިނައިން ތައުބާދެއްވާ އަދި ގިނަގިނައިން ރަޙުމްކުރައްވާ އިލާހެއްކަމުގައި އިބައިލާހުވެގެންވެއެވެ.)",
سنن أبي داود,1522," أَنَّ رَسُولَ اللَّهِ صلى الله عليه وسلم أَخَذَ بِيَدِهِ وَقَالَ ‏""‏ يَا مُعَاذُ وَاللَّهِ إِنِّي لأُحِبُّكَ وَاللَّهِ إِنِّي لأُحِبُّكَ ‏""‏ ‏.‏ فَقَالَ ‏""‏ أُوصِيكَ يَا مُعَاذُ لاَ تَدَعَنَّ فِي دُبُرِ كُلِّ صَلاَةٍ تَقُولُ اللَّهُمَّ أَعِنِّي عَلَى ذِكْرِكَ وَشُكْرِكَ وَحُسْنِ عِبَادَتِكَ ‏""‏ ‏.‏",އޭ ﷲ އެވެ. އިބަ އިލާހު ހަނދުމަކުރުމަށާއި، އިބަ އިލާހަށް ޝުކުރުވެރިވުމަށާއި، ރިވެތި ގޮތުގައި އަޅުކަންކުރުމަށް، އަޅަމެންނަށް ވާގިވެރިވެ ވޮޑިގަންނަވާށިއެވެ.,
سنن أبي داود,1523,أَمَرَنِي رَسُولُ اللَّهِ صَلَّى اللهُ عَلَيْهِ وَسَلَّمَ أَنْ أَقْرَأَ بِالْمُعَوِّذَاتِ دُبُرَ كُلِّ صَلَاةٍ,ކޮންމެ ނަމާދަކަށް ފަހު އަލްމުޢައްވިޛާތު (ނާސި ސޫރަތް، ފަލަގް ސޫރަތް އަދި އިޚްލާޞް ސޫރަތް) ކިޔުމަށް ﷲ ގެ ރަސޫލާ ތިމަންކަލޭގެފާނަށް އަމުރުކުރެއްވިއެވެ.,
سنن أبي داود,1525,"عَنْ أَسْمَاءَ بِنْتِ عُمَيْسٍ، قَالَتْ قَالَ لِي رَسُولُ اللَّهِ ﷺ "" أَلاَ أُعَلِّمُكِ كَلِمَاتٍ تَقُولِينَهُنَّ عِنْدَ الْكَرْبِ: اللَّهُ اللَّهُ رَبِّي لاَ أُشْرِكُ بِهِ شَيْئًا ""","އަސްމާ ބިން ޢުމައިސްގެ ކިބައިން ރިވާވެގެންވެއެވެ. އެކަމަނާ ވިދާޅުވިއެވެ. ރަސޫލުﷲ ﷺ ތިމަންކަމަނާއަށް ދެންނެވިއެވެ. ""ކަންބޮޑުވާ ވަގުތު(މުޞީބާތުގެ ވަގުތުގައި) ކިޔާނެ ކަލިމަތަކެއް ކަމަނާއަށް ތިމަންކަލޭގެފާނު އުގަންނަވައިދެއްވަން ހެއްޔެވެ؟ (މިފަދައިން ކިޔާށެވެ): اللَّهُ اللَّهُ رَبِّي لاَ أُشْرِكُ بِهِ شَيْئًا : ﷲ، ﷲ އަކީ އަހަރެންގެ ރައްބެވެ. ތިމަންނާ ﷲ އާ އެއްވެސް އެއްޗެއް ޝަރީކުނުކުރާހުށީމެވެ.""",
سنن أبي داود,1537,حَدَّثَنَا مُحَمَّدُ بْنُ الْمُثَنَّى، نَا مُعَاذُ بْنُ هِشَامٍ، حَدَّثَنِي أَبِي، عَنْ قَتَادَةَ، عَنْ أَبِي بُرْدَةَ بْنِ عَبْدِ اللهِ: أَنَّ أَبَاهُ حَدَّثَهُ، أَنَّ النَّبِيَّ ﷺ كَانَ إِذَا خَافَ قَوْمًا قَالَ: اللَّهُمَّ إِنَّا نَجْعَلُكَ فِي نُحُورِهِمْ، وَنَعُوذُ بِكَ مِنْ شُرُورِهِمْ.,ޢަބްދު ﷲ ބިން ގައިސް ރިވާ ކުރެއްވިއެވެ: ބަޔަކު ދެކެ ނަބިއްޔާ ﷺ ބިރުފުޅުގަންނަ ނަމަ، (މިފަދައިން) ޙަދީޘް ކުރައްވައެވެ: ”އޭ ﷲ އެވެ. ހަމަކަށަވަރުން އަޅަމެން (ދިފާއު ކުރުމަށްޓަކައި) އެ މީހުންނާ (އެބަހީ: ދުޝްމަނުންނާ) ދިމާލަށް އިބަ އިލާހު ކުރިމަތި ކުރަމުއެވެ. އަދި އެބައިމީހުންގެ ނުބައި ކަމުން އަޅަމެން ރައްކާތެރި ކޮށްދެއްވުން އެދި އިބަ އިލާހުގެ ހަޒްރަތުގައި ދަންނަވަމެވެ.“,
سنن أبي داود,1537,كان إذا خافَ قَومًا قال: اللَّهمَّ إنَّا نَجعَلُكَ في نُحورِهم، ونَعوذُ بكَ مِن شُرورِهم.,ޢަބްދު ﷲ ބިން ގައިސް ރިވާ ކުރެއްވިއެވެ: ބަޔަކު ދެކެ ނަބިއްޔާ ﷺ ބިރުފުޅުގަންނަ ނަމަ، (މިފަދައިން) ޙަދީޘް ކުރައްވައެވެ: އޭ ﷲ އެވެ. ހަމަކަށަވަރުން އަޅަމެން (ދިފާއު ކުރުމަށްޓަކައި) އެ މީހުންނާ (އެބަހީ: ދުޝްމަނުންނާ) ދިމާލަށް އިބަ އިލާހު ކުރިމަތި ކުރަމުއެވެ. އަދި އެބައިމީހުންގެ ނުބައި ކަމުން އަޅަމެން ރައްކާތެރި ކޮށްދެއްވުން އެދި އިބަ އިލާހުގެ ހަޒްރަތުގައި ދަންނަވަމެވެ.,
سنن أبي داود,1543,"أَنَّ النَّبِيَّ صلى الله عليه وسلم كَانَ يَدْعُو بِهَؤُلاَءِ الْكَلِمَاتِ ‏ ""‏ اللَّهُمَّ إِنِّي أَعُوذُ بِكَ مِنْ فِتْنَةِ النَّارِ وَعَذَابِ النَّارِ وَمِنْ شَرِّ الْغِنَى وَالْفَقْرِ ‏""‏ ‏.‏",އޭ ﷲ އެވެ. ނަރަކައިގެ ފިތުނައިންނާއި، ނަރަކައިގެ އަޒާބުންނާއި، މުއްސަނދިކަމާއި ފަގީރުކަމުގެ ނުބައިކަމުން، މި އަޅާ އިބަ އިލާހުގެ ހަޒްރަތުން ރައްކާތެރިކަން އެދެމެވެ.,
سنن أبي داود,1544,"أَنَّ النَّبِيَّ صلى الله عليه وسلم كَانَ يَقُولُ ‏ ""‏ اللَّهُمَّ إِنِّي أَعُوذُ بِكَ مِنَ الْفَقْرِ وَالْقِلَّةِ وَالذِّلَّةِ وَأَعُوذُ بِكَ مِنْ أَنْ أَظْلِمَ أَوْ أُظْلَمَ ‏""‏",އޭ ﷲ އެވެ. ހަމަކަށަވަރުން ފަގީރުކަމާއި، މަދުކަމާއި، ނިކަމެތިކަމުން މި އަޅާ އިބަ އިލާހުގެ ހަޒްރަތުން ރައްކާތެރިކަން އެދެމެވެ. އަދި އަނިޔާވެރިވުމުންނާއި އަނިޔާވެރިކަން ލިބުމުން މި އަޅާ އިބަ އިލާހުގެ ހަޒްރަތުން ރައްކާތެރިކަން އެދެމެވެ.,
سنن أبي داود,1547,"كَانَ رَسُولُ اللَّهِ صلى الله عليه وسلم يَقُولُ ‏ ""‏ اللَّهُمَّ إِنِّي أَعُوذُ بِكَ مِنَ الْجُوعِ فَإِنَّهُ بِئْسَ الضَّجِيعُ وَأَعُوذُ بِكَ مِنَ الْخِيَانَةِ فَإِنَّهَا بِئْسَتِ الْبِطَانَةُ ‏""‏ ‏.‏",އޭ ﷲ އެވެ. ހަމަކަށަވަރުން ބަނޑުހައިހޫނުކަމުން މި އަޅާ އިބަ އިލާހުގެ ހަޒްރަތުން ރައްކާތެރިކަން އެދެމެވެ. އެހެނީ ހަމަކަށަވަރުން އެއީ އެނދުމަތިކުރުވާ (ކަންކަމުގެ ތެރެއިން) ނުބައިވެގެންވާ ކަމެކެވެ. އަދި ޚިޔާނާތްތެރިވުމުން މި އަޅާ އިބަ އިލާހުގެ ހަޒްރަތުން ރައްކާތެރިކަން އެދެމެވެ. އެހެނީ ހަމަކަށަވަރުން އެއީ ވަންހަނާކުރާ (ކަންކަމުގެ ތެރެއިން) ނުބައިވެގެންވާ ކަމެކެވެ.,
سنن أبي داود,1551,"قَالَ - قُلْتُ يَا رَسُولَ اللَّهِ عَلِّمْنِي دُعَاءً قَالَ ‏ ""‏ قُلِ اللَّهُمَّ إِنِّي أَعُوذُ بِكَ مِنْ شَرِّ سَمْعِي وَمِنْ شَرِّ بَصَرِي وَمِنْ شَرِّ لِسَانِي وَمِنْ شَرِّ قَلْبِي وَمِنْ شَرِّ مَنِيِّي ‏""‏ ‏.‏",އޭ ﷲ އެވެ. މި އަޅާގެ އިވުމުގެ ނުބައިކަމުންނާއި، ފެނުމުގެ ނުބައިކަމުންނާއި، ދުލުގެ ނުބައިކަމުންނާއި، ހިތުގެ ނުބައިކަމުން، މި އަޅާ އިބަ އިލާހުގެ ހަޒްރަތުން ރައްކާތެރިކަން އެދެމެވެ.,
سنن أبي داود,1551,اللَّهُمَّ إِنِّي أَعُوذُ بِكَ مِنْ شَرِّ سَمْعِي، وَمِنْ شَرِّ بَصَرِي، وَمِنْ شَرِّ لِسَانِي، وَمِنْ شَرِّ قَلْبِي، وَمِنْ شَرِّ مَنِيِّي,އޭ الله! އަޑުއެހުމުގެ ނުބައިކަމުންނާއި ބެލުންތެރިކަމުގެ ނުބައިކަމުންނާއި ދުލުގެ ނުބައިކަމުންނާއި ހިތުގެ ނުބައިކަމުންނާއި (އެބަހީ: ހަސަދައާއި ނިފާގް، ދުނިޔޭގެ އެދުންތައް، މިގޮތަށްގޮސް އެންމެހާ ނުބައި ކަންކަމުން)، އަދި މިއަޅާގެ މަނިފޮދުގެ ނުބައިކަމުންނާއި (އެބަހީ: ނުބައި محل އެއްގައި ނުބައި ކަމަކަށް އަރާގަތުމަށް ބޭނުންކުރުމުން) ރައްކާތެރިކޮށްދެއްވުންއެދި އިބަ ﷲގެ ހަޒްރަތުން މިއަޅާ ދަންނަވަމެވެ.,
سنن أبي داود,1552,"أَنَّ رَسُولَ اللَّهِ صلى الله عليه وسلم كَانَ يَدْعُو ‏ ""‏ اللَّهُمَّ إِنِّي أَعُوذُ بِكَ مِنَ الْهَدْمِ وَأَعُوذُ بِكَ مِنَ التَّرَدِّي وَأَعُوذُ بِكَ مِنَ الْغَرَقِ وَالْحَرَقِ وَالْهَرَمِ وَأَعُوذُ بِكَ أَنْ يَتَخَبَّطَنِي الشَّيْطَانُ عِنْدَ الْمَوْتِ وَأَعُوذُ بِكَ أَنْ أَمُوتَ فِي سَبِيلِكَ مُدْبِرًا وَأَعُوذُ بِكَ أَنْ أَمُوتَ لَدِيغًا ‏""‏ ‏.‏",އޭ ﷲ އެވެ. ހަމަކަށަވަރުން މި އަޅާގެ މައްޗަށް ބިނާއެއް ވެއްޓިގެން ދިޔުމުން މި އަޅާ އިބަ އިލާހުގެ ހަޒްރަތުން ރައްކާތެރިކަން އެދެމެވެ. އަދި އުސްތަނަކުން ވެއްޓިގެން ދިޔުމުން އިބަ އިލާހުގެ ހަޒްރަތުން ރައްކާތެރިކަން އެދެމެވެ. އަދި ޣަރަގުވެގެން ދިޔުމާއި، އަނދައިގެން ދިޔުމާއި، މުސްކުޅިވެގެން ދިޔުމުން އިބަ އިލާހުގެ ހަޒްރަތުން ރައްކާތެރިކަން އެދެމެވެ. އަދި މަރުވާ ހިނދު ޝައިތާނާ މި އަޅާގެ މައްޗަށް ވެރިވެގަނެ ފަސާދަކުރުމުން، އިބަ އިލާހުގެ ހަޒްރަތުން ރައްކާތެރިކަން އެދެމެވެ. އަދި އިބަ އިލާހުގެ މަގުގައި ޖިހާދުގައި ފުރަގަސްދީގެން (ހުރެ ފިލަނިކޮށް) މަރުވުމުން، އިބަ އިލާހުގެ ހަޒްރަތުން ރައްކާތެރިކަން އެދެމެވެ. އަދި (އެއްޗެއް ކަށިޖަހައިގެން) ވިހަވެގެން މަރުވުމުން، އިބަ އިލާހުގެ ހަޒްރަތުން ރައްކާތެރިކަން އެދެމެވެ.,
سنن أبي داود,1554,اللَّهُمَّ إِنِّي أَعُوذُ بِكَ مِنَ الْبَرَصِ، وَالْجُنُونِ، وَالْجُذَامِ، وَمِنْ سَيِّئِ الأَسْقَامِ,އޭ الله! ބަރަޞްބަލިންނާއި، ބުއްދިފިލާދިއުމުންނާއި، ޖުޒާމްބަލިންނާއި، އަދި ގެއްލުންދެނިވި އެންމެހާ ބަލިތަކުން ރައްކާތެރިކޮށްދެއްވުންއެދި އިބަ ﷲގެ ހަޒްރަތުން މިއަޅާ ދަންނަވަމެވެ.,
سنن أبي داود,1554,اللَّهمَّ إنِّي أعوذُ بِكَ منَ البرصِ والجنونِ والجذامِ ومن سيِّئِ الأسقامِ,""" ޔާ ﷲ ! ބަރަޞް ބަލިންނާއި، ބުއްދިފިލައި ދިއުމުންނާއި، ޖުޒާމު ބަލިންނާއި، ނުބައިވެގެންވީ ބަލިތަކުން، އިބަރަސްކަލާނގެ ހަޒްރަތުން މިއަޅާ ރައްކާތެރިކަމަށް އެދެމެވެ.",
سنن أبي داود,1573,"""لَيْسَ فِي مَالٍ زَكَاةٌ حَتَّى يَحُولَ عَلَيْهِ الْحَوْلُ""","""މުދަލަށްއަހަރު ފުރިހަމަ ވެއްޖައުމަށްދާންދެން މުދަލުން ޒަކާތް ވާޖިބުވެގެންނުވެއެވެ""",
سنن أبي داود,1632,لَعَنَ رَسُولُ اللَّهِ صَلَّى اللَّهُ عَلَيْهِ وَسَلَّمَ الرَّجُلَ يَلْبَسُ لِبْسَةَ الْمَرْأَةِ وَالْمَرْأَةَ تَلْبَسُ لِبْسَةَ الرَّجُلِ,ފިރިހެނުންގެ ތެރެއިން އަންހެން ހެދުން އަޅާމީހުންނަށާއި އަދި އަންހެނުންގެ ތެރެއިން ފިރިހެން ހެދުން އަޅާމީހުންނަށް ރަސޫލާ ﷺ ލަޢުނަތް ލެއްވި އެވެ.,
سنن أبي داود,1634,لَا تَحِلُّ الصَّدَقَةُ لِغَنِيٍّ، وَلَا لِذِي مِرَّةٍ سَوِيٍّ»,"""މުއްސަންޖަކަށް އަދި މަސައްކަތްކުރެވޭފަދަ ކުޅަދާނަކަމާއި ބާރުހުރިމީހަކަށް ޒަކާތް ހުއްދަ ވެގެންނުވެއެވެ.""",
سنن أبي داود,1672,ومن صنع إليكم معروفًا فكافئوه فإن لم تجدوا ما تكافئونه فادعوا له حتى تروا أنكم قد كافأتموهُ,"""އަދި ތިޔަބައިމީހުންނަށް ހެޔޮކަމެއްކޮށްދީފި މީހަކަށް އޭގެ ބަދަލުދޭށެވެ. ފަހެ އޭގެ ބަދަލުދޭނެ އެއްޗެއް ތިޔަބައިމީހުންނަށް ނުލިބުނުނަމަ ދަންނައެވެ. އޭނާއަށް ބަދަލުދެވުނުކަމަށް ގަބޫލުކުރެވެންދެން އޭނާއަށްޓަކައި ދުއާކޮށްދޭށެވެ.""",
سنن أبي داود,1682,أَيُّمَا مُسْلِمٍ كسا مسلمًا ثوبًا على عُري كساه اللهُ مِنْ خَضِرِ الْجَنَّةِ وأيُّما مسلمٍ أطعمَ مسلمًا على جوعٍ أطعمَه اللهُ من ثِمارِ الجنَّةِ وأيُّما مسلمٍ سقى مسلمًا على ظمَأٍ سقاه اللهُ من الرحيقِ المختومِ,""" ޢަވްރަ ނިވާކުރެވޭނޭފަދައެއްނެތް މުސްލިމާގެ ޢަވްރަނިވާ ކުރުމަށް ހެދުން އަޅުވައިދީފި ކޮންމެ މުސްލިމެއްގެ ގައިގާ ގިޔާމަތްދުވަހުން ސުވަރުގޭގެ ފެހިފޭރާމުން ކީރިތި ﷲ އޭނާގައި ފޭރާންލައްވައި ދެއްވާނެއެވެ. ބަނޑުހައި ހޫނުގައިވާ މުސްލިމަކަށް ކާންދީފި ކޮންމެ މުސްލިމަކަށް ސުވަރުގޭގެ މޭވާއިން ކީރިތި ﷲ އޭނާއަށް ކާންދެއްވާނެތެވެ. ފެންބޮވައިގެންފައިވާ މުސްލިމަކަށް ބޯންދީފި ކޮންމެ މުސްލިމަކަށް الرَّحِيْقُ الْمَخْتُوم އިން ކީރިތިﷲ އޭނާއަށް ބޯންދެއްވާނެއެވެ.""",
سنن أبي داود,1984,لَيْسَ عَلَى النِّسَاءِ حَلْقٌ، وإنما يُقَصِّرْنَ,ބޯބޭލުމަކީ އަންހެންކަނބަލުންގެ މައްޗަށް އޮތްކަަމެއް ނޫނެވެ. އެކަނބަލުންނަށްވަނީ އިސްތަށިކޮށުމެވެ,
سنن أبي داود,2164,عنِ ابنِ عبَّاسٍ قالَ : إنَّ ابنَ عمرَ واللَّهُ يغفرُ لَه أوْهمَ إنَّما كانَ هذا الحيُّ منَ الأنصارِ وَهُم أهلُ وثَنٍ معَ هذا الحيِّ مِن يَهودَ وَهُم أهلُ كتابٍ وَكانوا يرَونَ لَهم فضلًا علَيهِم في العلمِ فَكانوا يقتَدونَ بكثيرٍ مِن فِعلِهم وَكانَ مِن أمرِ أهلِ الكتابِ أن لا يأتوا النِّساءَ إلَّا علَى حَرفٍ وذلِكَ أستَرُ ما تَكونُ المرأةُ فكانَ هذا الحيُّ منَ الأنصارِ قد أخَذوا بذلِكَ مِن فِعلِهم وَكانَ هذا الحيُّ مِن قُرَيشٍ يشرَحونَ النِّساءَ شَرحًا مُنكرًا ويتلذَّذونَ مِنهنَّ مُقبِلاتٍ ومُدبراتٍ ومُستَلقياتٍ فلمَّا قدِمَ المُهاجرونَ المدينةَ تزَوَّجَ رجلٌ مِنهُم امرأةً منَ الأنصارِ فذهبَ يصنعُ بِها ذلِكَ فأنكرَتْهُ علَيهِ وقالت إنَّما كنَّا نُؤتَى علَى حرفٍ فاصنَعْ ذلِكَ وإلَّا فاجتنِبني حتَّى شَرِيَ أمرُهُما فبلغَ ذلِكَ رسولَ اللَّهِ صلَّى اللهُ علَيهِ وسلَّمَ فأنزلَ اللَّهُ عزَّ وجلَّ ( نِسَاؤُكُمْ حَرْثٌ لَكُمْ فَأْتُوا حَرْثَكُمْ أنَّى شِئْتُمْ ) أي مُقبِلاتٍ ومُدبِراتٍ ومُستَلقِياتٍ يعني بذلِكَ مَوضعَ الولَدِ,އެމީހުންނަކީ ބުދަށް އަޅުކަންކުރުމުގެ އަހުލުވެރިންކަމުގައި ވާހާލު އަންޞާރުންގެ މި އަވަށަކީ ފޮތުގެ އަހުލުވެރިންގެ ތެރެއިން ޔަހޫދީންތަކެއްވެސް އުޅުނު އަވަށެއްކަމުގައި ވިއެވެ. ވުމާއެކު ޢިލްމީގޮތުން އެޔަހޫދީންގެ މާތްކަން އެއަވަށުގެ އަންޞާރުންގެ މައްޗަށް އޮތްކަމަށް އެބައިމީހުން ދެކެއެވެ. އެހެންވެ އެޔަހޫދީންގެ ގިނަ އަމަލުތައް ނަކަލުކުރާ ބައެއްކަމުގައި މިބައިމީހުން ވިއެވެ. ފޮތުގެ އަހުލުވެރިންގެ މިފަދަ އަމަލުތަކުގެ ތެރޭގައި އެމީހުންނަކީ އަންހެނުން އުޑުތިލަމަތިން އޮށޯވެއޮވެގެން ނުވަތަ އަރިޔަކަށް ބާއްވައިގެން ނޫންގޮތަކަށް ޖިމާޢުވެ އުޅޭބައެއްނޫނެވެ. އެގޮތަކީ އަންހެނާ މާ ނިވާކަންބޮޑު ގޮތެއްކަމުގައި އެމީހުން ދެކޭތީއެވެ. ދެން މިއަވަށުގެ އަންޞާރުން މިކަންމިގޮތަށް ކުރުމުގެ އާދަ އެޔަހޫދީންގެ އަމަލުތަކަށް ބަލައިގެން ހިފައި އުޅުނެވެ. އެހެންނަމަވެސް ގުރައިޝުވަންހައިގެ އަވަށެއްގައި އުޅުނުބަޔަކު، އެބައިމީހުންގެ އަންހެނުންނާއި ޖިމާޢުވާއިރު އެ އަންހެނުން (އަންޞާރުން ދެކޭގޮތުގައި) ގޯސްގޮތަކަށް (އެއްކޮށް) ކަޝްފުކުރެއެވެ. އެމީހުންނަކީ އަންހެނުންގެ ކުރިމަތިންނާއި ފުރަގަހުން އަދި އުޑުތިލަމަތިން ބާއްވައިގެން އަރާމުހޯދައި އުޅުނު ބައެކެވެ. މުހާޖިރުން މަދީނާއަށް ވަޑައިގަތްހިނދު، އޭގެތެރެއިން ބޭކަލަކު އަންޞާރުންގެ ބޭކަނބަލަކާ ކައިވެނި ކުރެއްވިއެވެ. އަދި އެބޭކަލަކު ކުރިން ދެންނެވި ބާވަތުގެ އަމަލުތައް އަނބިމީހާއާއިއެކު ކުރަންއުޅުމުން އެކަމަށް އިންކާރުކޮށް އެބޭކަލަކަށް ނަންގަތެވެ. ތިމަންމެން ޖިމާޢުވެއުޅޭ ގޮތްކަމުގައި ވާކަން ކަށަވަރީ އަރިއަށް އޮވެގެންކަން ކަށަވަރެވެ. ވުމާއެކު ކަލޭގެފާނުވެސް އެގޮތަށް ކަންތައް ކުރައްވާށެވެ. ނޫންނަމަ އަޅުގަނޑާއި ދުރުވެލައްވާށެވެ. މިކަން ބޮޑުވެގެން ރަސޫލާ صلى الله عليه و سلم އަރިހަށް މިޚަބަރު ގޮސްފިއެވެ. ދެން ﷲ ސުބުޙާނަހޫ ވަތަޢާލާ މިއާޔަތް ބާވައިލައްވައިފިއެވެ. ” ތިޔަބައިމީހުންގެ އަނބިންނީ، ތިޔަބައިމީހުންނަށްވާ ދަނޑުބިމެކެވެ. ފަހެ ތިޔަބައިމީހުން ބޭނުންފަދައަކުން ތިޔަބައިމީހުންގެ ދަނޑުބިމަށް އަންނާށެވެ! (އެބަހީ: ނަސްލު އުފެދުމުގެ މަގު ޚިޔާރުކުރާށެވެ.) “ (އެބަހީ: ކުރިމަތިންނާއި ފުރަގަހުންނާއި އުޑުތިލަމަތިން ބާއްވައިގެން ޖިމާޢުވެ އުޅެންވީވާހަކައެވެ. އެހެނީ ދަރިން ލިބޭތަނަށް ޖިމާޢުވުމެވެ.)”,
سنن أبي داود,2171,نَّ رجلًا قا:ل يا رسول اللهِ، إن لي جاريةً، وأنا أعزل عنها، وأنا أكره أن تحمِلَ، وأنا أريد ما يريد الرِّجالَ، وإن اليهودَ تُحَدِّثُ أنَّ العَزلَ موءودةُ الصُّغرى، قال: كَذَبَت يهودُ، لو أراد اللهُ أن يخلُقَه ما استطَعْتَ أن تَصرِفَه,ރަސޫލުﷲ -ﷺ- ގެ އަރިހަށް މީހަކު އައިސް ދެންނެވިއެވެ. ހަމަކަށަވަރުން ތިމަންނައަށް އަޅުއަންހެނަކު ލިބިގެންވެއެވެ. އަދި ތިމަން އޭނާއާ އެކީ ޢަޒަލުކުރީމެވެ. އަދި އެކަމުން ތިމަން ބޭނުންވަނީ އެހެން މީހުންވެސް އެދޭކަމެވެ. އަދި ހަމަކަށަވަރުން ޔަހޫދީން ދަޢުވާކުރާކަމުގައި ވެއެވެ. (އެބައިމީހުން ބުނެއެވެ.) ހަމަކަށަވަރުން ޢަޒަލުކުރުމަކީ ދަރިން ދިރިތިއްބާ ވަޅުލުމުގެ ކުޑަވައްތަރެވެ. ފަހެ ރަސޫލުﷲ -ﷺ- ޙަދީޘްކުރެއްވިއެވެ. ޔަހޫދީން ދޮގުހަދައިފިއެވެ. ޔަހޫދީން ދޮގުހަދައިފިއެވެ. ﷲ ތަޢާލާ ދަރިއަކު ޚަލްގުކުރެއްވުމަށް އިރާދަކުރައްވައިފިނަމަ ކަލޭގެފާނަށް އެކަން ހުއްޓުވުމުގެ ކުޅަދާނަކަމެއްނެތެވެ.,
سنن أبي داود,2201,حَدَّثَنَا مُحَمَّدُ بْنُ كَثِيرٍ، أَنَا سُفْيَانُ، حَدَّثَنِي يَحْيَى بْنُ سَعِيدٍ، عَنْ مُحَمَّدِ بْنِ إِبْرَاهِيمَ التَّيْمِيِّ، عَنْ عَلْقَمَةَ بْنِ وَقَّاصٍ اللَّيْثِيِّ قَالَ: سَمِعْتُ عُمَرَ بْنَ الْخَطَّابِ يَقُولُ: قَالَ رَسُولُ اللهِ ﷺ: إِنَّمَا الْأَعْمَالُ بِالنِّيَّةِ، وَإِنَّمَا لِامْرِئٍ مَا نَوَى فَمَنْ كَانَتْ هِجْرَتُهُ إِلَى اللهِ وَرَسُولِهِ فَهِجْرَتُهُ إِلَى اللهِ وَرَسُولِهِ، وَمَنْ كَانَتْ هِجْرَتُهُ لِدُنْيَا يُصِيبُهَا، أَوِ امْرَأَةٍ يَتَزَوَّجُهَا فَهِجْرَتُهُ إِلَى مَا هَاجَرَ إِلَيْهِ.,ޢުމަރު ބިން އަލްޚައްޠާބު ރިވާ ކުރެއްވިއެވެ: ރަސޫލު ﷲ ﷺ ޙަދީޘް ކުރެއްވިއެވެ: ”ނިޔަތުގެ މައްޗަށް މެނުވީ އަމަލުތައް ބިނާ ވެގެނެއް ނުވެއެވެ. އަދި މީހަކަށް ވަނީ، ހަމައެކަނި އެ މީހަކު ނިޔަތް ގަތް ކަމެކެވެ. ވީމާ، މީހަކު ހިޖުރަ ކުރީ ﷲ އާއި އެ އިލާހުގެ ރަސޫލާއަށްޓަކައި ނަމަ، ފަހެ އޭނާގެ ހިޖުރަ ވަނީ ﷲ އާއި އެ އިލާހުގެ ރަސޫލާއަށެވެ. އަދި މީހަކު ހިޖުރަ ކުރީ ދުނިޔެ ހޯދުމަށް ނުވަތަ އަންހެނަކާ އިނުމަށް ކަމުގައި ވަނީ ނަމަ، ފަހެ އެ މީހެއްގެ ހިޖުރަ ވަނީ، އޭނާ އެ ހިޖުރަ ކުރި ކަމަކަށެވެ.“,b1
سنن أبي داود,2357,"حَدَّثَنَا عَبْدُ اللَّهِ بْنُ مُحَمَّدِ بْنِ يَحْيَى أَبُو مُحَمَّدٍ، حَدَّثَنَا عَلِيُّ بْنُ الْحَسَنِ، أَخْبَرَنِي الْحُسَيْنُ بْنُ وَاقِدٍ، حَدَّثَنَا مَرْوَانُ، - يَعْنِي ابْنَ سَالِمٍ - الْمُقَفَّعُ - قَالَ رَأَيْتُ ابْنَ عُمَرَ يَقْبِضُ عَلَى لِحْيَتِهِ فَيَقْطَعُ مَا زَادَ عَلَى الْكَفِّ وَقَالَ كَانَ رَسُولُ اللَّهِ صلى الله عليه وسلم إِذَا أَفْطَرَ قَالَ "" ذَهَبَ الظَّمَأُ وَابْتَلَّتِ الْعُرُوقُ وَثَبَتَ الأَجْرُ إِنْ شَاءَ اللَّهُ """,އިބްނު ސާލިމް އަލްމުޤައްފަޢު ވިދާޅުވިއެވެ: އިބްނު ޢުމަރު، އެކަލޭގެފާނުގެ ތުނބުޅީގައި އަތުން ހިފައި، އަތްމުށުން އިތުރުވި ބައި ކޮށަނިކޮށް ތިމަން ދުށީމެވެ. އަދި އެކަލޭގެފާނު ވިދާޅުވިއެވެ: ރަސޫލު ﷲ ﷺ ރޯދަ ވީއްލާ ހިނދު ވިދާޅުވެއެވެ: ”ކަރުހިއްކުން ފިލައިފިއެވެ. އަދި ނާރުތައް ތެމިއްޖެއެވެ. އަދި އަޖުރު ސާބިތުވެއްޖެއެވެ. އިން ޝާއަ ﷲ.“,
سنن أبي داود,2370,حَدَّثَنَا أَحْمَدُ بْنُ حَنْبَلٍ ، نَا مُحَمَّدُ بْنُ بَكْرٍ ، وَعَبْدُ الرَّزَّاقِ . ( ح ) وَنَا عُثْمَانُ بْنُ أَبِي شَيْبَةَ ، نَا إِسْمَاعِيلُ يَعْنِي ابْنَ إِبْرَاهِيمَ ، عَنِ ابْنِ جُرَيْجٍ أَخْبَرَنِي مَكْحُولٌ أَنَّ شَيْخًا مِنَ الْحَيِّ قَالَ : عُثْمَانُ فِي حَدِيثِهِ مُصَدَّقٌ أَخْبَرَهُ أَنَّ ثَوْبَانَ مَوْلَى النَّبِيِّ صَلَّى اللهُ عَلَيْهِ وَسَلَّمَ أَخْبَرَهُ أَنَّ نَبِيَّ اللهِ صَلَّى اللهُ عَلَيْهِ وَسَلَّمَ قَالَ : أَفْطَرَ الْحَاجِمُ وَالْمَحْجُومُ .,شَدَّادُ بن أَوْسُގެ އަރިހުން އަބޫދާވޫދު ނެރުއްވާފައިވެއެވެ. رَسُولُ اللهِحَدِيث ކުރެއވިއެވެ. أفْطَرَ الْحَاجِمُ وَالْمَحْجُوْمُ މާނައަކީ، ކަވާޖަހާ މީހާއާއި ކަވާޖަހައިދެވުނު މީހާގެ ރޯދަގެއްލިއްޖެއެވެ. މިއެވެ. ابن عَبَّاسގެފާނުގެ އަރުހުން الإِمَام مُسْلِم ނެރުއްވާފައިވާ حَدِيثއަކުން ސާބިތުވަނީ މިއީ مَنْسُوخُ حُكمއެއްކަމެވެ. މިދެންނެވި حَدِيثއަކީ: أَنَّ النَّبِيَّإِحْتَجَمَ وَهُوَ مُحْرِمٌ صَائِمٌ މިحَدِيثގެ މާނައަކީ، ابن عَبَّاسވިދާޅުވިއެވެ. ހަމަކާށަވަރުން ސަލާމާއި ޞަލަވާތްލެއްވި ނަބީކަލޭގެފާނު އިޙުރާމުގައި ރޯދަފުޅަށް ހުންނަވައިގެން ކަވާޖެއްސެވިއެވެ. މިދެحَدِيثގެ ތާރީޚަށް ބަލާއިރު އެނގެނީ شَدَّادُ بن أَوْسُގެ حَدِيثއަކީ މައްކާ فَتَحَކުރެއްވިދުވަސްވަރުގެ حَدِيثއެއްކަމެވެ. ابن عَبَّاسގެފާނުގެ حَدِيثއަކީ حَجَّةُ الوَدَاعُގެ ދުވަސްވަރުގެ حَدِيثއެކެވެ. ވުމާއެކު މިދެތާރީޚު އެނގުމުން ދަލީލު ލިބެނީ ފަހުގެ حَدِيثُން ކުރީގެ حَدِيثގެ حُكْم مَنْسُوخُ ވެއްޖެކަމެވެ. ވީމާ، މިމައްސަލާގެ حُكمއަކީ ރޯދަވެރިޔާ ކަވާޖެހުމުން ރޯދަނުގެއްލުމެވެ.,
سنن أبي داود,2380,"حَدَّثَنَا مُسَدَّدٌ، حَدَّثَنَا عِيسَى بْنُ يُونُسَ، حَدَّثَنَا هِشَامُ بْنُ حَسَّانَ، عَنْ مُحَمَّدِ بْنِ سِيرِينَ، عَنْ أَبِي هُرَيْرَةَ، قَالَ قَالَ رَسُولُ اللَّهِ صلى الله عليه وسلم "" مَنْ ذَرَعَهُ قَىْءٌ وَهُوَ صَائِمٌ فَلَيْسَ عَلَيْهِ قَضَاءٌ وَإِنِ اسْتَقَاءَ فَلْيَقْضِ "" . قَالَ أَبُو دَاوُدَ رَوَاهُ أَيْضًا حَفْصُ بْنُ غِيَاثٍ عَنْ هِشَامٍ مِثْلَهُ .",ރަސޫލު ﷲ ﷺ ޙަދީޘް ކުރެއްވިއެވެ: ”މީހަކު ރޯދައަށް ހުރެ (ގަސްދެއް ނެތި) ހޮޑުލުން އޭނާގެ މައްޗަށް ވެރިވެގަނެއްޖެ ނަމަ، ފަހެ އޭނާގެ މައްޗަށް ގަޟާކުރުމެއް ނުވެއެވެ. އަދި މީހަކު އަމިއްލައަށް ގަސްދުގައި ހޮޑުލައިފި ނަމަ، ފަހެ އޭނާގެ މައްޗަށް ގަޟާކުރުން ހުއްޓެވެ.“,
سنن أبي داود,2419,حَدَّثَنَا الْحَسَنُ بْنُ عَلِيٍّ، نَا، وَهْبٌ، نَا مُوسَى بْنُ عُلَيٍّ. (ح) وَنَا عُثْمَانُ بْنُ أَبِي شَيْبَةَ، نَا، وَكِيعٌ، عَنْ مُوسَى بْنِ عُلَيٍّ، وَالْإِخْبَارُ فِي حَدِيثِ وَهْبٍ قَالَ: سَمِعْتُ أَبِي أَنَّهُ سَمِعَ عُقْبَةَ بْنَ عَامِرٍ قَالَ: قَالَ رَسُولُ اللهِ ﷺ: يَوْمُ عَرَفَةَ، وَيَوْمُ النَّحْرِ، وَأَيَّامُ التَّشْرِيقِ عِيدُنَا أَهْلَ الْإِسْلَامِ، وَهِيَ أَيَّامُ أَكْلٍ وَشُرْبٍ.,ޢުގްބާ ބިން ޢާމިރު ރިވާ ކުރެއްވިއެވެ: ރަސޫލު ﷲ ﷺ ޙަދީޘް ކުރެއްވިއެވެ: ”އަރަފާތް ދުވަހާއި، ނަޙްރު (އެބަހީ: އުޟްޙިޔާ ކަތިލާ) ދުވަހާއި، އައްޔާމުއް ތަޝްރީގުގެ ތިން ދުވަހަކީ އަހަރެމެން އިސްލާމުންގެ އީދެވެ. އަދި އެއީ ކެއުމާއި ބުއިމުގެ ދުވަސްތަކެކެވެ.“,
سنن أبي داود,2422,أنَّ النَّبيَّ صلَّى اللهُ عليه وسلَّم دخل عليها يومَ الجُمُعةِ وهي صائمةٌ، فقال: أصُمْتِ أمسِ؟ قالت: لا، قال: تريدين أن تصومي غدًا؟ قالت: لا، قال: فأفْطِري,ހަމަކަށަވަރުން އެކަމަނާ ރޯދައަށް ހުންނަވަނިކޮށް ހުކުރުދުވަހު އެކަމަނާގެ އަރިހަށް ނަބިއްޔާ ﷺ ވަޑައިގަތެވެ. ފަހެ އެކަލޭގެފާނު ޙަދީޘްކުރެއްވިއެވެ: އިއްޔެ ކަމަނާ ރޯދަ ހިއްޕެވިންތޯއެވެ؟ އެކަމަނާ ދެންނެވިއެވެ: ނޫނެކެވެ. އެކަލޭގެފާނު ޙަދީޘްކުރެއްވިއެވެ: މާދަމާ ރޯދައަށް ހުންނަވަން ކަމަނާ ގަޞްތުކުރައްވަންތޯއެވެ؟ އެކަމަނާ ދެންނެވިއެވެ: ނޫނެކެވެ. އެކަލޭގެފާނު ޙަދީޘްކުރެއްވިއެވެ: އެހެންކަމުގައި ވަނީނަމަ ރޯދަ ދޫކޮށްލައްވާށެވެ!,
سنن أبي داود,2422,أنَّ النَّبيَّ صلَّى اللهُ عليه وسلَّم دخل عليها يومَ الجُمُعةِ وهي صائمةٌ، فقال: أصُمْتِ أمسِ؟ قالت: لا، قال: تريدين أن تصومي غدًا؟ قالت: لا، قال: فأفْطِري,އެކަމަނާ ހުކުރުދުވަހަކު ރޯދައަށް ހުންނަވަނިކޮށް އެކަމަނާގެ އަރިހަށް ނަބިއްޔާ ﷺ ވެދެވަޑައިގަތެވެ. ފަހެ ޙަދީޘްކުރެއްވިއެވެ. ކަމަނާ އިއްޔެ ރޯދައަށް ހުންނެވިން ހެއްޔެވެ؟ އެކަމަނާ ވިދާޅުވިއެވެ. ނޫނެކެވެ. އެކަލޭގެފާނު ޙަދީޘްކުރެއްވިއެވެ. މާދަމާ ރޯދައަށް ހުރުމަށް ކަމަނާ ބޭނުންވެވަޑައިގަންނަވަންތޯއެވެ؟ އެކަމަނާ ވިދާޅުވިއެވެ. ނޫނެކެވެ. އެކަލޭގެފާނު ޙަދީޘްކުރެއްވިއެވެ. ފަހެ ކަމަނާ ރޯދަ ދޫކޮށްލައްވާށެވެ.,
سنن أبي داود,2437,حَدَّثَنَا مُسَدَّدٌ، نَا أَبُو عَوَانَةَ، عَنِ الْحُرِّ بْنِ الصَّبَّاحِ، عَنْ هُنَيْدَةَ بْنِ خَالِدٍ، عَنِ امْرَأَتِهِ، عَنْ بَعْضِ أَزْوَاجِ النَّبِيِّ عَلَيْهِ السَّلَامُ قَالَتْ: كَانَ رَسُولُ اللهِ ﷺ يَصُومُ تِسْعَ ذِي الْحِجَّةِ، وَيَوْمَ عَاشُورَاءَ، وَثَلَاثَةَ أَيَّامٍ مِنْ كُلِّ شَهْرٍ أَوَّلَ اثْنَيْنِ مِنَ الشَّهْرِ وَالْخَمِيسَ.,ނަބިއްޔާ ޢަލައިހިއްސަލާމްގެ ބައެއް އަނބިކަނބަލުން ވިދާޅުވިކަމަށް ރިވާވެގެންވެއެވެ: ރަސޫލު ﷲ ﷺ ހައްޖު މަހުގެ (ފުރަތަމަ) ނުވަ ދުވަހާއި، ޢާޝޫރާ ދުވަހާއި، އަދި ކޮންމެ މަހެއްގެ ތިން ދުވަހު؛ މަހުގެ އެންމެ ފުރަތަމަ ހޯމައާއި (ޖެހިގެން އަންނަ ދެ) ބުރާސްފަތީގައި ރޯދަ ހިއްޕަވައެވެ.,
سنن أبي داود,2438,"عَنِ ابْنِ عَبَّاسٍ قَالَ : قَالَ رَسُولُ اللَّهِ صَلَّى اللَّهُ عَلَيْهِ وَسَلَّمَ : "" مَا مِنْ أَيَّامٍ الْعَمَلُ الصَّالِحُ فِيهَا أَحَبُّ إِلَى اللَّهِ مِنْ هَذِهِ الْأَيَّامِ "". يَعْنِي أَيَّامَ الْعَشْرِ، قَالُوا : يَا رَسُولَ اللَّهِ، وَلَا الْجِهَادُ فِي سَبِيلِ اللَّهِ ؟ قَالَ : "" وَلَا الْجِهَادُ فِي سَبِيلِ اللَّهِ، إِلَّا رَجُلٌ خَرَجَ بِنَفْسِهِ وَمَالِهِ فَلَمْ يَرْجِعْ مِنْ ذَلِكَ بِشَيْءٍ "".",އިބްނު ޢައްބާސްގެ އަރިހުން ރިވާވެގެންވެއެވެ: ރަސޫލު ﷲ ﷺ ޙަދީޘް ކުރެއްވިއެވެ: ”މި ދުވަސްތަކަށް ވުރެ، ﷲ ގެ ހަޒްރަތުގައި ސާލިހު އަމަލު ކުރުމަށް ލޮބުވެތިކަން ބޮޑުވެގެންވާ އެހެން ދުވަސްތަކެއް ނުވެއެވެ.“ އެބަހީ: (ހައްޖު މަހުގެ ފުރަތަމަ) ދިހަ ދުވަހެވެ. މީސްތަކުން ދެންނެވިއެވެ: އޭ ﷲ ގެ ރަސޫލާއެވެ. އަދި ﷲ ގެ މަގުގައި ޖިހާދު ކުރުމަށްވުރެ ވެސްތޯއެވެ؟ އެކަލޭގެފާނު ޙަދީޘް ކުރެއްވިއެވެ: ”އަދި ﷲ ގެ މަގުގައި ޖިހާދު ކުރުމަށްވުރެ ވެސްމެއެވެ. އެއީ އެ މީހެއްގެ ނަފްސާއި މުދަލާއެކު (ޖިހާދަށް) ނުކުމެ، އެއިން އެއްވެސް އެއްޗަކާއެކު އެނބުރިނައި މީހާ ފިޔަވައެވެ.“,
سنن أبي داود,2479,لا تنقطِعُ الهجرةُ حتَّى تنقَطعَ التَّوبةُ، ولا تنقطِعُ التَّوبةُ حتَّى تطلِعَ الشَّمسُ مِن مغربِها,”ތައުބާ (ވުމުގެ ދޮރު) ބަނދުވުމަށް ދާންދެން، ހިޖްރަ ކުރުން މެދުނުކެނޑި (ދެމި އޮންނާނެއެވެ.) އަދި އިރު އޭގެ ހުޅަނގު ފަރާތުން އެރުމަށް ދާންދެން، ތައުބާ (ވުމުގެ ދޮރު) ބަނދުވެގެނެއް ނުދާނެއެވެ.“,
سنن أبي داود,2486,"عَنْ أَبِي أُمَامَةَ، أَنَّ رَجُلاً، قَالَ يَا رَسُولَ اللَّهِ ائْذَنْ لِي فِي السِّيَاحَةِ . قَالَ النَّبِيُّ ﷺ "" إِنَّ سِيَاحَةَ أُمَّتِي الْجِهَادُ فِي سَبِيلِ اللَّهِ تَعَالَى ""","އަބޫ އުމާމާ ގެ ކިބައިން ރިވާވެގެންވެއެވެ. ހަމަކަށަވަރުން މީހަކު ދެންނެވިއެވެ. އޭ ރަސޫލުﷲއެވެ. ތިމަންކަލޭގެފާނަށް ދަތުރުދިޔުމަށް(ފަތުރުވެރިކަމަށް) ހުއްދަދެއްވާށެވެ. ނަބިއްޔާ ﷺ ޙަދީޘްކުރެއްވިއެވެ. ""ތިމަންކަލޭގެފާނުގެ އުއްމަތުގެ ފަތުރުވެރިކަމަކީ ﷲތަޢާލާގެ މަގުގައި ޖިހާދުކުރުމެވެ.""",
سنن أبي داود,2500,"عَنْ فَضَالَةَ بْنِ عُبَيْدٍ، أَنَّ رَسُولَ اللَّهِ ﷺ قَالَ : "" كُلُّ الْمَيِّتِ يُخْتَمُ عَلَى عَمَلِهِ، إِلاَّ الْمُرَابِطَ فَإِنَّهُ يَنْمُو لَهُ عَمَلُهُ إِلَى يَوْمِ الْقِيَامَةِ وَيُؤَمَّنُ مِنْ فَتَّانِ الْقَبْر","ފަޟާލާ ބިން ޢުބައިދުގެ ކިބައިން ރިވާވެގެންވެއެވެ. ހަމަކަށަވަރުން ރަސޫލުﷲ ﷺ ޙަދީޘްކުރެއްވިއެވެ. ""ކޮންމެ މައްޔިތެއްވެސް އެމީހެއްގެ އަމަލުތައް (އެހިސާބުން) ހުއްޓުނީއެވެ. އެއީ (ﷲގެ މަގުގައި ހަނގުރާމަކުރުމުގެ މައިދާނުގައި ހުރި) މުޖާހިދު ފިޔަވައެވެ. ފަހެ އޭނާގެ މައްޗަށް ގިޔާމަތް ދުވަސް އަތުވެއްޖައުމަށް ދާންދެން އަމަލުތައް ގިނަވޭވޭ ހުންނަ ހުއްޓެވެ. އަދި ކައްވަޅުގެ ޢަޒާބުން އޭނާގެ މައްޗަށް ވަނީ އަމާންވެގެންނެވެ.""",
سنن أبي داود,2504,"عَنْ أَنَسٍ، أَنَّ النَّبِيَّ ﷺ قَالَ : "" جَاهِدُوا الْمُشْرِكِينَ بِأَمْوَالِكُمْ وَأَنْفُسِكُمْ وَأَلْسِنَتِكُمْ","އަނަސް ރަޟިޔަﷲ ޢަންހުގެ ކިބައިން ރިވާވެގެންވެއެވެ. ހަމަކަށަވަރުން ނަބިއްޔާ ﷺ ޙަދީޘްކުރެއްވިއެވެ: ""ތިޔަބައިމީހުންގެ މުދަލުންނާއި އަދި ނަފުސުތަކުންނާއި އަދި ދުލުން މުޝްރިކުންނާއި ޖިހާދުކުރާށެވެ.""",
سنن أبي داود,2504,“جَاهِدُوا الْمُشْرِكِينَ بِأَمْوَالِكُمْ وَأَنْفُسِكُمْ وَأَلْسِنَتِكُمْ”,"""ތިޔަބައިމީހުންގެ މުދާތަކުންނާއި، ނަފްސުތަކުންނާއި ދޫތަކުން މުޝްރިކުންނާއި ޖިހާދުކުރާށެވެ!""",
سنن أبي داود,2532,"""وَالْجِهَادُ مَاضٍ مُنْذُ بَعَثَنِي اللَّهُ إِلَى أَنْ يُقَاتِلَ آخِرُ أُمَّتِي الدَّجَّالَ""","""ތިމަންކަލޭގެފާނު (ﷲ) ނަބީކަމައިގެން ފޮނުއްވީސުރެން މިއުއްމަތުގެ އެންމެ ފަހުން ތިބޭ މީހުން ދައްޖާލާއި ހަނގުރާމަ ކޮށްފުމަށް ދާންދެން ޖިހާދަކީ ދެމޮއޮންނަނިވި ގޮތުގައި ހިނގަހިނގައި ހުންނާނެ ކަމެކެވެ.""",
سنن أبي داود,2578,"عَنْ عَائِشَةَ، رَضِيَ اللَّهُ عَنْهَا أَنَّهَا كَانَتْ مَعَ النَّبِيِّ ﷺ فِي سَفَرٍ قَالَتْ فَسَابَقْتُهُ فَسَبَقْتُهُ عَلَى رِجْلَىَّ فَلَمَّا حَمَلْتُ اللَّحْمَ سَابَقْتُهُ فَسَبَقَنِي فَقَالَ "" هَذِهِ بِتِلْكَ السَّبْقَةِ """,ތިމަންކަމަނާ ރަސޫލުﷲ ޞައްލަﷲ ޢަލައިހި ވަސްލަމައާއެކު ދަތުރެއްގައި ވަޑައިގަތީމެވެ. އޭރު ތިމަންކަމަނާއަކީ ޒުވާން އަދި ހިކި ބޭކަނބަލަކީމެވެ. ރަސޫލުﷲ ޞައްލަﷲ ޢަލައިހި ވަސައްލަމަ ޞަޙާބީންނަށް، ތިމަންކަމަނާއާ އެކަލެގެފާނު ދޫކޮށްފައި ކުރިއަވަޑައިގަތުމަށް އިރުޝާދު ދެއްވިއެވެ. ދެން އެކަލޭގެފާނު ވިދާޅުވިއެވެ. ރޭސްޖައްސަވަން (ދުވުމުގެ ރޭސް) ވަޑައިގަންނަވާށެވެ! ތިމަންކަމަނާ އެކަލޭގެފާނާއި ރޭސްޖައްސަވާ ކުރިހޯއްދެވީމެވެ. ދެން އެކަލޭގެފާނު، ތިމަންކަމަނާ އެކަމުގެ މަތިން ހަނދުމަފުޅުނެތެންދެން އެކަމުގެ ވާހަކަފުޅު ނުދައްކަވައެވެ. އަނެއްކާވެސް އެކަލޭގެފާނުގެ އަރިހުގައި އެފަދަ ދަތުރެއްގައި ދިމުމާއި ހަމައަށެވެ. އޭރު ތިމަންކަމަނާވަނީ ދުވަސްވެ، ހަށިގަނޑު ބުރަހެލިވެލައްވާފައެވެ. ކުރިއެކޭ އެއްފަދައިން ޞަޙާބީންނަށް ކުރިއަށްވަޑައިގަތުމަށް އެކަލޭގެފާނު އިރުޝާދުދެއްވިއެވެ. ދެން އެކަލޭގެފާނު ތިމަންކަމަނާއަށް ވިދާޅުވިއެވެ. ރޭސްޖައްސަވަން ވަޑައިގަންނަވާށެވެ! މިފަހަރު ރޭހުން ކުރި ހޯއްދެވީ އެކަލޭގެފާނެވެ. އަދި އެކަލެގެފާނު ހިނިވަރުނަކުރައްވައި ވިދާޅުވިއެވެ. މިއީ ކުރީފަހަރުގެ ބަދަލެކެވެ.(އެބަހީ: ކުރިންފަހަރު އެކަލޭގެފާނު އެކަމަނާއާއެކު ރޭސްޖައްސަވައި އެކަމަނާ މޮޅުވީމަ އެކަމަށްވާ ބަދަލެކެވެ).,
سنن أبي داود,2606,للَّهُمَّ بَارِكْ لِأُمَّتِي فِي بُكُورِهَا». وَكَانَ إِذَا بَعَثَ سَرِيَّةً أَوْ جَيْشًا بَعَثَهُمْ مِنْ أَوَّلِ النَّهَارِ «وَكَانَ صَخْرٌ رَجُلًا تَاجِرًا، وَكَانَ يَبْعَثُ تِجَارَتَهُ مِنْ أَوَّلِ النَّهَارِ فَأَثْرَى وَكَثُرَ مَالُهُ»,އޭ ﷲ! މިއަޅާގެ އުއްމަތަށް، ދުވާލުގެ ކުރީކޮޅު (އެބަހީ: އެވަގުތުކޮޅުގައި) ބަރަކާތް ލައްވައިފާނދޭވެ.” އަދި އިތުރު އެކަލޭގެފާނު ލަޝްކަރެއް ތަނަކަށް ފޮނުއްވާނަމަ، ހެނދުނުގެ ކުރީކޮޅުގައި ފޮނުއްވައެވެ. ފަހެ ޞަޚްރު އަލް ޣާމިދީ އަކީ ވިޔަފާރިވެރި ބޭކަލެކެވެ. އެކަލޭގެފާނުގެ ގާފިލާ ވިޔަފާރިއަށް ހެނދުނުގެ ކުރީކޮޅުގައި ފޮނުއްވާކަމުގައިވެއެވެ. އޭގެ ސަބަބުން ވިޔަފާރީގައި ފައިދާވެ، މުދާތައް އިތުރުވެގެންދެއެވެ.,
سنن أبي داود,2769,"عَنِ النَّبِيِّ صلى الله عليه وسلم قَالَ ‏ ""‏ الإِيمَانُ قَيَّدَ الْفَتْكَ لاَ يَفْتِكُ مُؤْمِنٌ ‏""‏ ‏.‏",އީމާންކަމަކީ ފަތްކު މަނާކުރާ އެއްޗެކެވެ. މުއުމިނަކު، ފަތްކުކޮށް މީހަކު ނުމަރާނެއެވެ.,
سنن أبي داود,2795,اللهمَّ منك ولك، عن محمَّدٍ وأُمَّتِه، باسمِ اللهِ واللهُ أكبرُ، ثمَّ ذبَحَ.,«اللهم مِنكَ وَلَكَ عَن مُّحَمَّدٍ وَأُمَّتِهِ، بِاسْمِ اللهِ وَاللهُ أَكْبَرُ، ثم ذبح» މާނައީ: ”މިއީ އިބަ ﷲ ދެއްވި އެއްޗެކެވެ. މި ވަނީ އިބަ ﷲ އަށެވެ. މުޙައްމަދުގެފާނާއި އެކަލޭގެފާނުގެ އުއްމަތުގެ ކިބައިން މި ޛަބަޙަކުރައްވަމަވެ. بِاسْمِ اللهِ وَاللهُ أَكْبَرُ، މިހެން ވިދާޅުވެ ރަސޫލާ ﷺ ޛަބަޙަކުރައްވައެވެ.“,
سنن أبي داود,2802,أَرْبَعٌ لَا تَجُوزُ فِي الْأَضَاحِيِّ : الْعَوْرَاءُ بَيِّنٌ عَوَرُهَا، وَالْمَرِيضَةُ بَيِّنٌ مَرَضُهَا، وَالْعَرْجَاءُ بَيِّنٌ ظَلْعُهَا، وَالْكَسِيرُ الَّتِي لَا تَنْقَى,"""އުޟްޙިޔާގެ ގޮތުގައި ކަތިލުން ޖާއިޒުނުވާ ހަތަރު އެއްޗެއްވެއެވެ. އެއީ އަވަރު ޖަނަވާރާއި، ބައްޔެއްޖެހިފައިވާ ޖަނަވާރާއި، ކޮރުޖަނަވާރާއި، މޮޔަޖަނަވާރެވެ.""",
سنن أبي داود,2835,"""عَنِ الْغُلَامِ شَاتَانِ، وَعَنِ الْجَارِيَةِ شَاةٌ لَا يَضُرُّكُمْ أَذُكْرَانًا كُنَّ أَمْ إِنَاثًا""","""ފިރިހެން ކުއްޖެއްގެ ފަރާތުން ދެބަކަރިއެވެ. އަދި އަންހެން ކުއްޖެއްގެ ފަރާތުން އެއްބަކަރިއެވެ. އަދި ކަތިލެވޭ އެއްޗަކީ އަންހެން އެއްޗަކަށްވިޔަސް އަދި ފިރިހެން އެއްޗަކަށް ވިޔަސް އެކަމަކުން ތިޔަބައިމީހުންނަކަށް ގެއްލުމެއްނެތެވެ.""",
سنن أبي داود,2842,""" مَنْ وُلِدَ لَهُ وَلَدٌ فَأَحَبَّ أَنْ يَنْسُكَ عَنْهُ فَلْيَنْسُكْ""","""މީހަކަށް ދަރިއަކުލިބި އެއްކުއްޖާގެ ފަރާތުން ގުރުބާނީއެއް ކުރުމަށް އެދޭނަމަ ގުރުބާނީ ކުރާށެވެ.""",
سنن أبي داود,2870,حَدَّثَنَا عَبْدُ الْوَهَّابِ بْنُ نَجْدَةَ ، قَالَ : نَا ابْنُ عَيَّاشٍ ، عَنْ شُرَحْبِيلَ بْنِ مُسْلِمٍ سَمِعْتُ أَبَا أُمَامَةَ ، قَالَ : سَمِعْتُ رَسُولَ اللهِ صَلَّى اللهُ عَلَيْهِ وَسَلَّمَ يَقُولُ : إِنَّ اللهَ قَدْ أَعْطَى كُلَّ ذِي حَقٍّ حَقَّهُ ، فَلَا وَصِيَّةَ لِوَارِثٍ .,މީގެ މިސާލަކީ سُوْرَةُ الْبَقَرَةގެ 180ވަނަ އާޔަތާއި އޭގެ ނާސިޚު ކަމަށް ބެލެވޭ حَدِيثއެވެ. މިއާޔަތުގެ މާނައަކީ ތިޔަބައިމީހުންކުރެ މީހަކުގެ ގާތަށް މަރު އައިސް ޙާޟިރުވާހިނދު، އެމީހާ މުދަލެއް ދޫކުރާނަމަ، ހެޔޮގޮތުގައި މައިންބަފައިންނާއި ގާތްތިމާގެ މީހުންނަށް ވަޞިއްޔަތްކުރުން ތިޔަބައިމީހުންގެ މައްޗަށް ފަރްޟު ކުރެވިއްޖެއެވެ. އެކަން އޮތީ تَقْوَى ވެރީންގެ މައްޗަށް އޮތް حَقّއެއްކަމުގައެވެ. މިحُكم مَنْسُوخُ ކުރެއްވޭ حَدِيثއަކީ: إِنَّ اللهَ قَدْ أَعْطَى كُلَّ ذِيْ حَقٍّ حَقَّهُ فَلَا وَصِيَّةَ لِوَارِثٍ (أبوداود والترمذي) މިحَدِيثގެ މާނައަކީ، ހަމަކަށަވަރުން ކޮންމެحَقُّވެރިއަކަށް އެމީހެއްގެ حَقُّވަނީ މާތްﷲ ދެއްވާފައެވެ. ވީމާ ވާރުތަވެރިއަކަށް މުދަލުގެ ވަޞިއްޔަތުން ލިބުމެއް ނެތެވެ. މިއެވެ. (ނޯޓް: ވަޞިއްޔަތް ކުރެވިފައިވާ ފަރާތަކީ ވާރުތަވެރީންގެ ތެރޭގައި ހިމެނޭ މީހެއްކަމުގައިވާނަމަ ވާރުތަވެރީން އެކަމަށް ހުއްދަ ދިނުން ޝަރުޠުވާ ކަމަށް ގިނަ ޢިލްމުވެރީން ވިދާޅުވެއެވެ. (ބައްލަވާ: فَتْحُ البَارِي كِتَابُ الْوَصَايَة),
سنن أبي داود,2885,"عَنْ عَبْدِ اللَّهِ بْنِ عَمْرِو بْنِ الْعَاصِ، أَنَّ رَسُولَ اللَّهِ صلى الله عليه وسلم قَالَ "" الْعِلْمُ ثَلاَثَةٌ وَمَا سِوَى ذَلِكَ فَهُوَ فَضْلٌ آيَةٌ مُحْكَمَةٌ أَوْ سُنَّةٌ قَائِمَةٌ أَوْ فَرِيضَةٌ عَادِلَةٌ "" .",ރަސޫލު ﷲ ﷺ ޙަދީޘް ކުރެއްވިއެވެ: ”އިލްމު ތިނެކެވެ. (ކަނޑައެޅިގެންވާ) މުޙްކަމު އާޔަތެކެވެ. ނުވަތަ ގާއިމުވެގެންވާ (ސާބިތު) ސުންނަތެކެވެ. ނުވަތަ ސީދާވެގެންވާ ފަރުޟެކެވެ. (އެބަހީ: އިންސާފުވެރިކޮށް ވާރުތަ މުދާ ބެހުމެވެ. ނުވަތަ ގުރްއާނާއި ސުންނަތުން ސާބިތުވެގެންވާ ހުކުމެކެވެ. ނުވަތަ އެ ދޭއްޗަށް ބަލައިގެން ގާއިމުކުރާ އެއްވަރުގެ ވާޖިބެކެވެ.) އަދި އެ ނޫން ތަކެއްޗަކީ ފަޟްލެކެވެ. (އެބަހީ: ޟަރޫރަތަކަށް ނުވާ، އިތުރު ތަކެއްޗެވެ.)“,
سنن أبي داود,2899,«مَنْ تَرَكَ كَلًّا فَإِلَيَّ» وَرُبَّمَا قَالَ: «إِلَى اللَّهِ وَإِلَى رَسُولِهِ، وَمَنْ تَرَكَ مَالًا فَلِوَرَثَتِهِ، وَأَنَا وَارِثُ مَنْ لَا وَارِثَ لَهُ، أَعْقِلُ لَهُ وَأَرِثُهُ، وَالْخَالُ وَارِثُ مَنْ لَا وَارِثَ لَهُ، يَعْقِلُ عَنْهُ وَيَرِثُهُ»,"""ޚަރަދުކޮށް ބަލަހަށްޓަން ޖެހޭ ފަރާތްތަކެއް ދޫކޮށްފައި މީހަކު މަރުވެއްޖެނަމަ، އެބަޔަކު ވާނީ ތިމަންކަލޭގެފާނަށެވެ. (އެކަލޭގެފާނު ވިދާޅުވިކަމަށް ވެދާނެއެވެ. ﷲއާއި އެކަލާނގެ ރަސޫލާއަށެވެ.) އަދި މުދަލެއް ދޫކޮށްފައިވާނަމަ އެވަނީ ވާރުތަވެރިންނަށެވެ. ވާރުތަވެރިޔާ ނެތް މީހާގެ ވާރުތަވެރިޔަކީ ތިމަންކަލޭގެފާނެވެ. އޭނާގެ ފަރާތުން ދިޔަ އަދާކުރާނީ ތިމަންކަލޭގެފާނެވެ. އަދި އޭނާގެ ވާރުތަވެރިއަކީ ވެސް ތިމަންކަލޭގެފާނެވެ.""",
سنن أبي داود,3106,مَن عاد مريضًا لم يَحضُرْ أجَلُهُ فقال عنده سَبْعَ مِرَارٍ: أسأَلُ اللهَ العظيمَ رَبَّ العَرْشِ العظيمِ أنْ يشفيَكَ، إلَّا عافاه اللهُ مِن ذلك المَرَضِ.,"""އެއްވެސް މީހަކު، މަރަށް އަދި ޙާޟިރުނުވާ ބަލިމީހަކަށް ޒިޔާރަތްކޮށް މިފަދައިން (أَسْأَلُ اللهَ الْعَظِيمَ رَبَّ الْعَرْشِ الْعَظِيمِ أَنْ يَشْفِيَكَ) ހަތްފަހަރު އޭނާއަށް ދުއާކޮށްދީފިނަމަ އޭނާއަށް ޢާފިޔަތު ލިބޭނެއެވެ.""",
سنن أبي داود,3116,"عَنْ مُعَاذِ بْنِ جَبَلٍ، قَالَ قَالَ رَسُولُ اللَّهِ ﷺ "" مَنْ كَانَ آخِرُ كَلاَمِهِ لاَ إِلَهَ إِلاَّ اللَّهُ دَخَلَ الْجَنَّةَ ""","މުޢާޛް ބިން ޖަބަލް ރަޟިޔަﷲ ޢަންހުގެ ކިބައިން ރިވާވެގެންވެއެވެ. އެކަލޭގެފާނު ވިދާޅުވިއެވެ. ""އެމީހެއްގެ ފަހު ބަހަކަށް لاَ إِلَهَ إِلاَّ اللَّهُ ވެއްޖެމީހާ ސުވަރުގެ ވަދެއްޖެއެވެ.""",
سنن أبي داود,3264,عَنْ أَبِي سَعِيدٍ الْخُدْرِيِّ، قَالَ: كَانَ رَسُولُ اللَّهِ صَلَّى اللهُ عَلَيْهِ وَسَلَّمَ إِذَا اجْتَهَدَ فِي الْيَمِينِ، قَالَ: «وَالَّذِي نَفْسُ أَبِي الْقَاسِمِ بِيَدِهِ»,""" އަބޫ ސައީދުލްޚުދްރީގެ ކިބައިން ރިވާވެގެންވެއެވެ. އެކަލޭގެފާނު ވިދާޅުވިއެވެ. ޚާއްޞަ ގޮތެއްގައި ވަކިކަމަކަށް ބާރުލައްވާ ހިނދު ކީރިތި ރަސޫލާ ޞައްލަﷲ ޢަލައިހި ވަސައްލަމަ މިފަދައިން ހުވާކުރައްވައެވެ. وَالَّذِي نَفْسُ أَبِي الْقَاسِمِ بِيَدِهِ ""އެފަރާތެއްގެ ބާރުފުޅުގެ ދަށުގައި ތިމަންނަގެ ފުރާނަވާ ފަރާތް ގަންދެއްވަމެވެ.""",
سنن أبي داود,3383,""" إِنَّ اللَّهَ يَقُولُ: أَنَا ثَالِثُ الشَّرِيكَيْنِ مَا لَمْ يَخُنْ أَحَدُهُمَا صَاحِبَهُ، فَإِذَا خَانَهُ خَرَجْتُ مِنْ بَيْنِهِمَا ""","""ހަމަކަށަވަރުން ﷲ (ގުދުސިއްޔަ ޙަދީޘެއްގައި) ވަހީކުރެއްވިއެވެ."" އެކަކު އަނެކަކަށް ޚިޔާނާތްތެރި ނުވާހާ ހިނދެއްގައި ތިމަން ރަސްކަލާނގެއީ ބައިވެރިވާ ދެމީހުންގެ ތިންވަނަފަރާތެވެ. ފަހެ ޚިޔާނާތްތެރިވެއްޖެނަމަ އެބައިމީހުންނާއި ތިމަންރަސްކަލާނގެ ވަކިވޮޑިގެންފާ ހުށީމެވެ.""",
سنن أبي داود,3462,"عَنِ ابْنِ عُمَرَ، قَالَ سَمِعْتُ رَسُولَ اللَّهِ صلى الله عليه وسلم يَقُولُ ‏ ""‏ إِذَا تَبَايَعْتُمْ بِالْعِينَةِ وَأَخَذْتُمْ أَذْنَابَ الْبَقَرِ وَرَضِيتُمْ بِالزَّرْعِ وَتَرَكْتُمُ الْجِهَادَ سَلَّطَ اللَّهُ عَلَيْكُمْ ذُلاًّ لاَ يَنْزِعُهُ حَتَّى تَرْجِعُوا إِلَى دِينِكُمْ ‏""‏ ‏.‏ قَالَ أَبُو دَاوُدَ الإِخْبَارُ لِجَعْفَرٍ وَهَذَا لَفْظُهُ ‏.‏",ތިޔަބައިމީހުން ޢީނާގެ(ރިބާގެ ވިޔަފާރިއެއް، އެއްޗެއް ވިއްކާފައި އެޔަށްވުރެ ކުޑައަގެއްގައި ވިއްކިމީހާގެ އަތުން ގަތުން) ވިޔަފާރިއަށް ތަބާވެ، އަދި ގެރީގެ ނިގޫތައް ނަގައި(އެބަހީ ދަނޑުވެރިކަމަށް ފަސްގަނޑު ޖެހުމަށްޓަކައި) އަދި ދަނޑުވެރިކަމަށް ރުހި އަދި ޖިހާދު ދޫކޮށްލައިފިނަމަ، ﷲ ތިޔަބައިމީހުންގެ މައްޗަށް ނިކަމެތިކަން ވެރިކުރައްވާނެއެވެ. އަދި ތިޔަބައިމީހުންގެ ދީނަށް ރުޖޫޢަވެއްޖައުމަށް ދާންދެން އެކަން ނުފިއްލަވާ ހުއްޓެވެ.,
سنن أبي داود,3462,"عَنِ ابْنِ عُمَرَ، قَالَ سَمِعْتُ رَسُولَ اللَّهِ ﷺ يَقُولُ "" إِذَا تَبَايَعْتُمْ بِالْعِينَةِ وَأَخَذْتُمْ أَذْنَابَ الْبَقَرِ وَرَضِيتُمْ بِالزَّرْعِ وَتَرَكْتُمُ الْجِهَادَ سَلَّطَ اللَّهُ عَلَيْكُمْ ذُلاًّ لاَ يَنْزِعُهُ حَتَّى تَرْجِعُوا إِلَى دِينِكُمْ","އިބުނު ޢުމަރު ރަޟިޔަﷲ ޢަންހުމާގެ ކިބައިން ރިވާވެގެންވެއެވެ. ރަސޫލުﷲ ﷺ ޙަދީޘްކުރެއްވިއެވެ: ""ތިޔަބައިމީހުން ޢީނާގެ(ރިބާގެ ވިޔަފާރިއެއް، އެއްޗެއް ވިއްކާފައި އެޔަށްވުރެ ކުޑައަގެއްގައި ވިއްކިމީހާގެ އަތުން ގަތުން) ވިޔަފާރިއަށް ތަބާވެ، އަދި ގެރީގެ ނިގޫތައް ނަގައި(އެބަހީ ދަނޑުވެރިކަމަށް ފަސްގަނޑު ޖެހުމަށްޓަކައި) އަދި ދަނޑުވެރިކަމަށް ރުހި އަދި ޖިހާދު ދޫކޮށްލައިފިނަމަ، ﷲ ތިޔަބައިމީހުންގެ މައްޗަށް ނިކަމެތިކަން ވެރިކުރައްވާނެއެވެ. އަދި ތިޔަބައިމީހުންގެ ދީނަށް ރުޖޫޢަވެއްޖައުމަށް ދާންދެން އެކަން ނުފިއްލަވާ ހުއްޓެވެ",
سنن أبي داود,3535,"""أَدِّ الْأَمَانَةَ إِلَى مَنِ ائْتَمَنَكَ، وَلَا تَخُنْ مَنْ خَانَكَ""","""އަމާނާތް ކަލޭ އާއި ހަވާލުކުރިމީހާއަށް އޭނާގެ އަމާނާތް އަދާކުރާށެވެ. އަދި ކަލެއަށް ޚިޔާނާތްތެރިވި މީހަކަށްވެސް ކަލޭ ޚިޔާނާތްތެރިނުވާށެވެ.""",
سنن أبي داود,3580,حَدَّثَنَا أَحْمَدُ بْنُ يُونُسَ، نَا ابْنُ أَبِي ذِئْبٍ، عَنِ الْحَارِثِ بْنِ عَبْدِ الرَّحْمَنِ، عَنْ أَبِي سَلَمَةَ، عَنْ عَبْدِ اللهِ بْنِ عَمْرٍو قَالَ: لَعَنَ رَسُولُ اللهِ ﷺ الرَّاشِيَ وَالْمُرْتَشِيَ.,ޢަބްދު ﷲ ބިން ޢަމްރު ރިވާ ކުރެއްވިއެވެ: ރިޝްވަރު ދޭ މީހާއާއި ރިޝްވަތުގައި ހިފާ މީހާއަށް ރަސޫލު ﷲ ﷺ ލަޢުނެތް ލެއްވިއެވެ.,
سنن أبي داود,3580,حَدَّثَنَا أَحْمَدُ بْنُ يُونُسَ، نَا ابْنُ أَبِي ذِئْبٍ، عَنِ الْحَارِثِ بْنِ عَبْدِ الرَّحْمَنِ، عَنْ أَبِي سَلَمَةَ، عَنْ عَبْدِ اللهِ بْنِ عَمْرٍو قَالَ: لَعَنَ رَسُولُ اللهِ ﷺ الرَّاشِيَ وَالْمُرْتَشِيَ.,ޢަބްދު ﷲ ބިން ޢަމްރު ރިވާ ކުރެއްވިއެވެ: ރިޝްވަރު ދޭ މީހާއާއި ރިޝްވަތުގައި ހިފާ މީހާއަށް ރަސޫލު ﷲ ﷺ ލަޢުނެތް ލެއްވިއެވެ.,
سنن أبي داود,3641,من سلك طريقًا يطلبُ فيه علمًا ، سلك اللهُ به طريقًا من طرقِ الجنةِ ، وإنَّ الملائكةَ لتضعُ أجنحتَها رضًا لطالبِ العِلمِ ، وإنَّ العالِمَ ليستغفرُ له من في السماواتِ ومن في الأرضِ ، والحيتانُ في جوفِ الماءِ ، وإنَّ فضلَ العالمِ على العابدِ كفضلِ القمرِ ليلةَ البدرِ على سائرِ الكواكبِ ، وإنَّ العلماءَ ورثةُ الأنبياءِ ، وإنَّ الأنبياءَ لم يُورِّثُوا دينارًا ولا درهمًا ، ورَّثُوا العِلمَ فمن أخذَه أخذ بحظٍّ وافرٍ,"ޢިލްމު އުނގެނުމުގެމަގުގައި ނިކުމެއްޖެ މީހަކަށް ސުވަރުގެ ދިއުމަށް الله ތަބާރަކަ ވަތަޢާލާ މަގެއް ތަނަވަސް ކޮށްދެއްވައެވެ. އަދި ހަމަކަށަވަރުން އުނގެނޭ މީހާގެ އަމަލާމެދު ރުހި، އެމީހެއްގެ މައްޗަށް މަލާއިކަތް ބޭކަލުންގެ ވަރަފުޅުތަކުން ހިޔާ އަޅުއްވާނެއެވެ . އަދި ހަމަކަށަވަރުން ޢިލްމުވެރިޔާއަށްޓަކައި އުޑުތަކާއި ބިމުގައި ވާހާ މަޚްލޫގުން އިސްތިޣްފާރު ކުރާނެއެވެ. ފެންގަ ނޑުގައިވާ މަހަށް ދާންދެނެއެވެ. އަދި ޢިލްމުވެރިޔާގެ މަތިވެރިކަން އަޅުވެރިޔާގެ މައްޗަށްވާކަން ކަށަވަރީ ހަނދުގެ މާތްކަން އެހެން ހުރިހާ ތަރިތަކެއްގެ މައްޗަށްވާ ފަދައިންނެވެ. އަދި ހަމަކަށަވަރުން ޢިލްމުވެރިންނަކީ ނަބީބޭކަލުންގެ ވާރުތަވެރިންނެވެ. ހަމަކަށަވަރުން، ނަބީބޭކަލުން ތަރިކައިގެ ގޮތުގައި ދީނާރެއް ދިރުހަމެއް ދޫނުކުރައްވައެވެ. އެބޭކަލުން ތަރިކައިގެ ގޮތުގައި ދޫކުރައްވައި ވަޑައިގެންނެވީ ޢިލްމެވެ. ފަހެ، އެ ޢިލްމު ލިބިގެންފި މީހާ ބޮޑުވެގެންވާ ނަސީ ބެއް ހޯދައިގެންފިކަން ކަށަވަރެވެ.""",
سنن أبي داود,3646,حَدَّثَنَا مُسَدَّدٌ وَأَبُو بَكْرِ بْنُ أَبِي شَيْبَةَ، قَالَا: نَا يَحْيَى، عَنْ عُبَيْدِ اللهِ بْنِ الْأَخْنَسِ، عَنِ الْوَلِيدِ بْنِ عَبْدِ اللهِ بْنِ أَبِي مُغِيثٍ، عَنْ يُوسُفَ بْنِ مَاهَكَ، عَنْ عَبْدِ اللهِ بْنِ عَمْرٍو قَالَ: كُنْتُ أَكْتُبُ كُلَّ شَيْءٍ أَسْمَعُهُ مِنْ رَسُولِ اللهِ ﷺ أُرِيدُ حِفْظَهُ، فَنَهَتْنِي قُرَيْشٌ، وَقَالُوا: أَتَكْتُبُ كُلَّ شَيْءٍ تَسْمَعُهُ، وَرَسُولُ اللهِ ﷺ بَشَرٌ يَتَكَلَّمُ فِي الْغَضَبِ وَالرِّضَا، فَأَمْسَكْتُ عَنِ الْكِتَابِ، فَذَكَرْتُ ذَلِكَ إِلَى رَسُولِ اللهِ ﷺ، فَأَوْمَأَ بِإِصْبَعِهِ إِلَى فِيهِ، فَقَالَ: اكْتُبْ فَوَالَّذِي نَفْسِي بِيَدِهِ مَا يَخْرُجُ مِنْهُ إِلَّا حَقٌّ.,ޢަބްދު ﷲ ބިން ޢަމްރު ރިވާ ކުރެއްވިއެވެ: ރަސޫލު ﷲ ﷺ ގެ އަރިހުން އިވޭ ކޮންމެ ބަސްފުޅެއް ތިމަން ލިޔެ އުޅުނީމެވެ. ތިމަން ބޭނުންވީ އެ ބަސްފުޅުތައް ދަސްކޮށް ރައްކާ ކުރުމަށެވެ. އެހެނަސް ގުރައިޝު ވަންހައިގެ މުޝްރިކުން އެކަން ނުކުރުމަށް ތިމަންނައަށް އެންގިއެވެ. އަދި އެ މީހުން ދެންނެވިއެވެ: އިވޭ ކޮންމެ އެއްޗެއް ފަހެ ތިބާ ލިޔަނީހެއްޔެވެ؟ އެއީ ރަސޫލު ﷲ ﷺ އަކީ ހަމަ އިންސާނަކަށްވެފައި، ކޯފާއާއި ރުހުމުގައި ވާހަކަދައްކަވާ އިރުގައިވެސްހެއްޔެވެ؟ ދެން ތިމަން ލިޔުން ހުއްޓާލާފައި، އެ ވާހަކަ ރަސޫލު ﷲ ﷺ ގެ އަރިހުގައި ދެންނެވީމެވެ. ފަހެ ނަބިއްޔާގެ އިނގިލިފުޅުން އެ ނަބިއްޔާގެ އަނގަފުޅަށް އިޝާރާތް ކުރައްވާފައި ޙަދީޘް ކުރެއްވިއެވެ: ”ތިބާ ލިޔާށެވެ. އެހެނީ ތިމަން ނަބިއްޔާގެ ފުރާނަފުޅު އެ ފަރާތެއްގެ އަތްޕުޅުގައިވާ ފަރާތް ގަންދީ ބުނަމެވެ. މި އަނގަފުޅަކުން ޙައްގު ތެދު މެނުވީ ނިކުމެގެން ނުދާނެއެވެ.“,
سنن أبي داود,3646,حَدَّثَنَا مُسَدَّدٌ وَأَبُو بَكْرِ بْنُ أَبِي شَيْبَةَ، قَالَا: نَا يَحْيَى، عَنْ عُبَيْدِ اللهِ بْنِ الْأَخْنَسِ، عَنِ الْوَلِيدِ بْنِ عَبْدِ اللهِ بْنِ أَبِي مُغِيثٍ، عَنْ يُوسُفَ بْنِ مَاهَكَ، عَنْ عَبْدِ اللهِ بْنِ عَمْرٍو قَالَ: كُنْتُ أَكْتُبُ كُلَّ شَيْءٍ أَسْمَعُهُ مِنْ رَسُولِ اللهِ ﷺ أُرِيدُ حِفْظَهُ، فَنَهَتْنِي قُرَيْشٌ، وَقَالُوا: أَتَكْتُبُ كُلَّ شَيْءٍ تَسْمَعُهُ، وَرَسُولُ اللهِ ﷺ بَشَرٌ يَتَكَلَّمُ فِي الْغَضَبِ وَالرِّضَا، فَأَمْسَكْتُ عَنِ الْكِتَابِ، فَذَكَرْتُ ذَلِكَ إِلَى رَسُولِ اللهِ ﷺ، فَأَوْمَأَ بِإِصْبَعِهِ إِلَى فِيهِ، فَقَالَ: اكْتُبْ فَوَالَّذِي نَفْسِي بِيَدِهِ مَا يَخْرُجُ مِنْهُ إِلَّا حَقٌّ.,ޢަބްދު ﷲ ބިން ޢަމްރު ރިވާ ކުރެއްވިއެވެ: ރަސޫލު ﷲ ﷺ ގެ އަރިހުން އިވޭ ކޮންމެ ބަސްފުޅެއް ތިމަން ލިޔެ އުޅުނީމެވެ. ތިމަން ބޭނުންވީ އެ ބަސްފުޅުތައް ދަސްކޮށް ރައްކާ ކުރުމަށެވެ. އެހެނަސް ގުރައިޝު ވަންހައިގެ މުޝްރިކުން އެކަން ނުކުރުމަށް ތިމަންނައަށް އެންގިއެވެ. އަދި އެ މީހުން ދެންނެވިއެވެ: އިވޭ ކޮންމެ އެއްޗެއް ފަހެ ތިބާ ލިޔަނީހެއްޔެވެ؟ އެއީ ރަސޫލު ﷲ ﷺ އަކީ ހަމަ އިންސާނަކަށްވެފައި، ކޯފާއާއި ރުހުމުގައި ވާހަކަދައްކަވާ އިރުގައިވެސްހެއްޔެވެ؟ ދެން ތިމަން ލިޔުން ހުއްޓާލާފައި، އެ ވާހަކަ ރަސޫލު ﷲ ﷺ ގެ އަރިހުގައި ދެންނެވީމެވެ. ފަހެ ނަބިއްޔާގެ އިނގިލިފުޅުން އެ ނަބިއްޔާގެ އަނގަފުޅަށް އިޝާރާތް ކުރައްވާފައި ޙަދީޘް ކުރެއްވިއެވެ: ”ތިބާ ލިޔާށެވެ. އެހެނީ ތިމަން ނަބިއްޔާގެ ފުރާނަފުޅު އެ ފަރާތެއްގެ އަތްޕުޅުގައިވާ ފަރާތް ގަންދީ ބުނަމެވެ. މި އަނގަފުޅަކުން ޙައްގު ތެދު މެނުވީ ނިކުމެގެން ނުދާނެއެވެ.“,
سنن أبي داود,3674,حَدَّثَنَا عُثْمَانُ بْنُ أَبِي شَيْبَةَ، قَالَ: نَا وَكِيعُ بْنُ الْجَرَّاحِ، عَنْ عَبْدِ الْعَزِيزِ بْنِ عُمَرَ، عَنْ أَبِي عَلْقَمَةَ مَوْلَاهُمْ وَعَبْدِ الرَّحْمَنِ بْنِ عَبْدِ اللهِ الْغَافِقِيِّ أَنَّهُمَا سَمِعَا ابْنَ عُمَرَ يَقُولُ: قَالَ رَسُولُ اللهِ ﷺ: لَعَنَ اللهُ الْخَمْرَ، وَشَارِبَهَا، وَسَاقِيَهَا، وَبَايِعَهَا، وَمُبْتَاعَهَا، وَعَاصِرَهَا، وَمُعْتَصِرَهَا، وَحَامِلَهَا، وَالْمَحْمُولَةَ إِلَيْهِ.,އިބްނު ޢުމަރު ރިވާ ކުރެއްވިއެވެ: ރަސޫލު ﷲ ﷺ ޙަދީޘް ކުރެއްވިއެވެ: ”ހަމަކަށަވަރުން ރަލާއި، އެ ބޯ މީހާއާއި، އެ ބޯން ދޭ މީހާއާއި، އެ ވިއްކާ މީހާއާއި، އެ ގަންނަ މީހާއާއި، (އެ އުފެއްދުމަށް) އެ ފެލާ މިހާއާއި، އެ މީހަކަށް އެ ފެލެވޭ މީހާއާއި، އެ އުފުއްލާ މީހާއާއި، އެ އުފުލައިގެން ގެންގޮސް ދެވޭ މީހާ، މި އެންމެންނަށް ﷲ ވަނީ ލަޢުނަތް ލައްވާފައެވެ.“,
سنن أبي داود,3674,حَدَّثَنَا عُثْمَانُ بْنُ أَبِي شَيْبَةَ، قَالَ: نَا وَكِيعُ بْنُ الْجَرَّاحِ، عَنْ عَبْدِ الْعَزِيزِ بْنِ عُمَرَ، عَنْ أَبِي عَلْقَمَةَ مَوْلَاهُمْ وَعَبْدِ الرَّحْمَنِ بْنِ عَبْدِ اللهِ الْغَافِقِيِّ أَنَّهُمَا سَمِعَا ابْنَ عُمَرَ يَقُولُ: قَالَ رَسُولُ اللهِ ﷺ: لَعَنَ اللهُ الْخَمْرَ، وَشَارِبَهَا، وَسَاقِيَهَا، وَبَايِعَهَا، وَمُبْتَاعَهَا، وَعَاصِرَهَا، وَمُعْتَصِرَهَا، وَحَامِلَهَا، وَالْمَحْمُولَةَ إِلَيْهِ.,އިބްނު ޢުމަރު ރިވާ ކުރެއްވިއެވެ: ރަސޫލު ﷲ ﷺ ޙަދީޘް ކުރެއްވިއެވެ: ”ހަމަކަށަވަރުން ރަލާއި، އެ ބޯ މީހާއާއި، އެ ބޯން ދޭ މީހާއާއި، އެ ވިއްކާ މީހާއާއި، އެ ގަންނަ މީހާއާއި، (އެ އުފެއްދުމަށް) އެ ފެލާ މިހާއާއި، އެ މީހަކަށް އެ ފެލެވޭ މީހާއާއި، އެ އުފުއްލާ މީހާއާއި، އެ އުފުލައިގެން ގެންގޮސް ދެވޭ މީހާ، މި އެންމެންނަށް ﷲ ވަނީ ލަޢުނަތް ލައްވާފައެވެ.“,
سنن أبي داود,3680,كل مخمر خمر ، وكل مسكر حرام ، ومن شرب مسكرا بخست صلاته أربعين صبًاحا ، فإن تاب تاب الله عليه ، فإن عاد الرابعة كان حقا على الله أن يسقيه من طينة الخبًال . قيل : وما طينة الخبًال يا رسول اللهِ ؟ قال : صديد أهل النار ، ومن سقاه صغيرا لا يعرف حلاله من حرامه كان حقا على الله أن يسقيه من طينة الخبًال,ކޮންމެ މަސްތުވާއެއްޗެއް ޙަރާމް ވެގެންވެއެވެ. މަސްތުވާތަކެތި ބޭނުންކުރާ މީހާއަށް ޠީނަތުލް ޚަބާލުން ބޯންދެއްވުމަކީ ހަމަކަށަވަރުން ﷲ ތަޢާލާގެ މައްޗަށްވާ ޢަހުދެކެވެ. ޞަޙާބީން ދެންނެވިއެވެ. ”ޠީނަތުލް ޚަބާލަކީ ކޮންއެއްޗެއްތޯއެވެ؟] ޙަދީޘްކުރެއްވިއެވެ. އެއީ ނަރަކައިގެ އަހުލުވެރިންގެ ދަލެވެ. ނުވަތަ ނަރަކައިގެ އަހުލުވެރިންގެ ގައިން ނުކުންނަ ދޮހާއި ފާދިޔައެވެ.,
سنن أبي داود,3681,حَدَّثَنَا قُتَيْبَةُ، نَا إِسْمَاعِيلُ يَعْنِي: ابْنَ جَعْفَرٍ، عَنْ دَاوُدَ بْنِ بَكْرِ بْنِ أَبِي الْفُرَاتِ، عَنْ مُحَمَّدِ بْنِ الْمُنْكَدِرِ، عَنْ جَابِرِ بْنِ عَبْدِ اللهِ قَالَ: قَالَ رَسُولُ اللهِ ﷺ: مَا أَسْكَرَ كَثِيرُهُ فَقَلِيلُهُ حَرَامٌ.,ޖާބިރު ބިން ޢަބްދު ﷲ ރިވާ ކުރެއްވިއެވެ: ރަސޫލު ﷲ ﷺ ޙަދީޘް ކުރެއްވިއެވެ: ”އެ އެއްޗެއްގެ ގިނަ މިންވަރަކުން މަސްތު ކުރުވާ އެއްޗެއް، ފަހެ އޭގެ މަދު މިންވަރުވެސް ޙަރާމްވެގެންވެއެވެ.“,
سنن أبي داود,3728,"""نَهَى رَسُولُ اللَّهِ صَلَّى اللهُ عَلَيْهِ وَسَلَّمَ أَنْ يُتَنَفَّسَ فِي الْإِنَاءِ، أَوْ يُنْفَخَ فِيهِ""","""ނަބިއްޔާ ޞައްލަﷲ ޢަލައިހި ވަސައްލަމަ ބޯއެއްޗެއްގެ ތެރެއަށް ނޭވާއެޅުން ނުވަތަ ފުމުން މަނާކުރެއްވިއެވެ.""",
سنن أبي داود,3748,"«مَنْ كَانَ يُؤْمِنُ بِاللَّهِ وَالْيَوْمِ الْآخِرِ فَلْيُكْرِمْ ضَيْفَهُ، جَائِزَتُهُ يَوْمُهُ وَلَيْلَتُهُ، الضِّيَافَةُ ثَلَاثَةُ أَيَّامٍ وَمَا بَعْدَ ذَلِكَ فَهُوَ صَدَقَةٌ""","""ﷲއަށާއި އާޚިރަތް ދުވަހަށް އީމާންވާ މީހަކު ވިއްޔާ އެއްރޭ އެއްދުވާ ވަންދެން މެހުމާނާއަށް ވަރުގަދަ ޖާފަތެއްދޭންވާނެއެވެ. (އާދައިގެ ގޮތެއްގައި) ޖާފަތް ދިނުން އޮންނަނީ ތިން ދުވަހުއެވެ. މިއަށްވުރެ އިތުރުކޮށްފިނަމަ އެއީ ޞަދަގާތެކެވެ.""",
سنن أبي داود,3761,"""بَرَكَةُ الطَّعَامِ الْوُضُوءُ قَبْلَهُ، وَالْوُضُوءُ بَعْدَهُ""","""ކެއުމުގެ ބަރަކާތްތެރިކަން ހުރީ ކެއުމުގެ ކުރިންނާއި ފަހުން ވުޟޫ ކުރުމުގައެވެ. (އެބަހީ އަތާއި އަނގަ ދޮވެ ސާފުކުރުމުގައެވެ.)""",
سنن أبي داود,3852,"""مَنْ نَامَ وَفِي يَدِهِ غَمَرٌ، وَلَمْ يَغْسِلْهُ فَأَصَابَهُ شَيْءٌ، فَلَا يَلُومَنَّ إِلَّا نَفْسَهُ""","""އެމީހެއްގެ އަތްނުދޮވެ އަތުގާ ތެތްކަން ހުއްޓާ ނިދާފައި އިއްވައި ކަމެއްވުމުން (ހަމުގެ ބައްޔެއް ނުވަތަ އެނޫންވެސް ބައްޔެއް ޖެހުމުން) އޭނާގެ އަމިއްލަ ނަފްސަށް މެނުވީ މަލާމާތް ނުކުރާހުށިކަމެވެ.""",
سنن أبي داود,3854,"""أَنَّ النَّبِيَّ صَلَّى اللهُ عَلَيْهِ وَسَلَّمَ جَاءَ إِلَى سَعْدِ بْنِ عُبَادَةَ، فَجَاءَ بِخُبْزٍ وَزَيْتٍ، فَأَكَلَ، ثُمَّ قَالَ النَّبِيُّ صَلَّى اللهُ عَلَيْهِ وَسَلَّمَ «أَفْطَرَ عِنْدَكُمُ الصَّائِمُونَ، وَأَكَلَ طَعَامَكُمُ الْأَبْرَارُ، وَصَلَّتْ عَلَيْكُمُ الْمَلَائِكَةُ»”","""އެއްފަހަރަކު ރަސޫލާ ޞައްލަﷲ އަލައިހި ވަސައްލަމަ ސަޢްދު ބުން ޢުބާދާގެ އަރިހަށް ވަޑައިގަތެވެ. އެހިނދު ސަޢުދު ޒައިތާއި ރޮށި ގެންނެވިއެވެ. ނަބިއްޔާ ޞައްލަﷲ ޢަލައިހި ވަސައްލަމަ އެ ފަރީއްކުޅުއްވުމަށް ފަހު ޙަދީޘްކުރެއްވިއެވެ، ""ތިޔަބައިމީހުންގެ ތެރެއިން ރޯދަވެރިން ރޯދަ ވީއްލައިފިއެވެ. އަދި ތިޔަބައިމީހުންގެ ކާތަކެތި މާތް މީހުން ކައިފިއެވެ. އަދި ތިޔަބައިމީހުންގެ މައްޗަށް މަލާއިކަތުން ހެޔޮ ދުއާ ކުރައްވައިފިއެވެ.""",
سنن أبي داود,3877,حَدَّثَنَا مُسَدَّدٌ، وَحَامِدُ بْنُ يَحْيَى قَالَا: نَا سُفْيَانُ، عَنِ الزُّهْرِيِّ، عَنْ عُبَيْدِ اللهِ بْنِ عَبْدِ اللهِ عَنْ أُمِّ قَيْسٍ بِنْتِ مِحْصَنٍ قَالَتْ: دَخَلْتُ عَلَى رَسُولِ اللهِ ﷺ بِابْنٍ لِي قَدْ أَعْلَقْتُ عَلَيْهِ مِنَ الْعُذْرَةِ فَقَالَ: عَلَامَ تَدْغَرْنَ أَوْلَادَكُنَّ بِهَذَا الْعِلَاقِ، عَلَيْكُنَّ بِهَذَا الْعُودِ الْهِنْدِيِّ، فَإِنَّ فِيهِ سَبْعَةَ أَشْفِيَةٍ مِنْهَا ذَاتُ الْجَنْبِ يُسْعَطُ مِنَ الْعُذْرَةِ، وَيُلَدُّ مِنْ ذَاتِ الْجَنْبِ قَالَ أَبُو دَاوُدَ: يَعْنِي بِالْعُودِ: الْقُسْطَ.,އުއްމު ގައިސް ބިންތި މިޙްޞަން ރިވާ ކުރެއްވިއެވެ: ތިމަން ކަމަނާގެ ފިރިހެން ކުޑަ ކުއްޖަކު ގޮވައިގެން، ރަސޫލު ﷲ ﷺ ގެ އަރިހަށް އަތުވީމެވެ. އެ ކުއްޖާއަށް ޓޮންސިލައިޓިސް ޖެހުމުގެ ސަބަބުން، އެ ކުއްޖާގެ ޓޮންސިލްތަކުގައި ތިމަން ކަމަނާ ފިއްތައިގެން ހުރީމެވެ. ނަބިއްޔާ ޙަދީޘް ކުރެއްވިއެވެ: ”ތިޔަ ކަނބަލުންގެ ދަރިންގެ ޓޮންސިލްތަކުގައި ތި ގޮތަށް ފިއްތައިގެން ތިޔަ އަނިޔާ ކުރަނީ ކީއްވެތޯއެވެ؟ ތިޔަ ކަނބަލުންގެ މައްޗަށް އޮތީ މި އިންޑިޔާ ގުސްޠު ބޭނުން ކުރުމެވެ. އެހެނީ ހަމަކަށަވަރުން އޭގައި ހަތް ޝިފާއެއް ލެއްވިގެންވެއެވެ. އޭގެ ތެރެއިން ޕްލިއުރިސީއަށް ޝިފާ ހިމެނެއެވެ. ޓޮންސިލައިޓިސަށް ފަރުވާ ކުރުމަށް އޭތި ނޭފަތަށް ދަމާލާނީއެވެ. އަދި ޕްލިއުރިސީއށް ފަރުވާ ކުރުމަށް އޭތި ކޮލުދަތްތައް ކައިރީގައި ހާކާލާނީއެވެ.“,
سنن أبي داود,4031,مَنْ تَشَبَّهَ بِقَوْمٍ فَهُوَ مِنْهُمْ ‏,ބަޔަކާ ވައްތަރުވެގެންފި މިހަކު ވަނީ އެބަޔެއްގެ ތެރެއިންނެވެ.,
سنن أبي داود,4031,مَن تَشبَّهَ بقَومٍ فهو منهم.,ބަޔަކާއި ވައްތަރުވެގެންފި މީހަކު ވަނީ އެބައިމީހުންގެ ތެރެއިންނެވެ,
سنن أبي داود,4092," قَالَ رَسُولُ اللَّهِ صَلَّى اللَّهُ عَلَيْهِ وَسَلَّمَ الْكِبْر مَنْ بَطِرَ الْحَقَّ وَغَمَطَ النَّاسَ",ރަސޫލު ﷺ ހަދީޘްކުރެއްވިއެވެ: ”ކިބުރުވެރިކަމަކީ ހައްގާ ދެކޮޅުހަދާ، މީސްތަކުން ދެރަކޮށްލުމެވެ.“,
سنن أبي داود,4180,أنَّ رسولَ اللهِ صلَّى اللهُ عليه وسلَّمَ قال: ثلاثةٌ لا تقرَبُهم الملائكةُ: جيفةُ الكافرِ، والمُتضَمِّخُ بالخَلوقِ، والجُنُبِ؛ إلَّا أنْ يتوضَّأَ.,މާލާއިކަތް ބޭކަލުން އެބަޔަކާއި ކައިރިވެވަޑައިނުގަންނަވާނެ 3 ބަޔަކުވެއެވެ. އެއީ މަރުވެފައިވާ ކާފަރެއްގެ ހަށިގަނޑާއި ޚަލޫގު(އެބަހީ: ރީނދުލާއި އެހެނިހެން އަތަރުތައް އެއްކޮށްގެން ހަދާފައިހުންނަ، އަންހެނުންނަށް ޚާއްޞަ އަތަރެއް) ބޭނުންކުރާ ފިރިހެނާއާއި ވުޟޫކޮށްފުމަށް ދާންދެން ޖުނުބުވެރިވެފައިވާ މީހާއެވެ.,
سنن أبي داود,4212,حَدَّثَنَا أَبُو تَوْبَةَ، نَا عُبَيْدُ اللهِ، عَنْ عَبْدِ الْكَرِيمِ الْجَزَرِيِّ، عَنْ سَعِيدِ بْنِ جُبَيْرٍ، عَنِ ابْنِ عَبَّاسٍ قَالَ: قَالَ رَسُولُ اللهِ ﷺ: يَكُونُ قَوْمٌ يَخْضِبُونَ فِي آخِرِ الزَّمَانِ بِالسَّوَادِ كَحَوَاصِلِ الْحَمَامِ، لَا يَرِيحُونَ رَائِحَةَ الْجَنَّةِ.,އިބްނު ޢައްބާސް ރިވާ ކުރެއްވިއެވެ: ރަސޫލު ﷲ ﷺ ޙަދީޘް ކުރެއްވިއެވެ: ” ކޮތަރެއްގެ ދަށްބަނޑު ފަދައިން، ކަޅުކުލައިން (ނުރައިގައި) ކުލަޖައްސާ ބަޔަކު ފަހު ޒަމާނުގައި ވާނެއެވެ. އެބައިމީހުންނަށް ސުވަރުގޭގެ ވަސްވެސް ނުލިބޭނެއެވެ.“,
سنن أبي داود,4252,"عَنْ ثَوْبَانَ رضي الله عنه, قال رسول الله ﷺ : ( إِنَّمَا أَخَافُ عَلَى أُمَّتِي الْأَئِمَّةَ الْمُضِلِّينَ )","عَنْ ثَوْبَانَ رضي الله عنه, قال رسول الله ﷺ : ( إِنَّمَا أَخَافُ عَلَى أُمَّتِي الْأَئِمَّةَ الْمُضِلِّينَ )",
سنن أبي داود,4297,"عَنْ ثَوْبَانَ، قَالَ قَالَ رَسُولُ اللَّهِ صلى الله عليه وسلم ‏""‏ يُوشِكُ الأُمَمُ أَنْ تَدَاعَى عَلَيْكُمْ كَمَا تَدَاعَى الأَكَلَةُ إِلَى قَصْعَتِهَا ‏""‏ ‏.‏ فَقَالَ قَائِلٌ وَمِنْ قِلَّةٍ نَحْنُ يَوْمَئِذٍ قَالَ ‏""‏ بَلْ أَنْتُمْ يَوْمَئِذٍ كَثِيرٌ وَلَكِنَّكُمْ غُثَاءٌ كَغُثَاءِ السَّيْلِ وَلَيَنْزِعَنَّ اللَّهُ مِنْ صُدُورِ عَدُوِّكُمُ الْمَهَابَةَ مِنْكُمْ وَلَيَقْذِفَنَّ اللَّهُ فِي قُلُوبِكُمُ الْوَهَنَ ‏""‏ ‏.‏ فَقَالَ قَائِلٌ يَا رَسُولَ اللَّهِ وَمَا الْوَهَنُ قَالَ ‏""‏ حُبُّ الدُّنْيَا وَكَرَاهِيَةُ الْمَوْتِ ‏""‏ ‏.‏",""" ކާން ބަޔަކަށް ކާތަށި ކައިރިއަށް އައުމަށް ދައުވަތުދޭ ފަދައިން، ޤައުމުތައް ތިބައިމީހުންގެ މައްޗަށް (އަރައިގަތުމަށް) ދައުވަތު ދޭނެ ދުވަސް ގާތްވެއްޖެއެވެ."" ދެނެވުނެވެ: އެއީ އެދުވަހުން އަހަރެމެންގެ އަދަދު މަދުކަމުންތޯއެވެ؟ ހަދީޘްކުރެއްވިއެވެ: ""އެހެނެއްކަމަކު ތިޔަބައިމީހުން އެދުވަހުން ވާހުށީ އަދަދު ގިނަ ބަޔަކު ކަމުގައެވެ. އެހެނެއްކަމަކު ތިޔަބައިމީހުން ވާހުށީ ސައިލެއްގެ (މަތީ އޮޔާދާ) ފޮނުގަނޑު ފަދަ ފޮނުގަނޑެއް ކަމުގައެވެ. އަދި ﷲ ތިޔަބައިމީހުންގެ ޢަދުވުގެ މޭތަކުން ތިޔަބައިމީހުންދެކެ އޮތް (ބިރުގަތުމާއި) ހައިބަތު ނިގުޅައިގަންނަވާނެތެވެ. އަދި ތިޔަބައިމީހުންގެ ހިތްތަކަށް 'ވަހަން' ޖައްސަވާ (ފާކުރައްވާ) ހުއްޓެވެ."" ދެންނެވުނެވެ: އޭ ﷲގެ ރަސޫލާއެވެ! އަދި ވަހުނަކީ ކޯޗެއްތޯއެވެ؟ ހަދީޘްކުރެއްވިއެވެ: "" ދުނިޔެއަށް ލޯބިކުރުމާއި މަރަށް ނަފްރަތުކުރުމެވެ.""",
سنن أبي داود,4329,"...ثُمَّ قَالَ رَسُولُ اللَّهِ صَلَّى اللهُ عَلَيْهِ وَسَلَّمَ: «إِنِّي قَدْ خَبَّأْتُ لَكَ خَبِيئَةً» وَخَبَّأَ لَهُ: {يَوْمَ تَأْتِي السَّمَاءُ بِدُخَانٍ مُبِينٍ} [الدخان: 10] ، قَالَ ابْنُ صَيَّادٍ: هُوَ الدُّخُّ، فَقَالَ رَسُولُ اللَّهِ صَلَّى اللهُ عَلَيْهِ وَسَلَّمَ: «اخْسَأْ، فَلَنْ تَعْدُوَ قَدْرَكَ»...""","""....ދެން ރަސޫލާ ޞައްލަﷲ ޢަލައިހި ވަސައްލަމަ ޙަދީޘް ކުރެއްވިއެވެ. ""ހަމަކަށަވަރުން ތިމަންކަލޭގެފާނުގެ ހިތްޕުޅުގައި ކަލެއަށް އެއްޗެއް ފޮރުވައިފީމެވެ."" އެއީ 'ފަހެ، ފާޅުވެގެންވާ ދުމަކާއިގެން އުޑު އަންނަނިވި ދުވަހަށް انتظار ކުރާށެވެ!' (ދުޚާން 10) އެވެ. އެހިނދު އިބްން ޞައްޔާދް ބުންޏެވެ. އެއީ 'ދުޚް' އެވެ! ފަހެ، ރަސޫލާ ޞައްލަﷲ ޢަލައިހި ވަސައްލަމަ ޙަދީޘް ކުރެއްވިއެވެ. ""ކަލެއަށް ހަލާކުހުއްޓެވެ! ފަހެ، ކަލޭ ދުވަހަކުވެސް ކަލޭގެ ގަދަރު(ކަނޑައެޅިފައިވާ މިންވަރު) ފަހަނައަޅައެއް ނުދެވޭނެއެވެ.""",
سنن أبي داود,4336,حَدَّثَنَا عَبْدُ اللهِ بْنُ مُحَمَّدٍ النُّفَيْلِيُّ ، نَا يُونُسُ بْنُ رَاشِدٍ ، عَنْ عَلِيِّ بْنِ بَذِيمَةَ ، عَنْ أَبِي عُبَيْدَةَ ، عَنْ عَبْدِ اللهِ بْنِ مَسْعُودٍ قَالَ : قَالَ رَسُولُ اللهِ صَلَّى اللهُ عَلَيْهِ وَسَلَّمَ : إِنَّ أَوَّلَ مَا دَخَلَ النَّقْصُ عَلَى بَنِي إِسْرَائِيلَ كَانَ الرَّجُلُ يَلْقَى الرَّجُلَ فَيَقُولُ : يَا هَذَا ، اتَّقِ اللهَ وَدَعْ مَا تَصْنَعُ ، فَإِنَّهُ لَا يَحِلُّ لَكَ . ثُمَّ يَلْقَاهُ مِنَ الْغَدِ فَلَا يَمْنَعُهُ ذَلِكَ أَنْ يَكُونَ أَكِيلَهُ وَشَرِيبَهُ وَقَعِيدَهُ ، فَلَمَّا فَعَلُوا ذَلِكَ ضَرَبَ اللهُ قُلُوبَ بَعْضِهِمْ بِبَعْضٍ ثُمَّ قَالَ : { لُعِنَ الَّذِينَ كَفَرُوا مِنْ بَنِي إِسْرَائِيلَ عَلَى لِسَانِ دَاوُدَ وَعِيسَى ابْنِ مَرْيَمَ } إِلَى قَوْلِهِ { فَاسِقُونَ } ثُمَّ قَالَ : كَلَّا وَاللهِ لَتَأْمُرُنَّ بِالْمَعْرُوفِ وَلَتَنْهَوُنَّ عَنِ الْمُنْكَرِ ، وَلَتَأْخُذُنَّ عَلَى يَدَيِ الظَّالِمِ ، وَلَتَأْطُرُنَّهُ عَلَى الْحَقِّ أَطْرًا ، وَلَتَقْصُرُنَّهُ عَلَى الْحَقِّ قَصْرًا .,"ނަބިއްޔާ ﷺ ޙަދީޘްކުރެއްވިއެވެ. (إِنَّ أَوَّلَ مَا دَخَلَ النَّقْصُ عَلَى بَنِي إِسْرَائِيلَ كَانَ الرَّجُلُ يَلْقَى الرَّجُلَ فَيَقُولُ يَا هَذَا اتَّقِ اللَّهَ وَدَعْ مَا تَصْنَعُ فَإِنَّهُ لَا يَحِلُّ لَكَ ثُمَّ يَلْقَاهُ مِنْ الْغَدِ فَلَا يَمْنَعُهُ ذَلِكَ أَنْ يَكُونَ أَكِيلَهُ وَشَرِيبَهُ وَقَعِيدَهُ فَلَمَّا فَعَلُوا ذَلِكَ ضَرَبَ اللَّهُ قُلُوبَ بَعْضِهِمْ بِبَعْضٍ) މާނައީ: ""ހަމަކަށަވަރުން އެންމެ ފުރަތަމަ ބަނީ އިސްރާއިލު (ބާގައިގެ) މީހުންނަށް އައި (ދީނީގޮތުން) އުނިކަމަކީ އެބައިމީހުން މީހަކާ ބައްދަލުވެއްޖެނަމަ ބުނެއެވެ. އޭ މިހިރަ މީހާއެވެ. ﷲއަށް ތަގުވާވެރިވާށެވެ. އަދި ތިކުރާ ކަންތައް ދޫކޮށްލާށެވެ. ފަހެ ހަމަކަށަވަރުން ތިއީ ކަލެއަށް ކުރުން ހުއްދަވެގެންވާ ކަމެއްނޫނެވެ. އެޔަށްފަހެ އޭނާ ފަހުން އަނެއްކާވެސް އެމީހާއާ ބައްދަލުވެއެވެ. އަދި އޭނާ (ކުރިން މަނާކުރިފަދައިން އެމުންކަރާތުގެ) އެނުބައިކަމުގެ މައްޗަށް މަނާނުކުރެއެވެ. އެއީ އޭނާއާއި އެކު ކައި ބޮއެ މަޖިލީސްކޮށް އެކުއުޅުމަށް ޓަކައެވެ. ދެން އެބައިމީހުން އެފަދައިން ކަންތައް ކުރުމުން، ﷲ (ސުބުޙާނަހޫ) އެބައިމީހުންގެ ހިތްތައް އަނެއްބަޔެއްގެ ހިތްތަކާއި އެކު ޙައްގާއިދުރު، ހިތްހަރުބައެއްކަމުގައި ލެއްވިއެވެ.”",
سنن أبي داود,4359,عن سَعدِ بنِ أبي وقَّاصٍ رَضِيَ اللهُ عنه قال: لَمَّا كان يومُ فتحِ مكَّةَ اختبأ عبدُ اللهِ بنُ سعدِ بنِ أبي سَرحٍ عند عُثمانَ بنِ عَفَّانَ، فجاء به حتى أوقفه على النَّبيِّ صلَّى اللهُ عليه وسلَّم، فقال: يا رسولَ اللهِ، بَايِعْ عبدَ اللهِ، فرفع رأْسَه، فنظر إليه، ثلاثًا، كلُّ ذلك يأبى، فبايَعَه بعد ثلاثٍ، ثمَّ أقبل على أصحابِه فقال: ((أمَا كان فيكم رَجُلٌ رَشِيدٌ يقومُ إلى هذا حيثُ رآني كَفَفَتُ يَدِي عن بَيْعَتِه، فيَقْتُلُه؟!)) فقالوا: ما ندري يا رسولَ اللهِ ما في نَفْسِك، ألا أوْمَأْتَ إلينا بعَيْنِك؟ قال: ((إنَّه لا يَنْبَغِي لنبيٍّ أن تكونَ له خائنةُ الأَعْيُنِ)),"ސަޢުދު ބިން އަބޫ ވައްގާޞް ރަޟިޔަﷲ ޢަންހުގެ ކިބައިން ރިވާވެގެންވެއެވެ. އެކަލޭގެފާނު ވިދާޅުވިއެވެ: ""މައްކާ ފަތަޙަ ކުރެއްވި ދުވަހު ޢަބްދުﷲ ބިން އަބީ ޝަރްޙު ޢުޘްމާން ރަޟިޔަﷲ ޢަންހުގެ އަރިހަށް ވަދެ ފިލިއެވެ. ދެން އުޘްމާން ރަޟިޔަﷲ ޢަންހު އޭނާ ގޮވައިގެން އައިސް ނަބިއްޔާ ﷺ ގެ ކުރިމައްޗަށް ޙާޟިރުކޮށްފިއެވެ. އަދި ދެންނެވިއެވެ: އޭ ރަސޫލުފﷲއެވެ. ޢަބްދުﷲއަށް ބައިޢަތު ހިއްޕަވާށެވެ. ދެން ރަސޫލާ ﷺ ތިން ފަހަރު އިސްއުފުލައި އޭނާއަށް ބަލާލިއެވެ. އެއިން ކޮންމެ ފަހަރަކުވެސް (ބައިޢާ ހިއްޕެވުމަށް) ދެކޮޅު ހައްދަވައެވެ. އަދި ތިން ވަނަ ފަހަރަށް ފަހު ބައިޢަތު ހިއްޕެވިއެވެ. އެޔަށްފަހު އެކަލޭގެފާނުގެ އަޞްޙާބު ބޭކަލުންނަށް ޙަދީޘްކުރެއްވިއެވެ: ""މީނާއަށް ބައިއަތު ހިފުމަށް ތިމަންކަލޭގެފާނު ދުރުވެގަންތަން ފެނުމުން ތެދުވެ، އޭނާ ގަތުލުކޮށްލަން ކެރޭވަރު ބުއްދިވެރި ފިރިހެނަކު ތިޔަބައިމީހުން ތެރޭން ނުވަނީ ހެއްޔެވެ؟"" ޞަޙާބީ ބޭކަލުން ދެންނެވިއެވެ: ކަލޭގެފާނުގެ ހިތްޕުޅުގައިވާ އެއްޗެއް ތިމަންބޭކަލުންނަކަށް ނޭނގެއެވެ. ކަލޭގެފާނުގެ ލޮލުން އިޝާރާތެއް ކޮށްލެއްވިނަމަ ނޫންތޯއެވެ؟ ޙަދީޘްކުރެއްވިއެވެ: ""ހަމަކަށަވަރުން ނަބީ ބޭކަލަކަށް ލޯތަކުންވާ ޚިޔާނާތްތެރިކަން (ލޮލުން އިޝާރާތުން އެހެން އަމަލުކުރަން) އެކަށީގެން ނުވެއެވެ""",
سنن أبي داود,4361,عنِ ابْنِ عَبَّاسٍ؛ - أَنَّ أَعْمَى كَانَتْ لَهُ أُمُّ وَلَدَ تَشْتُمُ النَّبِيَّ ﷺ وَتَقَعُ فِيهِ، فَيَنْهَاهَا، فَلَا تَنْتَهِي، فَلَمَّا كَانَ ذَاتَ لَيْلَةٍ أَخْذَ الْمِعْوَلَ، فَجَعَلَهُ فِي بَطْنِهَا، وَاتَّكَأَ عَلَيْهَا. فَقَتَلَهَا فَبَلَغَ ذَلِكَ النَّبِيَّ ﷺ فَقَالَ: «أَلَا اشْهَدُوا أَنَّ دَمَهَا هَدَرٌ».,"އިބުނު ޢައްބާސް ރަޟިޔަﷲ ޢަންހުގެ ކިބައިން ރިވާވެގެންވެއެވެ. ހަމަކަށަވަރުން ލޯފަން ބޭކަލެއް އެކަލޭގެފާނުގެ ދަރިންގެ މަންމަ ކަމުގައިވާ އަޅުއަންހެނެއް (ނުވަތަ އެކަލޭގެފާނުގެ އަންހެނުން) ނަބިއްޔާ ﷺ އަށް ފުރައްސާރަކޮށް ބަދުބަސް ބުނެ އުޅުނެވެ. އަދި އެކަލޭގެފާނު އެއަންހެނާއަށް އެކަން ނަހީކޮށް އުޅެއެވެ. އެކަމަކު އެއަންހެނާ އެކަމެއް ނުހުއްޓައެވެ. ދެން އެއްރެޔަކު މިޢުވަލް(ދެކޮޅަށް މިޔަ އޮންނަ ކޯރާޑިވައްތަރު އޮޑައެއް) ނަގާ އަންހެނާގެ ބަނޑުގައި އަޅައި އޭގެ މައްޗަށް އޮބާގެންނެވިއެވެ. އަދި އެއަންހެނާ ގަތުލުކޮށްފިއެވެ. ދެން އެވާހަކަ ނަބިއްޔާ ﷺ ގެ އަރިހަށް ފޯރައިފިއެވެ. ދެން ޙަދީޘްކުރެއްވިއެވެ: ""ދަންނާށެވެ. ތިޔަބައިމީހުން ހެކިވާށެވެ. ހަމަކަށަވަރުން އަންހެނާގެ ލެޔަށް އެއްވެސް ދިޔައެއް ނުވަތަ ކައްފާރާއެއް ދައްކާކަށް ނުޖެހޭނެއެވެ""",
سنن أبي داود,4401,"""رُفِعَ الْقَلَمُ عَنْ ثَلَاثَةٍ، عَنِ الْمَجْنُونِ الْمَغْلُوبِ عَلَى عَقْلِهِ حَتَّى يَفِيقَ، وَعَنِ النَّائِمِ حَتَّى يَسْتَيْقِظَ، وَعَنِ الصَّبِيِّ حَتَّى يَحْتَلِمَ""","""ތިން މީހެއްގެ މަތީން ގަލަމް އުފުލިގެންވެއެވެ. (އެބަހީ:އެފަރާތްތަކުގެ އަމަލުތައް ނުލިއުއްވައެވެ.) އެއީ މޮޔަމީހާ މޮޔަކަންފިލާ ހޭވެރިވަންދެން، އަދި ނިދާފައިވާމީހާ ނިދިން ހޭލަންދެން، އަދި ކުޑަކުއްޖާ ބާލިޣުވަންދެނެވެ.""",
سنن أبي داود,4604,حَدَّثَنَا عَبْدُ الْوَهَّابِ بْنُ نَجْدَةَ، نَا أَبُو عَمْرِو بْنُ كَثِيرِ بْنِ دِينَارٍ، عَنْ حَرِيزِ بْنِ عُثْمَانَ، عَنْ عَبْدِ الرَّحْمَنِ بْنِ أَبِي عَوْفٍ، عَنِ الْمِقْدَامِ بْنِ مَعْدِيكَرِبَ، عَنْ رَسُولِ اللهِ ﷺ أَنَّهُ قَالَ: أَلَا إِنِّي أُوتِيتُ الْكِتَابَ وَمِثْلَهُ مَعَهُ، أَلَا يُوشِكُ رَجُلٌ شَبْعَانُ عَلَى أَرِيكَتِهِ يَقُولُ عَلَيْكُمْ بِهَذَا الْقُرْآنِ، فَمَا وَجَدْتُمْ فِيهِ مِنْ حَلَالٍ فَأَحِلُّوهُ، وَمَا وَجَدْتُمْ فِيهِ مِنْ حَرَامٍ فَحَرِّمُوهُ، أَلَا لَا يَحِلُّ لَكُمُ الْحِمَارُ الْأَهْلِيُّ، وَلَا كُلُّ ذِي نَابٍ مِنَ السَّبُعِ، وَلَا لُقَطَةُ مُعَاهَدٍ إِلَّا أَنْ يَسْتَغْنِيَ عَنْهَا صَاحِبُهَا، وَمَنْ نَزَلَ بِقَوْمٍ فَعَلَيْهِمْ أَنْ يَقْرُوهُ، فَإِنْ لَمْ يَقْرُوهُ فَلَهُ أَنْ يُعْقِبَهُمْ بِمِثْلِ قِرَاهُ.,އަލްމިގްދާމު ބިން މަޢުދީ ކަރިބު ރިވާ ކުރެއްވިއެވެ: ރަސޫލު ﷲ ﷺ ޙަދީޘް ކުރެއްވިއެވެ: ”ދަންނާށެވެ! ހަމަކަށަވަރުން ތިމަން ނަބިއްޔާއަށް ގުރްއާނާއެކު ހަމަ އެފަދަ އެހެން އެއްޗެއް (އެބަހީ: ސުންނަތް) ދެވުނެވެ. ދަންނާށެވެ! ބަނޑުފުރައި ކައައިގެން ސޮފާއެނދެއްގައި ލެނގިލައިގެން އިން މީހަކު، މިފަދައިން ބުނާނެ ދުވަސް ގާތްވެއްޖެއެވެ: ތިޔަބައިމީހުންގެ މައްޗަށް އޮތީ (ހަމައެކަނި) މި ގުރްއާނަށް ތަބާވުމެވެ. ވީމާ އޭގައި ޙަލާލު ކަމަށް ތިޔަބައިމީހުންނަށް ފެނުނު އެއްޗެއް ޙަލާލު ކަމަށް ދެކޭށެވެ. އަދި އޭގައި ޙަރާމް ކަމަށް ތިޔަބައިމީހުންނަށް ފެނުނު އެއްޗެއް ޙަރާމް ކަމަށް ދެކޭށެވެ.‘ ދަންނާށެވެ! ހިމާރު މަހާއި، ފޭރާދަތް ހުންނަ ޝިކާރަ ކުރާ ޖަނަވާރުގެ މަސް ކެއުން ތިޔަބައިމީހުންނަކަށް ހުއްދަވެގެނެއް ނުވެއެވެ. އަދި (ހަނގުރާމަ ނުކުރުމަށް) މުޢާހަދާއެއް ކުރެވުނު މީހެއްގެ އަތުން (ވެއްޓި) ގެއްލުނު އެއްޗެއް ހޮވުން ތިޔަބައިމީހުންނަކަށް ހުއްދަވެގެނެއް ނުވެއެވެ. އެއީ އޭގެ ވެރި ފަރާތް އޭތި ބޭނުން ނުވާ ހާލު މެނުވީއެވެ. އަދި ބަޔެއްގެ ގާތުގައި މީހަކު މަޑުކޮށްފި ނަމަ، އެ ބަޔަކަށް އޮތީ އޭނާއަށް މެހެމާންދާރީ އަދާކުރުމެވެ. އަދި އަދާ ނުކޮށްފި ނަމަ، އޭނާއަށް އޭގެ ބަދަލު ލިބުން ހުއްޓެވެ.“,
سنن أبي داود,4604,حَدَّثَنَا عَبْدُ الْوَهَّابِ بْنُ نَجْدَةَ، نَا أَبُو عَمْرِو بْنُ كَثِيرِ بْنِ دِينَارٍ، عَنْ حَرِيزِ بْنِ عُثْمَانَ، عَنْ عَبْدِ الرَّحْمَنِ بْنِ أَبِي عَوْفٍ، عَنِ الْمِقْدَامِ بْنِ مَعْدِيكَرِبَ، عَنْ رَسُولِ اللهِ ﷺ أَنَّهُ قَالَ: أَلَا إِنِّي أُوتِيتُ الْكِتَابَ وَمِثْلَهُ مَعَهُ، أَلَا يُوشِكُ رَجُلٌ شَبْعَانُ عَلَى أَرِيكَتِهِ يَقُولُ عَلَيْكُمْ بِهَذَا الْقُرْآنِ، فَمَا وَجَدْتُمْ فِيهِ مِنْ حَلَالٍ فَأَحِلُّوهُ، وَمَا وَجَدْتُمْ فِيهِ مِنْ حَرَامٍ فَحَرِّمُوهُ، أَلَا لَا يَحِلُّ لَكُمُ الْحِمَارُ الْأَهْلِيُّ، وَلَا كُلُّ ذِي نَابٍ مِنَ السَّبُعِ، وَلَا لُقَطَةُ مُعَاهَدٍ إِلَّا أَنْ يَسْتَغْنِيَ عَنْهَا صَاحِبُهَا، وَمَنْ نَزَلَ بِقَوْمٍ فَعَلَيْهِمْ أَنْ يَقْرُوهُ، فَإِنْ لَمْ يَقْرُوهُ فَلَهُ أَنْ يُعْقِبَهُمْ بِمِثْلِ قِرَاهُ.,އަލްމިގްދާމު ބިން މަޢުދީ ކަރިބު ރިވާ ކުރެއްވިއެވެ: ރަސޫލު ﷲ ﷺ ޙަދީޘް ކުރެއްވިއެވެ: ”ދަންނާށެވެ! ހަމަކަށަވަރުން ތިމަން ނަބިއްޔާއަށް ގުރްއާނާއެކު ހަމަ އެފަދަ އެހެން އެއްޗެއް (އެބަހީ: ސުންނަތް) ދެވުނެވެ. ދަންނާށެވެ! ބަނޑުފުރައި ކައައިގެން ސޮފާއެނދެއްގައި ލެނގިލައިގެން އިން މީހަކު، މިފަދައިން ބުނާނެ ދުވަސް ގާތްވެއްޖެއެވެ: ތިޔަބައިމީހުންގެ މައްޗަށް އޮތީ (ހަމައެކަނި) މި ގުރްއާނަށް ތަބާވުމެވެ. ވީމާ އޭގައި ޙަލާލު ކަމަށް ތިޔަބައިމީހުންނަށް ފެނުނު އެއްޗެއް ޙަލާލު ކަމަށް ދެކޭށެވެ. އަދި އޭގައި ޙަރާމް ކަމަށް ތިޔަބައިމީހުންނަށް ފެނުނު އެއްޗެއް ޙަރާމް ކަމަށް ދެކޭށެވެ.‘ ދަންނާށެވެ! ހިމާރު މަހާއި، ފޭރާދަތް ހުންނަ ޝިކާރަ ކުރާ ޖަނަވާރުގެ މަސް ކެއުން ތިޔަބައިމީހުންނަކަށް ހުއްދަވެގެނެއް ނުވެއެވެ. އަދި (ހަނގުރާމަ ނުކުރުމަށް) މުޢާހަދާއެއް ކުރެވުނު މީހެއްގެ އަތުން (ވެއްޓި) ގެއްލުނު އެއްޗެއް ހޮވުން ތިޔަބައިމީހުންނަކަށް ހުއްދަވެގެނެއް ނުވެއެވެ. އެއީ އޭގެ ވެރި ފަރާތް އޭތި ބޭނުން ނުވާ ހާލު މެނުވީއެވެ. އަދި ބަޔެއްގެ ގާތުގައި މީހަކު މަޑުކޮށްފި ނަމަ، އެ ބަޔަކަށް އޮތީ އޭނާއަށް މެހެމާންދާރީ އަދާކުރުމެވެ. އަދި އަދާ ނުކޮށްފި ނަމަ، އޭނާއަށް އޭގެ ބަދަލު ލިބުން ހުއްޓެވެ.“,
سنن أبي داود,4605,حَدَّثَنَا أَحْمَدُ بْنُ مُحَمَّدِ بْنِ حَنْبَلٍ وَعَبْدُ اللهِ بْنُ مُحَمَّدٍ النُّفَيْلِيُّ قَالَا: نَا سُفْيَانُ، عَنْ أَبِي النَّضْرِ، عَنْ عُبَيْدِ اللهِ بْنِ أَبِي رَافِعٍ، عَنْ أَبِيهِ، عَنِ النَّبِيِّ ﷺ قَالَ: لَا أُلْفِيَنَّ أَحَدَكُمْ مُتَّكِئًا عَلَى أَرِيكَتِهِ يَأْتِيهِ الْأَمْرُ مِنْ أَمْرِي مِمَّا أَمَرْتُ بِهِ أَوْ نَهَيْتُ عَنْهُ، فَيَقُولُ: لَا نَدْرِي مَا وَجَدْنَا فِي كِتَابِ اللهِ اتَّبَعْنَاهُ.,އަބޫ ރާފިޢު ރިވާ ކުރެއްވިއެވެ: ނަބިއްޔާ ﷺ ޙަދީޘް ކުރެއްވިއެވެ: ”ކުރުމަށް އަންގަވާފައިވާ ތިމަން ނަބިއްޔާގެ އަމުރެއް ނުވަތަ ނުކުރުމަށް އަންގަވާފައިވާ ނަހީއެއް، ތިޔަބައިމީހުންގެ ތެރެއިން މީހަކާ ހިސާބަށް ފޯރުމުން، ސޯފާއެނދެއްގައި ލެނގިލައިގެން އިނދެ މިފަދައިން ބުނަނިކޮށް ތިމަންނަބިއްޔާއަށް ފެނިގެން ނުވާނެއެވެ: ތިމަންމެންނަކަށް ނޭނގެއެވެ. ތިމަންމެންނަށް ﷲގެ ފޮތުގައި ފެނުނު އެއްޗެއް ނަމަ އެއަށް ދެން ތިމަންމެން ތަބާވާނީއެވެ.“,
سنن أبي داود,4605,حَدَّثَنَا أَحْمَدُ بْنُ مُحَمَّدِ بْنِ حَنْبَلٍ وَعَبْدُ اللهِ بْنُ مُحَمَّدٍ النُّفَيْلِيُّ قَالَا: نَا سُفْيَانُ، عَنْ أَبِي النَّضْرِ، عَنْ عُبَيْدِ اللهِ بْنِ أَبِي رَافِعٍ، عَنْ أَبِيهِ، عَنِ النَّبِيِّ ﷺ قَالَ: لَا أُلْفِيَنَّ أَحَدَكُمْ مُتَّكِئًا عَلَى أَرِيكَتِهِ يَأْتِيهِ الْأَمْرُ مِنْ أَمْرِي مِمَّا أَمَرْتُ بِهِ أَوْ نَهَيْتُ عَنْهُ، فَيَقُولُ: لَا نَدْرِي مَا وَجَدْنَا فِي كِتَابِ اللهِ اتَّبَعْنَاهُ.,އަބޫ ރާފިޢު ރިވާ ކުރެއްވިއެވެ: ނަބިއްޔާ ﷺ ޙަދީޘް ކުރެއްވިއެވެ: ”ކުރުމަށް އަންގަވާފައިވާ ތިމަން ނަބިއްޔާގެ އަމުރެއް ނުވަތަ ނުކުރުމަށް އަންގަވާފައިވާ ނަހީއެއް، ތިޔަބައިމީހުންގެ ތެރެއިން މީހަކާ ހިސާބަށް ފޯރުމުން، ސޯފާއެނދެއްގައި ލެނގިލައިގެން އިނދެ މިފަދައިން ބުނަނިކޮށް ތިމަންނަބިއްޔާއަށް ފެނިގެން ނުވާނެއެވެ: ތިމަންމެންނަކަށް ނޭނގެއެވެ. ތިމަންމެންނަށް ﷲގެ ފޮތުގައި ފެނުނު އެއްޗެއް ނަމަ އެއަށް ދެން ތިމަންމެން ތަބާވާނީއެވެ.“,
سنن أبي داود,4607,حَدَّثَنَا أَحْمَدُ بْنُ حَنْبَلٍ، نَا الْوَلِيدُ بْنُ مُسْلِمٍ، نَا ثَوْرُ بْنُ يَزِيدَ حَدَّثَنِي خَالِدُ بْنُ مَعْدَانَ حَدَّثَنِي عَبْدُ الرَّحْمَنِ بْنُ عَمْرٍو السُّلَمِيُّ وَحُجْرُ بْنُ حُجْرٍ قَالَا: أَتَيْنَا الْعِرْبَاضَ بْنَ سَارِيَةَ وَهُوَ مِمَّنْ نَزَلَ فِيهِ { وَلا عَلَى الَّذِينَ إِذَا مَا أَتَوْكَ لِتَحْمِلَهُمْ قُلْتَ لا أَجِدُ مَا أَحْمِلُكُمْ عَلَيْهِ } فَسَلَّمْنَا، وَقُلْنَا: أَتَيْنَاكَ زَائِرِينَ وَعَائِدِينَ وَمُقْتَبِسِينَ، فَقَالَ الْعِرْبَاضُ: صَلَّى بِنَا رَسُولُ اللهِ ﷺ ذَاتَ يَوْمٍ ثُمَّ أَقْبَلَ عَلَيْنَا فَوَعَظَنَا مَوْعِظَةً بَلِيغَةً ذَرَفَتْ مِنْهَا الْعُيُونُ، وَوَجِلَتْ مِنْهَا الْقُلُوبُ، فَقَالَ قَائِلٌ: يَا رَسُولَ اللهِ، كَأَنَّ هَذِهِ مَوْعِظَةُ مُوَدِّعٍ، فَمَاذَا تَعْهَدُ إِلَيْنَا؟ فَقَالَ: أُوصِيكُمْ بِتَقْوَى اللهِ، وَالسَّمْعِ وَالطَّاعَةِ وَإِنْ عَبْدًا حَبَشِيًّا، فَإِنَّهُ مَنْ يَعِشْ مِنْكُمْ بَعْدِي فَسَيَرَى اخْتِلَافًا كَثِيرًا، فَعَلَيْكُمْ بِسُنَّتِي وَسُنَّةِ الْخُلَفَاءِ الرَّاشِدِينَ الْمَهْدِيِّينَ، تَمَسَّكُوا بِهَا وَعَضُّوا عَلَيْهَا بِالنَّوَاجِذِ، وَإِيَّاكُمْ وَمُحْدَثَاتِ الْأُمُورِ فَإِنَّ كُلَّ مُحْدَثَةٍ بِدْعَةٌ وَكُلَّ بِدْعَةٍ ضَلَالَةٌ.,އަލްޢިރްބާޟު ބިން ސާރިޔާ ރިވާ ކުރެއްވިއެވެ: އެއްދުވަހު ތިމަންމެންނައިގެން ރަސޫލު ﷲ ﷺ ނަމާދު ކުރެއްވިއެވެ. އެއަށްފަހު ތިމަންމެންނާ ކުރިމަތިލައްވައިގެން ވަރަށް އަސަރު ގަދަ ވަޢުޡެއް ދެއްވިއެވެ. އެ ވަޢުޡުގެ ސަބަބުން ހިތްތައް ތެޅިގަނެ، ލޯތަކުން ކަރުނަ އޮހޮރިގެން ދިޔައެވެ. ދެން މީހަކު ދެންނެވިއެވެ: އޭ ﷲގެ ރަސޫލާއެވެ. މިއީ ވަދާޢީ ވަޢުޡެއް ފަދައެވެ. ވީމާ ތިމަންމެންނަށް ޢަހުދުކުރުވަނީ ކ ކޮންކަމަކަށްތޯއެވެ؟ ނަބިއްޔާ ޙަދީޘް ކުރެއްވިއެވެ: ”ތިމަން ނަބިއްޔާ ތިޔަބައިމީހުންނަށް ވަޞިއްޔަތް ކުރައްވަނީ، ﷲ އަށް ތަގުވާވެރިވުމަށާއި، އަދި (ތިޔަބައިމީހުންގެ މައްޗަށް) ޙަބަޝީ އަޅަކު (ވެރިކަމަށް އައިކަމުގައި ވިޔަސް އެ ވެރިމީހާގެ) އަޑުއަހައި ކިޔަމަންތެރިވުމަށެވެ. ފަހެ ހަމަކަށަވަރުން، ތިމަން ނަބިއްޔާއަށް ފަހު، ތިޔަބައިމީހުންގެ ތެރެއިން ދިރިހުރި މީހަކަށް ގިނަގުނަވެގެންވާ އިޚްތިލާފުތަކެއް ފެންނާނެއެވެ. ވީމާ، ތިޔަބައިމީހުންގެ މައްޗަށް އޮތީ ތިމަން ނަބިއްޔާގެ ސުންނަތުގައި ހިފެހެއްޓުމެވެ. އަދި ތެދުމަގު ލިބިގެންވާ ޚަލީފާއިންގެ ސުންނަތުގައި ހިފެހެއްޓުމެވެ. ތިޔަބައިމީހުން އެ ސުންނަތުގައި ކޮލުދަތްތަކުން ވަރުގަދައަށް ދަތް އަޅާ ހިފަހައްޓާށެވެ. އަދި (ދީނުގައި) އަލަށް އުފެދިގެން އަންނަ ކަންކަމާ (ބިދުޢަތަކާ) މެދު ސަމާލުވެ ރައްކާތެރިވާށެވެ. އެހެނީ ހަމަކަށަވަރުން، އަލަށް އުފެދިގެން އަންނަ ކޮންމެ ކަމަކީ ބިދުޢައެކެވެ. އަދި ކޮންމެ ބިދުޢައަކީ މަގުފުރެދުމެކެވެ.“,
سنن أبي داود,4607,حَدَّثَنَا أَحْمَدُ بْنُ حَنْبَلٍ، نَا الْوَلِيدُ بْنُ مُسْلِمٍ، نَا ثَوْرُ بْنُ يَزِيدَ حَدَّثَنِي خَالِدُ بْنُ مَعْدَانَ حَدَّثَنِي عَبْدُ الرَّحْمَنِ بْنُ عَمْرٍو السُّلَمِيُّ وَحُجْرُ بْنُ حُجْرٍ قَالَا: أَتَيْنَا الْعِرْبَاضَ بْنَ سَارِيَةَ وَهُوَ مِمَّنْ نَزَلَ فِيهِ { وَلا عَلَى الَّذِينَ إِذَا مَا أَتَوْكَ لِتَحْمِلَهُمْ قُلْتَ لا أَجِدُ مَا أَحْمِلُكُمْ عَلَيْهِ } فَسَلَّمْنَا، وَقُلْنَا: أَتَيْنَاكَ زَائِرِينَ وَعَائِدِينَ وَمُقْتَبِسِينَ، فَقَالَ الْعِرْبَاضُ: صَلَّى بِنَا رَسُولُ اللهِ ﷺ ذَاتَ يَوْمٍ ثُمَّ أَقْبَلَ عَلَيْنَا فَوَعَظَنَا مَوْعِظَةً بَلِيغَةً ذَرَفَتْ مِنْهَا الْعُيُونُ، وَوَجِلَتْ مِنْهَا الْقُلُوبُ، فَقَالَ قَائِلٌ: يَا رَسُولَ اللهِ، كَأَنَّ هَذِهِ مَوْعِظَةُ مُوَدِّعٍ، فَمَاذَا تَعْهَدُ إِلَيْنَا؟ فَقَالَ: أُوصِيكُمْ بِتَقْوَى اللهِ، وَالسَّمْعِ وَالطَّاعَةِ وَإِنْ عَبْدًا حَبَشِيًّا، فَإِنَّهُ مَنْ يَعِشْ مِنْكُمْ بَعْدِي فَسَيَرَى اخْتِلَافًا كَثِيرًا، فَعَلَيْكُمْ بِسُنَّتِي وَسُنَّةِ الْخُلَفَاءِ الرَّاشِدِينَ الْمَهْدِيِّينَ، تَمَسَّكُوا بِهَا وَعَضُّوا عَلَيْهَا بِالنَّوَاجِذِ، وَإِيَّاكُمْ وَمُحْدَثَاتِ الْأُمُورِ فَإِنَّ كُلَّ مُحْدَثَةٍ بِدْعَةٌ وَكُلَّ بِدْعَةٍ ضَلَالَةٌ.,އަލްޢިރްބާޟު ބިން ސާރިޔާ ރިވާ ކުރެއްވިއެވެ: އެއްދުވަހު ތިމަންމެންނައިގެން ރަސޫލު ﷲ ﷺ ނަމާދު ކުރެއްވިއެވެ. އެއަށްފަހު ތިމަންމެންނާ ކުރިމަތިލައްވައިގެން ވަރަށް އަސަރު ގަދަ ވަޢުޡެއް ދެއްވިއެވެ. އެ ވަޢުޡުގެ ސަބަބުން ހިތްތައް ތެޅިގަނެ، ލޯތަކުން ކަރުނަ އޮހޮރިގެން ދިޔައެވެ. ދެން މީހަކު ދެންނެވިއެވެ: އޭ ﷲގެ ރަސޫލާއެވެ! މިއީ ވަދާޢީ ވަޢުޡެއް ފަދައެވެ. ވީމާ ތިމަންމެންނަށް ޢަހުދުކުރުވަނީ ކ ކޮންކަމަކަށްތޯއެވެ؟ ނަބިއްޔާ ޙަދީޘް ކުރެއްވިއެވެ: ”ތިމަން ނަބިއްޔާ ތިޔަބައިމީހުންނަށް ވަޞިއްޔަތް ކުރައްވަނީ، ﷲ އަށް ތަގުވާވެރިވުމަށާއި، އަދި (ތިޔަބައިމީހުންގެ މައްޗަށް) ޙަބަޝީ އަޅަކު (ވެރިކަމަށް އައިކަމުގައި ވިޔަސް އެ ވެރިމީހާގެ) އަޑުއަހައި ކިޔަމަންތެރިވުމަށެވެ. ފަހެ ހަމަކަށަވަރުން، ތިމަން ނަބިއްޔާއަށް ފަހު، ތިޔަބައިމީހުންގެ ތެރެއިން ދިރިހުރި މީހަކަށް ގިނަގުނަވެގެންވާ އިޚްތިލާފުތަކެއް ފެންނާނެއެވެ. ވީމާ، ތިޔަބައިމީހުންގެ މައްޗަށް އޮތީ ތިމަން ނަބިއްޔާގެ ސުންނަތުގައި ހިފެހެއްޓުމެވެ. އަދި ތެދުމަގު ލިބިގެންވާ ޚަލީފާއިންގެ ސުންނަތުގައި ހިފެހެއްޓުމެވެ. ތިޔަބައިމީހުން އެ ސުންނަތުގައި ކޮލުދަތްތަކުން ވަރުގަދައަށް ދަތް އަޅާ ހިފަހައްޓާށެވެ. އަދި (ދީނުގައި) އަލަށް އުފެދިގެން އަންނަ ކަންކަމާ (ބިދުޢަތަކާ) މެދު ސަމާލުވެ ރައްކާތެރިވާށެވެ. އެހެނީ ހަމަކަށަވަރުން، އަލަށް އުފެދިގެން އަންނަ ކޮންމެ ކަމަކީ ބިދުޢައެކެވެ. އަދި ކޮންމެ ބިދުޢައަކީ މަގުފުރެދުމެކެވެ.“,
سنن أبي داود,4607,فإن كل محدثة بدعة وكل بدعة ضلالة,“ދީނުގައި އަލަށް އުފެދިގެން އަންނަ ކޮންމެ ކަމަކީ ބިދުޢައެކެވެ. އަދި ކޮންމެ ބިދުޢައަކީ މަގު ފުރެދުމެކެވެ.”,
سنن أبي داود,4607,وإياكم ومحدثاتِ الأمورِ فإن كلَّ محدثةٍ بدعةٌ وكلَّ بدعةٍ ضلالةٌ,ދީނުގައި އަލަށްއުފައްދާ ކަންކަމަށް ތިޔަބައި މީހުން ބިރުވެތިވެ، އެކަންކަމާއި ގާތްނުވާށެވެ. ހަމަކަށަވަރުން ދީނުގައި އަލަށް އުފައްދާ ކޮންމެ ކަމަކީ ބިދުޢައެވެ. އަދި ކޮންމެ ބިދުޢައަކީ މަގުފުރެދުމެކެވެ.” އަދި މިޙަދީޘްގެ ބައެއް ރިވާޔަތުގައި ވަނީ، “ކޮންމެ މަގުފުރެދުމަކީ ނަރަކައިގައިވާ ކަމެކެވެ.,
سنن أبي داود,4738,"إِذَا تَكَلَّمَ اللَّهُ بِالْوَحْىِ سَمِعَ أَهْلُ السَّمَاءِ لِلسَّمَاءِ صَلْصَلَةً كَجَرِّ السِّلْسِلَةِ عَلَى الصَّفَا فَيُصْعَقُونَ، فَلاَ يَزَالُونَ كَذَلِكَ حَتَّى يَأْتِيَهُمْ جِبْرِيلُ حَتَّى إِذَا جَاءَهُمْ جِبْرِيلُ فُزِّعَ عَنْ قُلُوبِهِمْ "" . قَالَ : "" فَيَقُولُونَ : يَا جِبْرِيلُ مَاذَا قَالَ رَبُّكَ فَيَقُولُ : الْحَقَّ فَيَقُولُونَ :",ސިލްސިލާކޮށް އަޑުއިވިގެންދާ ގުގުރީގެ އަޑުފަދައިން މަލާއިކަތުންނަށް ﷲގެ ކަލާމްފުޅު އަޑުއިވިިގެންދެއެވެ. ފަހެ އޭގެ ސަބަބުން އެބޭކަލުން ހޭނެތިގެން ވެއްޓިދެއެވެ. ދެން އެބޭކަލުންގެ ހިތްޕުޅަށް ހަމަޖެހުން ލިބުމުން ވިދާޅުވެއެވެ.” “އެބޭކަލުން ދަންނަވައެވެ. ތިޔަބައިމީހުންގެ ރައްބު ވަހީކުރެއްވީ ކީކޭތޯއެވެ؟ އެތަނުން ބަޔަކު ބުނާނެއެވެ. ޙައްގެއެވެ! (އެކަލާނގެ ވަހީކުރެއްވީ ޙައްގެއެވެ.) ދެންފަހެ ހުރިހާބޭކަލުންވެސް ޙައްގު ޙައްގުއޭ ކިޔާ މުނާދާ އިއްވާނެއެވެ.,
سنن أبي داود,4825,"""عَنْ جَابِرِ بْنِ سَمُرَةَ، قَالَ: «كُنَّا إِذَا أَتَيْنَا النَّبِيَّ صَلَّى اللهُ عَلَيْهِ وَسَلَّمَ، جَلَسَ أَحَدُنَا حَيْثُ يَنْتَهِي»""","""ޖާބިރު ބުން ސަމުރާގެ ކިބައިން ރިވާވެގެންވެއެވެ. އެކަލޭގެފާނު ވިދާޅުވިއެވެ. ""އަހަރެމެން ނަބިއްޔާ ޞައްލަﷲ ޢަލައިހި ވަސައްލަމަގެ މަޖިލީހަށް ޙާޟިރުވެ އިށީންނަނީ ފަހަތުގައި (ޖާގައޮތް ހިސާބެއްގައި)އެވެ.""",
سنن أبي داود,4825,"""عَنْ جَابِرِ بْنِ سَمُرَةَ، قَالَ: «كُنَّا إِذَا أَتَيْنَا النَّبِيَّ صَلَّى اللهُ عَلَيْهِ وَسَلَّمَ، جَلَسَ أَحَدُنَا حَيْثُ يَنْتَهِي»""","""ޖާބިރު ބުން ސަމުރާގެ ކިބައިން ރިވާވެގެންވެއެވެ. އެކަލޭގެފާނު ވިދާޅުވިއެވެ. ""އަހަރެމެން ނަބިއްޔާ ޞައްލަﷲ ޢަލައިހި ވަސައްލަމަގެ މަޖިލީހަށް ޙާޟިރުވެ އިށީންނަނީ ފަހަތުގައި (ޖާގައޮތް ހިސާބެއްގައި)އެވެ.""",
سنن أبي داود,4826,""" أَنَّ رَسُولَ اللَّهِ صَلَّى اللهُ عَلَيْهِ وَسَلَّمَ: لَعَنَ مَنْ جَلَسَ وَسْطَ الْحَلْقَةِ ""","""ރަސޫލާ ޞައްލަﷲ ޢަލައިހި ވަސައްލަމަ، މަޖީލެއްގައި ތިބި މީހުންގެ ދިމާމެދުގައި އައިސް އިށީންނަ މީހާއަށް ލަޢުނަތް ލެއްވިއެވެ.""",
سنن أبي داود,4844,"""لَا يُجْلَسْ بَيْنَ رَجُلَيْنِ إِلَّا بِإِذْنِهِمَا""","""މަޖިލީހެއްގައި ތިބި ދެމީހެއްގެ ދެމެދުގައި އެދެމީހުންގެ ހުއްދައަކާ ނުލައި ނުއިންނަހުށިކަމެވެ.""",
سنن أبي داود,4878,"عَنْ أَنَسِ بْنِ مَالِكٍ، قَالَ: قَالَ رَسُولُ اللَّهِ صَلَّى اللهُ عَلَيْهِ وَسَلَّمَ: "" لَمَّا عُرِجَ بِي مَرَرْتُ بِقَوْمٍ لَهُمْ أَظْفَارٌ مِنْ نُحَاسٍ يَخْمُشُونَ وُجُوهَهُمْ وَصُدُورَهُمْ، فَقُلْتُ: مَنْ هَؤُلَاءِ يَا جِبْرِيلُ، قَالَ [ص:270]: هَؤُلَاءِ الَّذِينَ يَأْكُلُونَ لُحُومَ النَّاسِ، وَيَقَعُونَ فِي أَعْرَاضِهِمْ ""","""އަނަސް ބުން މާލިކްގެފާނު އަރިހުން ރިވާވެގެންވެއެވެ. އެކަލޭގެފާނު ވިދާޅުވިއެވެ. ރަސޫލާ ޞައްލަﷲ ޢަލައިހި ވަސައްލަމަ ޙަދީޘް ކުރެއްވިއެވެ. ""ތިމަންކަލޭގެފާނު މިޢުރާޖަށް އެރުއްވުނު ހިނދު ލޮއިންވާ ނިޔަފަތިތަކެއްގެ ވެރިބަޔެއްގެ ކައިރިން ވަޑައިގަތީމެވެ. އެހިނދު އެމީހުން އެމީހުންގެ ވަކިތަކުން މޫނާއި މޭމަތީގައި ވަކި އަޅައި ވީދަނީއެވެ. ތިމަންކަލޭގެފާނު ޖިބްރީލްގެފާނު އަރިހުން އެއްސެވީމެވެ. މިއީ ކޮންބައެއްތޯއެވެ. ޖިބްރީލްގެފާނު ދެންނެވިއެވެ. މިއީ މީސްތަކުންގެ މަސްކައި މީހުންގެ އަބުރަށް އަރައިގަނެ އުޅުނު މީސްތަކުންނެވެ.""",
سنن أبي داود,4918,حَدَّثَنَا الرَّبِيعُ بْنُ سُلَيْمَانَ الْمُؤَذِّنُ ، نَا ابْنُ وَهْبٍ ، عَنْ سُلَيْمَانَ يَعْنِي ابْنَ بِلَالٍ ، عَنْ كَثِيرِ بْنِ زَيْدٍ ، عَنِ الْوَلِيدِ بْنِ رَبَاحٍ ، عَنْ أَبِي هُرَيْرَةَ ، عَنْ رَسُولِ اللهِ صَلَّى اللهُ عَلَيْهِ وَسَلَّمَ : الْمُؤْمِنُ مِرْآةُ الْمُؤْمِنِ ، وَالْمُؤْمِنُ أَخُو الْمُؤْمِنِ ، يَكُفُّ عَلَيْهِ ضَيْعَتَهُ وَيَحُوطُهُ مِنْ وَرَائِهِ .,"(الْمُؤْمِنُ مِرْآةُ الْمُؤْمِنِ) މާނައީ: ""މުއުމިނަކީ އަނެއް މުއުމިނުގެ މޫނު ބަލާ ލޯގަނޑެވެ."" رواه أبو داود في السنن والبخاري في أدب المفرد.",
سنن أبي داود,4919,ألَا أُخبِرُكم بأفضَلَ مِن درجةِ الصِّيامِ والصَّلاةِ والصَّدقةِ؟ قالوا: بلى، قال: إصلاحُ ذاتِ البَيْنِ، وفسادُ ذاتِ البَيْنِ، الحالقةُ.,ސުންނަތް ރޯދަ ހިފުމާއި ސުންނަތް ނަމާދުކުރުމާއި ޞަދަގާތްކުރުމަށްވުރެ ހެޔޮކަންބޮޑު އަމަލެއް ތިމަންކަލޭގެފާނު ތިޔަބައިމީހުންނަށް ބަޔާންކޮށްނުދެއްވަންހެއްޔެވެ؟ އަޞްޙާބު ބޭކަލުން ދެންނެވިއެވެ. ނޫނެކެވެ. (ބަޔާންކޮށްދެއްވާށެވެ.) އެކަލޭގެފާނު ޙަދީޘްކުރެއްވިއެވެ. އެއީ ދެމީހުންގެދެމެދު ޞުލްޙަ ކުރުމެވެ. ފަހެ ހަމަކަށަވަރުން ދެމީހުންގެދެމެދު ފަސާދަކުރުމަކީ ނެތިދިޔުމެކެވެ.,
سنن أبي داود,4941,ارحَموا مَن في الأرضِ يَرحَمْكم مَن في السماءِ,ތިޔަބައިމީހުން ބިމުގެ އަހުލުވެރިންނަށް އޯގާވެރިވާށެވެ. އޭރުން އުޑުގެ އަހުލުވެރިން (އެބަހީ:މަލާއިކަތުން) ތިޔަބައިމީހުންނަށް އޯގާވެރިވެވަޑައިގަންނަވާނެއެވެ.,
سنن أبي داود,5055,اقْرَأْ قُلْ يَا أَيُّهَا الْكَافِرُونَ ثُمَّ نَمْ، عَلَى خَاتِمَتِهَا، فَإِنَّهَا بَرَاءَةٌ مِنَ الشِّرْكِ,ނަބިއްޔާ ﷺ ޙަދީޘް ކުރެއްވިއެވެ: ތިބާ، قُلْ يَا أَيُّهَا الْكَافِرُونَ (ކާފިރޫން ސޫރަތް) ކިޔަވާށެވެ. އެއަށްފަހު އެ ސޫރަތް (ކިޔަވާ) ނިމުމުން ނިދާށެވެ. އެހެނީ ހަމަކަށަވަރުން އެ ސޫރަތަކީ ޝިރްކުން ބަރީއަވުމެވެ. [أبو داود 5055],
سنن أبي داود,5088,من قال إذا أصبحَ : بسمِ اللهِ الذي لا يضرُّ مع اسمهِ شيء في الأرضِ ولا في السماءِ ثلاثا ، لم تفجأْهُ فاجئةٌ حتى يمسِي ، وإذا قالها حينَ يمسِي ، لم تفجأْهُ فاجئةٌ حتى يصبحَ,ޢުޘްމާނު ބުން ޢައްފާން ވިދާޅުވިއެވެ. ރަސޫލު ﷲ ﷺ ހަދީޘްކުރައްވަނިކޮށް ތިމަން ކަލޭގެފާނު އަޑުއެއްސެވީމެވެ. މީހަކު “ بِسْمِ اللَّهِ الَّذِي لَا يَضُرُّ مَعَ اسْمِهِ شَيْءٌ فِي الأَرْضِ وَلَا فِي السَّمَاءِ، وَهُوَ السَّمِيعُ العَلِيمُ ” ތިން ފަހަރު ކިޔައިފިނަމަ ހެނދުނުވުމާ ހަމައަށް އޭނާއަށް ކުއްލި ބަލާއެއް ނުޖެހޭނެތެވެ. އަދި މީހަކު ހެނދުނު މިދުއާ ތިން ފަހަރު ކިޔައިފިނަމަ އެނާއަށް ހަވީރުވުމާ ހަމައަށް ކުއްލި ބަލާއެއް ނުޖެހޭނެތެވެ. (އަބޫ ދާވޫދު އަދި އެނޫން ބޭކަލުން) ދުއާގެ މާނަ: “ﷲގެ އިސްމުފުޅުގެ ބަރަކާތުން (ރައްކާތެރިކަން ލިބިގަންނަމެވެ.) އެ އިލާހުގެ އިސްމުފުޅުގެ ބަރަކާތާއެކު ބިމާއި އުޑުން އެއްވެސް އެއްޗަކަށް ގެއްލުމެއް ނުދެވޭނެއެވެ. އަދި އެއިލާހީ މޮޅަށް އައްސަވާވޮޑިގެންވާ މޮޅަށް ދެނެވޮޑިގެންވާ އިލާހެވެ.”,
سنن أبي داود,5090,"""دَعَوَاتُ الْمَكْرُوبِ «اللَّهُمَّ رَحْمَتَكَ أَرْجُو، فَلَا تَكِلْنِي إِلَى نَفْسِي طَرْفَةَ عَيْنٍ، وَأَصْلِحْ لِي شَأْنِي كُلَّهُ، لَا إِلَهَ إِلَّا أَنْتَ""","""ކަންބޮޑުވުމާއި ހިތާމަވެރިކަންތައް މެދުވެރިވެފައިވާ މީހާގެ ދުއާއަކީ 'އޭ ﷲ! އިބަރަސްކަލާނގެ ރަޙްމަތަށް އަޅު އެދެމެވެ. ފަހެ، ލޮލުގެ އެސްފިޔަޖަހާހައި އިރުކޮޅަކަށްވެސް އިބަރަސްކަލާނގެ މިއަޅާ އަށް މިއަޅާގެ ނަފްސު ޙަވާލުނުކުރައްވާށެވެ ! އަދި ހުރިހައި ކަމެއް އިޞްލާޙް ކޮށްދެއްވާށެވެ ! އިބަރަސްކަލާނގެ ފިޔަވައި އެހެން އިލާހަކު ނުވެއެވެ.""",
سنن أبي داود,5090,اللَّهُمَّ رَحْمَتَكَ أَرْجُو فَلَا تَكِلْنِي إِلَى نَفْسِي طَرْفَةَ عَيْنٍ، وَأَصْلِحْ لِي شَأْنِي كُلَّهُ لَا إِلَهَ إِلَّا أَنْتَ,އޭ الله! މިއަޅާ އުއްމީދުކުރަނީ ހަމައެކަނި އިބަ اللهގެ ރަޙްމަތަށެވެ. އެސްފިޔައެއްއެޖަހައިލާ ހިނދުކޮޅަކަށްވެސް މިއަޅާއާ މިއަޅާގެ ނަފުސު ހަވާލުނުކުރައްވާންދޭވެ. އަދި މިއަޅާގެ ހުރިހާކަމެއް މިއަޅާއަށް އިޞްލާޙުކޮށްދެއްވާނދޭވެ. އިބަ الله މެނުވީ އަޅުކަންވެވުން ޙައްގު ވެގެންވާ އެހެން އެއްވެސް އިލާހަކުނުވެއެވެ.,
سنن أبي داود,5267,نَهَى رَسُولُ اللَّهِ ـ صلى الله عليه وسلم ـ عَنْ قَتْلِ أَرْبَعٍ مِنَ الدَّوَابِّ النَّمْلَةِ وَالنَّحْلِ وَالْهُدْهُدِ وَالصُّرَدِ,ރަސޫލު ﷲ صَلَّى اللهُ عَلَيْهِ وَسَلَّمْ، ބިމުގައި ހިނގާ ޖަނަވާރުންކުރެ ހަތަރު ވައްތަރެއް މެރުން ނަޙީކުރެއްވިއެވެ. (އެއީ:) ކަނޑަހިނި، މާމުއިކުޅަނދުރާއި ހުދުހުދާ ދޫނި، އަދި ޞުރަދު (އޭކިއުނު) ދޫންޏެވެ.,